"","TIME","ALTERNATIVE"
"1","4107.475156","x264ProductLine"
"2","3617.264113","x264ProductLine"
"3","3927.576822","x264ProductLine"
"4","3746.993906","x264ProductLine"
"5","3854.228905","x264ProductLine"
"6","3935.423281","x264ProductLine"
"7","3977.73953","x264ProductLine"
"8","3817.962969","x264ProductLine"
"9","3789.050468","x264ProductLine"
"10","3693.752238","x264ProductLine"
"11","3822.052395","x264ProductLine"
"12","3890.95776","x264ProductLine"
"13","3656.379269","x264ProductLine"
"14","3755.676145","x264ProductLine"
"15","3349.039059","x264ProductLine"
"16","3681.299218","x264ProductLine"
"17","3762.469634","x264ProductLine"
"18","3795.635415","x264ProductLine"
"19","3953.79354","x264ProductLine"
"20","3215.217447","x264ProductLine"
"21","3699.037708","x264ProductLine"
"22","2830.751249","x264ProductLine"
"23","3499.510571","x264ProductLine"
"24","4138.380153","x264ProductLine"
"25","3419.368071","x264ProductLine"
"26","3763.489998","x264ProductLine"
"27","3460.413436","x264ProductLine"
"28","3804.385571","x264ProductLine"
"29","3366.037552","x264ProductLine"
"30","3761.202811","x264ProductLine"
"31","3397.029322","x264ProductLine"
"32","3837.493593","x264ProductLine"
"33","3714.440415","x264ProductLine"
"34","3662.74578","x264ProductLine"
"35","3741.601978","x264ProductLine"
"36","3734.087551","x264ProductLine"
"37","3462.269738","x264ProductLine"
"38","2831.817448","x264ProductLine"
"39","3854.352187","x264ProductLine"
"40","3413.273904","x264ProductLine"
"41","2896.759218","x264ProductLine"
"42","3978.074269","x264ProductLine"
"43","3619.033906","x264ProductLine"
"44","3795.36104","x264ProductLine"
"45","3651.154791","x264ProductLine"
"46","3876.532082","x264ProductLine"
"47","3705.114998","x264ProductLine"
"48","3801.244217","x264ProductLine"
"49","3638.999583","x264ProductLine"
"50","3939.281874","x264ProductLine"
"51","3838.842446","x264ProductLine"
"52","3534.149582","x264ProductLine"
"53","4225.620415","x264ProductLine"
"54","3787.772029","x264ProductLine"
"55","3756.204322","x264ProductLine"
"56","3964.50927","x264ProductLine"
"57","3496.27703","x264ProductLine"
"58","4020.949791","x264ProductLine"
"59","3876.422551","x264ProductLine"
"60","3923.548486","x264ProductLine"
"61","3859.516665","x264ProductLine"
"62","3546.079426","x264ProductLine"
"63","3891.83052","x264ProductLine"
"64","3539.346822","x264ProductLine"
"65","4421.709321","x264ProductLine"
"66","3739.276457","x264ProductLine"
"67","3282.637811","x264ProductLine"
"68","3602.550936","x264ProductLine"
"69","3391.691666","x264ProductLine"
"70","3492.064062","x264ProductLine"
"71","3792.450467","x264ProductLine"
"72","4001.11453","x264ProductLine"
"73","3197.96578","x264ProductLine"
"74","3819.068176","x264ProductLine"
"75","3404.758854","x264ProductLine"
"76","3664.680624","x264ProductLine"
"77","3712.607551","x264ProductLine"
"78","3758.530883","x264ProductLine"
"79","3921.238125","x264ProductLine"
"80","3582.099895","x264ProductLine"
"81","3499.132083","x264ProductLine"
"82","3759.895467","x264ProductLine"
"83","3386.194374","x264ProductLine"
"84","3791.001561","x264ProductLine"
"85","3686.076664","x264ProductLine"
"86","3821.119426","x264ProductLine"
"87","3859.171509","x264ProductLine"
"88","3940.842342","x264ProductLine"
"89","3466.83901","x264ProductLine"
"90","4135.05828","x264ProductLine"
"91","4008.751717","x264ProductLine"
"92","3676.063018","x264ProductLine"
"93","3783.235052","x264ProductLine"
"94","3768.678957","x264ProductLine"
"95","3026.767708","x264ProductLine"
"96","3311.170416","x264ProductLine"
"97","3999.415259","x264ProductLine"
"98","3994.272239","x264ProductLine"
"99","3744.497655","x264ProductLine"
"100","3652.77104","x264ProductLine"
"101","4968.466092","WgetProductLine"
"102","4930.929373","WgetProductLine"
"103","4895.188385","WgetProductLine"
"104","4459.451456","WgetProductLine"
"105","5522.724321","WgetProductLine"
"106","3443.138176","WgetProductLine"
"107","4909.41354","WgetProductLine"
"108","4809.720414","WgetProductLine"
"109","5081.929164","WgetProductLine"
"110","5287.060154","WgetProductLine"
"111","4923.342029","WgetProductLine"
"112","4699.304425","WgetProductLine"
"113","4190.950311","WgetProductLine"
"114","4512.843852","WgetProductLine"
"115","4768.256093","WgetProductLine"
"116","5221.077706","WgetProductLine"
"117","5077.993488","WgetProductLine"
"118","4200.04479","WgetProductLine"
"119","4271.620206","WgetProductLine"
"120","5237.757238","WgetProductLine"
"121","5176.165884","WgetProductLine"
"122","4824.557288","WgetProductLine"
"123","5382.208435","WgetProductLine"
"124","5128.216144","WgetProductLine"
"125","3624.769582","WgetProductLine"
"126","4856.022135","WgetProductLine"
"127","5225.89703","WgetProductLine"
"128","3334.162603","WgetProductLine"
"129","4488.016456","WgetProductLine"
"130","4853.775103","WgetProductLine"
"131","5168.3838","WgetProductLine"
"132","4729.932654","WgetProductLine"
"133","4056.73755","WgetProductLine"
"134","4393.589842","WgetProductLine"
"135","5286.979843","WgetProductLine"
"136","4884.255623","WgetProductLine"
"137","5034.758123","WgetProductLine"
"138","4809.619269","WgetProductLine"
"139","4770.747445","WgetProductLine"
"140","4719.158593","WgetProductLine"
"141","5196.693383","WgetProductLine"
"142","3460.589217","WgetProductLine"
"143","4608.276561","WgetProductLine"
"144","5066.660987","WgetProductLine"
"145","5275.982914","WgetProductLine"
"146","4825.938435","WgetProductLine"
"147","4213.255258","WgetProductLine"
"148","5052.30979","WgetProductLine"
"149","4418.537603","WgetProductLine"
"150","5006.8663","WgetProductLine"
"151","4990.470988","WgetProductLine"
"152","4606.603019","WgetProductLine"
"153","4859.430361","WgetProductLine"
"154","4106.156353","WgetProductLine"
"155","4648.858749","WgetProductLine"
"156","4084.525466","WgetProductLine"
"157","5199.197394","WgetProductLine"
"158","5179.232342","WgetProductLine"
"159","4456.448124","WgetProductLine"
"160","5102.745675","WgetProductLine"
"161","3500.596509","WgetProductLine"
"162","4293.829739","WgetProductLine"
"163","5047.681146","WgetProductLine"
"164","4727.554425","WgetProductLine"
"165","5107.131874","WgetProductLine"
"166","5286.90781","WgetProductLine"
"167","5174.365728","WgetProductLine"
"168","5113.91177","WgetProductLine"
"169","4449.58953","WgetProductLine"
"170","5435.981196","WgetProductLine"
"171","4349.818227","WgetProductLine"
"172","4345.734113","WgetProductLine"
"173","4587.97151","WgetProductLine"
"174","4999.559425","WgetProductLine"
"175","4819.468852","WgetProductLine"
"176","4477.176041","WgetProductLine"
"177","4636.631717","WgetProductLine"
"178","4902.859633","WgetProductLine"
"179","5103.480884","WgetProductLine"
"180","4022.730468","WgetProductLine"
"181","4603.608851","WgetProductLine"
"182","4692.129686","WgetProductLine"
"183","3098.813124","WgetProductLine"
"184","4886.202289","WgetProductLine"
"185","4672.833227","WgetProductLine"
"186","4695.899165","WgetProductLine"
"187","4683.674322","WgetProductLine"
"188","5340.581769","WgetProductLine"
"189","4991.662706","WgetProductLine"
"190","5115.15906","WgetProductLine"
"191","5221.22453","WgetProductLine"
"192","5019.240415","WgetProductLine"
"193","5364.186925","WgetProductLine"
"194","4978.679946","WgetProductLine"
"195","5059.080883","WgetProductLine"
"196","4099.063593","WgetProductLine"
"197","3645.605103","WgetProductLine"
"198","4422.756196","WgetProductLine"
"199","4272.012812","WgetProductLine"
"200","4448.263853","WgetProductLine"
"201","3420.74552","BerkeleyDBMemoryversionProductLine"
"202","3513.125361","BerkeleyDBMemoryversionProductLine"
"203","3521.668019","BerkeleyDBMemoryversionProductLine"
"204","3357.851197","BerkeleyDBMemoryversionProductLine"
"205","3448.655728","BerkeleyDBMemoryversionProductLine"
"206","3626.465624","BerkeleyDBMemoryversionProductLine"
"207","3549.83229","BerkeleyDBMemoryversionProductLine"
"208","3476.780363","BerkeleyDBMemoryversionProductLine"
"209","3544.470467","BerkeleyDBMemoryversionProductLine"
"210","3609.772812","BerkeleyDBMemoryversionProductLine"
"211","3380.493072","BerkeleyDBMemoryversionProductLine"
"212","3237.673905","BerkeleyDBMemoryversionProductLine"
"213","3141.327239","BerkeleyDBMemoryversionProductLine"
"214","3459.310571","BerkeleyDBMemoryversionProductLine"
"215","3287.392133","BerkeleyDBMemoryversionProductLine"
"216","3467.498176","BerkeleyDBMemoryversionProductLine"
"217","3439.994582","BerkeleyDBMemoryversionProductLine"
"218","3480.747031","BerkeleyDBMemoryversionProductLine"
"219","3497.966925","BerkeleyDBMemoryversionProductLine"
"220","3675.128436","BerkeleyDBMemoryversionProductLine"
"221","3313.934167","BerkeleyDBMemoryversionProductLine"
"222","3692.275936","BerkeleyDBMemoryversionProductLine"
"223","3410.698176","BerkeleyDBMemoryversionProductLine"
"224","3386.950207","BerkeleyDBMemoryversionProductLine"
"225","3489.66229","BerkeleyDBMemoryversionProductLine"
"226","3576.243437","BerkeleyDBMemoryversionProductLine"
"227","3549.538124","BerkeleyDBMemoryversionProductLine"
"228","3401.52776","BerkeleyDBMemoryversionProductLine"
"229","3577.428176","BerkeleyDBMemoryversionProductLine"
"230","3387.314164","BerkeleyDBMemoryversionProductLine"
"231","3367.545415","BerkeleyDBMemoryversionProductLine"
"232","3357.781249","BerkeleyDBMemoryversionProductLine"
"233","3543.739738","BerkeleyDBMemoryversionProductLine"
"234","3351.864321","BerkeleyDBMemoryversionProductLine"
"235","3428.92302","BerkeleyDBMemoryversionProductLine"
"236","3479.257707","BerkeleyDBMemoryversionProductLine"
"237","3491.795937","BerkeleyDBMemoryversionProductLine"
"238","3509.010103","BerkeleyDBMemoryversionProductLine"
"239","3633.914165","BerkeleyDBMemoryversionProductLine"
"240","3586.074998","BerkeleyDBMemoryversionProductLine"
"241","3642.669269","BerkeleyDBMemoryversionProductLine"
"242","3064.483072","BerkeleyDBMemoryversionProductLine"
"243","3350.369477","BerkeleyDBMemoryversionProductLine"
"244","3556.610365","BerkeleyDBMemoryversionProductLine"
"245","3502.675572","BerkeleyDBMemoryversionProductLine"
"246","3336.861457","BerkeleyDBMemoryversionProductLine"
"247","3513.618801","BerkeleyDBMemoryversionProductLine"
"248","3561.333436","BerkeleyDBMemoryversionProductLine"
"249","3420.686093","BerkeleyDBMemoryversionProductLine"
"250","3298.349896","BerkeleyDBMemoryversionProductLine"
"251","3377.024998","BerkeleyDBMemoryversionProductLine"
"252","3489.560051","BerkeleyDBMemoryversionProductLine"
"253","3330.96953","BerkeleyDBMemoryversionProductLine"
"254","3196.081823","BerkeleyDBMemoryversionProductLine"
"255","3169.660468","BerkeleyDBMemoryversionProductLine"
"256","3399.218854","BerkeleyDBMemoryversionProductLine"
"257","3624.51229","BerkeleyDBMemoryversionProductLine"
"258","3602.933332","BerkeleyDBMemoryversionProductLine"
"259","3443.91453","BerkeleyDBMemoryversionProductLine"
"260","3483.906198","BerkeleyDBMemoryversionProductLine"
"261","3494.534791","BerkeleyDBMemoryversionProductLine"
"262","3576.662915","BerkeleyDBMemoryversionProductLine"
"263","3796.667238","BerkeleyDBMemoryversionProductLine"
"264","3375.972031","BerkeleyDBMemoryversionProductLine"
"265","3351.295779","BerkeleyDBMemoryversionProductLine"
"266","3478.079061","BerkeleyDBMemoryversionProductLine"
"267","3293.713957","BerkeleyDBMemoryversionProductLine"
"268","3545.990311","BerkeleyDBMemoryversionProductLine"
"269","3500.930624","BerkeleyDBMemoryversionProductLine"
"270","3573.302655","BerkeleyDBMemoryversionProductLine"
"271","3356.453072","BerkeleyDBMemoryversionProductLine"
"272","3391.913333","BerkeleyDBMemoryversionProductLine"
"273","3207.765415","BerkeleyDBMemoryversionProductLine"
"274","3625.627343","BerkeleyDBMemoryversionProductLine"
"275","3354.324322","BerkeleyDBMemoryversionProductLine"
"276","3503.926666","BerkeleyDBMemoryversionProductLine"
"277","3502.885936","BerkeleyDBMemoryversionProductLine"
"278","3710.804114","BerkeleyDBMemoryversionProductLine"
"279","3386.071301","BerkeleyDBMemoryversionProductLine"
"280","3393.97776","BerkeleyDBMemoryversionProductLine"
"281","3518.466613","BerkeleyDBMemoryversionProductLine"
"282","3671.159061","BerkeleyDBMemoryversionProductLine"
"283","3551.489426","BerkeleyDBMemoryversionProductLine"
"284","3544.69526","BerkeleyDBMemoryversionProductLine"
"285","3211.145155","BerkeleyDBMemoryversionProductLine"
"286","3502.895519","BerkeleyDBMemoryversionProductLine"
"287","3503.306457","BerkeleyDBMemoryversionProductLine"
"288","3466.159479","BerkeleyDBMemoryversionProductLine"
"289","3467.186249","BerkeleyDBMemoryversionProductLine"
"290","3550.872656","BerkeleyDBMemoryversionProductLine"
"291","3767.49203","BerkeleyDBMemoryversionProductLine"
"292","3299.214842","BerkeleyDBMemoryversionProductLine"
"293","3480.671405","BerkeleyDBMemoryversionProductLine"
"294","3442.126769","BerkeleyDBMemoryversionProductLine"
"295","3545.282656","BerkeleyDBMemoryversionProductLine"
"296","3637.448594","BerkeleyDBMemoryversionProductLine"
"297","3300.880727","BerkeleyDBMemoryversionProductLine"
"298","3775.902551","BerkeleyDBMemoryversionProductLine"
"299","3375.420623","BerkeleyDBMemoryversionProductLine"
"300","3299.408957","BerkeleyDBMemoryversionProductLine"
"301","6248.757445","SensorNetworkProductLine"
"302","5671.071352","SensorNetworkProductLine"
"303","5577.897134","SensorNetworkProductLine"
"304","5850.695206","SensorNetworkProductLine"
"305","5415.441353","SensorNetworkProductLine"
"306","5497.646822","SensorNetworkProductLine"
"307","5840.062914","SensorNetworkProductLine"
"308","6054.865414","SensorNetworkProductLine"
"309","5965.326612","SensorNetworkProductLine"
"310","6192.39682","SensorNetworkProductLine"
"311","6290.216144","SensorNetworkProductLine"
"312","5906.859269","SensorNetworkProductLine"
"313","5749.053644","SensorNetworkProductLine"
"314","5922.947394","SensorNetworkProductLine"
"315","5970.474164","SensorNetworkProductLine"
"316","6050.01979","SensorNetworkProductLine"
"317","5931.699686","SensorNetworkProductLine"
"318","6314.943487","SensorNetworkProductLine"
"319","5712.765206","SensorNetworkProductLine"
"320","5662.639164","SensorNetworkProductLine"
"321","6128.782914","SensorNetworkProductLine"
"322","5694.52505","SensorNetworkProductLine"
"323","5856.451039","SensorNetworkProductLine"
"324","5678.950936","SensorNetworkProductLine"
"325","6330.985622","SensorNetworkProductLine"
"326","5756.699113","SensorNetworkProductLine"
"327","5999.061248","SensorNetworkProductLine"
"328","5802.25729","SensorNetworkProductLine"
"329","6141.947237","SensorNetworkProductLine"
"330","5791.868852","SensorNetworkProductLine"
"331","5803.496717","SensorNetworkProductLine"
"332","5338.218488","SensorNetworkProductLine"
"333","5406.687811","SensorNetworkProductLine"
"334","5803.919997","SensorNetworkProductLine"
"335","5720.675935","SensorNetworkProductLine"
"336","5517.983226","SensorNetworkProductLine"
"337","5596.678227","SensorNetworkProductLine"
"338","5554.888696","SensorNetworkProductLine"
"339","5737.25182","SensorNetworkProductLine"
"340","5878.942237","SensorNetworkProductLine"
"341","6206.827394","SensorNetworkProductLine"
"342","5277.525519","SensorNetworkProductLine"
"343","6134.787602","SensorNetworkProductLine"
"344","5616.4888","SensorNetworkProductLine"
"345","5864.64255","SensorNetworkProductLine"
"346","5821.249008","SensorNetworkProductLine"
"347","5657.88333","SensorNetworkProductLine"
"348","6405.96755","SensorNetworkProductLine"
"349","5690.58307","SensorNetworkProductLine"
"350","6647.727134","SensorNetworkProductLine"
"351","6016.057601","SensorNetworkProductLine"
"352","5815.270414","SensorNetworkProductLine"
"353","5898.481248","SensorNetworkProductLine"
"354","6389.915831","SensorNetworkProductLine"
"355","5830.162863","SensorNetworkProductLine"
"356","5864.548279","SensorNetworkProductLine"
"357","5808.565362","SensorNetworkProductLine"
"358","5957.243644","SensorNetworkProductLine"
"359","6039.361143","SensorNetworkProductLine"
"360","5812.38156","SensorNetworkProductLine"
"361","6360.966352","SensorNetworkProductLine"
"362","6242.718382","SensorNetworkProductLine"
"363","5883.996093","SensorNetworkProductLine"
"364","5979.715831","SensorNetworkProductLine"
"365","5797.543591","SensorNetworkProductLine"
"366","5582.333384","SensorNetworkProductLine"
"367","6012.946508","SensorNetworkProductLine"
"368","5794.741925","SensorNetworkProductLine"
"369","6267.902028","SensorNetworkProductLine"
"370","5982.923383","SensorNetworkProductLine"
"371","6222.653748","SensorNetworkProductLine"
"372","5692.993695","SensorNetworkProductLine"
"373","5487.407759","SensorNetworkProductLine"
"374","6333.571403","SensorNetworkProductLine"
"375","6098.678018","SensorNetworkProductLine"
"376","5968.257654","SensorNetworkProductLine"
"377","6262.046768","SensorNetworkProductLine"
"378","5627.897081","SensorNetworkProductLine"
"379","6121.761977","SensorNetworkProductLine"
"380","5843.452863","SensorNetworkProductLine"
"381","5925.591977","SensorNetworkProductLine"
"382","6364.708695","SensorNetworkProductLine"
"383","5695.441455","SensorNetworkProductLine"
"384","5802.497393","SensorNetworkProductLine"
"385","6210.024113","SensorNetworkProductLine"
"386","5651.292185","SensorNetworkProductLine"
"387","5974.829165","SensorNetworkProductLine"
"388","5804.99432","SensorNetworkProductLine"
"389","6255.858331","SensorNetworkProductLine"
"390","5686.2113","SensorNetworkProductLine"
"391","5651.531768","SensorNetworkProductLine"
"392","6132.321769","SensorNetworkProductLine"
"393","6419.110155","SensorNetworkProductLine"
"394","5807.79906","SensorNetworkProductLine"
"395","5987.131455","SensorNetworkProductLine"
"396","5928.675935","SensorNetworkProductLine"
"397","6010.40505","SensorNetworkProductLine"
"398","5822.098643","SensorNetworkProductLine"
"399","6046.58531","SensorNetworkProductLine"
"400","5546.359477","SensorNetworkProductLine"
"401","4959.232446","StrategyMobileGame"
"402","4685.611768","StrategyMobileGame"
"403","5258.835259","StrategyMobileGame"
"404","5164.175674","StrategyMobileGame"
"405","4531.099893","StrategyMobileGame"
"406","5033.960624","StrategyMobileGame"
"407","4999.858486","StrategyMobileGame"
"408","4572.117707","StrategyMobileGame"
"409","4665.232759","StrategyMobileGame"
"410","5600.526456","StrategyMobileGame"
"411","5097.579634","StrategyMobileGame"
"412","4469.141144","StrategyMobileGame"
"413","4948.621039","StrategyMobileGame"
"414","4926.009946","StrategyMobileGame"
"415","5102.489062","StrategyMobileGame"
"416","4905.089895","StrategyMobileGame"
"417","5106.567341","StrategyMobileGame"
"418","4660.965727","StrategyMobileGame"
"419","5031.37526","StrategyMobileGame"
"420","5368.199477","StrategyMobileGame"
"421","4938.766353","StrategyMobileGame"
"422","5244.074321","StrategyMobileGame"
"423","4959.558592","StrategyMobileGame"
"424","4753.186612","StrategyMobileGame"
"425","5092.580988","StrategyMobileGame"
"426","4779.751144","StrategyMobileGame"
"427","5010.75281","StrategyMobileGame"
"428","5077.278853","StrategyMobileGame"
"429","4545.931769","StrategyMobileGame"
"430","4918.859686","StrategyMobileGame"
"431","4824.202029","StrategyMobileGame"
"432","4896.977915","StrategyMobileGame"
"433","4887.38255","StrategyMobileGame"
"434","5346.42208","StrategyMobileGame"
"435","4972.658071","StrategyMobileGame"
"436","4969.995415","StrategyMobileGame"
"437","5015.449426","StrategyMobileGame"
"438","4982.074686","StrategyMobileGame"
"439","5240.57104","StrategyMobileGame"
"440","4839.502342","StrategyMobileGame"
"441","5082.605518","StrategyMobileGame"
"442","4852.937706","StrategyMobileGame"
"443","4876.200155","StrategyMobileGame"
"444","5151.566821","StrategyMobileGame"
"445","5307.046248","StrategyMobileGame"
"446","5162.948332","StrategyMobileGame"
"447","5167.112029","StrategyMobileGame"
"448","5387.006977","StrategyMobileGame"
"449","4839.408592","StrategyMobileGame"
"450","5114.809424","StrategyMobileGame"
"451","4885.741561","StrategyMobileGame"
"452","4985.084634","StrategyMobileGame"
"453","4909.287602","StrategyMobileGame"
"454","5067.900623","StrategyMobileGame"
"455","4731.266925","StrategyMobileGame"
"456","5013.911353","StrategyMobileGame"
"457","4733.255259","StrategyMobileGame"
"458","5754.076092","StrategyMobileGame"
"459","5636.837706","StrategyMobileGame"
"460","4786.495102","StrategyMobileGame"
"461","5185.303176","StrategyMobileGame"
"462","5001.337811","StrategyMobileGame"
"463","5293.784477","StrategyMobileGame"
"464","5518.186821","StrategyMobileGame"
"465","5478.15854","StrategyMobileGame"
"466","4481.725414","StrategyMobileGame"
"467","4893.307811","StrategyMobileGame"
"468","4988.001821","StrategyMobileGame"
"469","5341.152914","StrategyMobileGame"
"470","5319.225519","StrategyMobileGame"
"471","5218.232445","StrategyMobileGame"
"472","5572.596457","StrategyMobileGame"
"473","4962.7463","StrategyMobileGame"
"474","5379.124737","StrategyMobileGame"
"475","5122.217185","StrategyMobileGame"
"476","4815.287342","StrategyMobileGame"
"477","5039.1413","StrategyMobileGame"
"478","5231.681821","StrategyMobileGame"
"479","5003.285988","StrategyMobileGame"
"480","5113.726092","StrategyMobileGame"
"481","5381.791352","StrategyMobileGame"
"482","5184.160311","StrategyMobileGame"
"483","4890.865884","StrategyMobileGame"
"484","5214.571248","StrategyMobileGame"
"485","4741.009425","StrategyMobileGame"
"486","5352.056195","StrategyMobileGame"
"487","4391.915728","StrategyMobileGame"
"488","5116.031456","StrategyMobileGame"
"489","5729.531353","StrategyMobileGame"
"490","4645.259945","StrategyMobileGame"
"491","5169.499946","StrategyMobileGame"
"492","5364.619425","StrategyMobileGame"
"493","5264.449687","StrategyMobileGame"
"494","4981.117237","StrategyMobileGame"
"495","4452.924739","StrategyMobileGame"
"496","5515.69682","StrategyMobileGame"
"497","5076.51781","StrategyMobileGame"
"498","4957.020206","StrategyMobileGame"
"499","5290.62505","StrategyMobileGame"
"500","5061.8413","StrategyMobileGame"
"501","5396.530415","TankWar"
"502","5153.531717","TankWar"
"503","4956.090884","TankWar"
"504","5412.084373","TankWar"
"505","5155.037394","TankWar"
"506","5185.683957","TankWar"
"507","5235.476508","TankWar"
"508","5220.866352","TankWar"
"509","5220.592029","TankWar"
"510","5838.650518","TankWar"
"511","4839.938853","TankWar"
"512","5149.228175","TankWar"
"513","4960.779217","TankWar"
"514","5150.146665","TankWar"
"515","5011.073331","TankWar"
"516","4485.822601","TankWar"
"517","4815.452185","TankWar"
"518","5399.991248","TankWar"
"519","5261.138904","TankWar"
"520","5282.601352","TankWar"
"521","5316.34604","TankWar"
"522","4888.859739","TankWar"
"523","4591.494529","TankWar"
"524","5385.836769","TankWar"
"525","4310.513124","TankWar"
"526","4978.615571","TankWar"
"527","5049.635103","TankWar"
"528","5219.895779","TankWar"
"529","5138.063123","TankWar"
"530","4798.159217","TankWar"
"531","5594.871248","TankWar"
"532","4851.41328","TankWar"
"533","4992.052185","TankWar"
"534","5448.236455","TankWar"
"535","4891.5063","TankWar"
"536","4932.554998","TankWar"
"537","5088.853749","TankWar"
"538","5083.597445","TankWar"
"539","5018.108749","TankWar"
"540","4929.602394","TankWar"
"541","4848.78854","TankWar"
"542","5516.252393","TankWar"
"543","5343.759529","TankWar"
"544","4983.262811","TankWar"
"545","5367.399894","TankWar"
"546","4598.784999","TankWar"
"547","5087.586716","TankWar"
"548","5281.982394","TankWar"
"549","4929.484269","TankWar"
"550","4986.192915","TankWar"
"551","5093.319529","TankWar"
"552","5307.497134","TankWar"
"553","5174.318853","TankWar"
"554","4689.548592","TankWar"
"555","4890.307133","TankWar"
"556","5410.047342","TankWar"
"557","5265.023957","TankWar"
"558","4982.297967","TankWar"
"559","5660.273332","TankWar"
"560","6107.494217","TankWar"
"561","5092.341821","TankWar"
"562","4959.975727","TankWar"
"563","5027.63604","TankWar"
"564","4999.186925","TankWar"
"565","4833.04552","TankWar"
"566","5299.915311","TankWar"
"567","5146.18703","TankWar"
"568","4914.986197","TankWar"
"569","4868.390155","TankWar"
"570","5264.823018","TankWar"
"571","5467.63479","TankWar"
"572","5122.602862","TankWar"
"573","5084.387082","TankWar"
"574","5130.835988","TankWar"
"575","4890.284374","TankWar"
"576","4767.565415","TankWar"
"577","5535.05104","TankWar"
"578","5102.301977","TankWar"
"579","4999.290259","TankWar"
"580","5260.68057","TankWar"
"581","5176.128748","TankWar"
"582","5139.63807","TankWar"
"583","4676.015781","TankWar"
"584","4963.471613","TankWar"
"585","4472.025519","TankWar"
"586","5359.314008","TankWar"
"587","5070.128071","TankWar"
"588","5210.190832","TankWar"
"589","4921.690259","TankWar"
"590","5548.361352","TankWar"
"591","5182.670154","TankWar"
"592","5149.503331","TankWar"
"593","5307.00437","TankWar"
"594","5535.277081","TankWar"
"595","4944.854529","TankWar"
"596","4956.23854","TankWar"
"597","4477.402915","TankWar"
"598","5302.387238","TankWar"
"599","5019.713852","TankWar"
"600","5397.377914","TankWar"
"601","5059.709999","MobileMedia2"
"602","4895.482239","MobileMedia2"
"603","5552.277706","MobileMedia2"
"604","4783.513644","MobileMedia2"
"605","5170.921143","MobileMedia2"
"606","4727.365883","MobileMedia2"
"607","5328.543176","MobileMedia2"
"608","5211.679061","MobileMedia2"
"609","5337.371248","MobileMedia2"
"610","5451.381248","MobileMedia2"
"611","4957.201613","MobileMedia2"
"612","5647.097863","MobileMedia2"
"613","4950.888696","MobileMedia2"
"614","5228.402446","MobileMedia2"
"615","5404.955363","MobileMedia2"
"616","4700.493227","MobileMedia2"
"617","4934.65177","MobileMedia2"
"618","4920.249321","MobileMedia2"
"619","5298.02854","MobileMedia2"
"620","4589.064425","MobileMedia2"
"621","5440.554946","MobileMedia2"
"622","5421.062133","MobileMedia2"
"623","5175.648278","MobileMedia2"
"624","5404.681821","MobileMedia2"
"625","5119.284321","MobileMedia2"
"626","4843.384686","MobileMedia2"
"627","5278.113018","MobileMedia2"
"628","5161.783123","MobileMedia2"
"629","5086.021665","MobileMedia2"
"630","5588.62531","MobileMedia2"
"631","4903.357551","MobileMedia2"
"632","5542.743384","MobileMedia2"
"633","5274.78281","MobileMedia2"
"634","5125.850884","MobileMedia2"
"635","5308.23979","MobileMedia2"
"636","5431.729477","MobileMedia2"
"637","5025.493488","MobileMedia2"
"638","5050.369373","MobileMedia2"
"639","5040.688646","MobileMedia2"
"640","4692.386457","MobileMedia2"
"641","5466.609738","MobileMedia2"
"642","5503.195622","MobileMedia2"
"643","5289.082549","MobileMedia2"
"644","4976.544478","MobileMedia2"
"645","5005.794582","MobileMedia2"
"646","5347.168852","MobileMedia2"
"647","5186.523904","MobileMedia2"
"648","5053.003384","MobileMedia2"
"649","4860.355102","MobileMedia2"
"650","5141.257289","MobileMedia2"
"651","5175.411612","MobileMedia2"
"652","5620.434477","MobileMedia2"
"653","4881.719426","MobileMedia2"
"654","5711.298122","MobileMedia2"
"655","5148.376769","MobileMedia2"
"656","4841.554113","MobileMedia2"
"657","5517.946561","MobileMedia2"
"658","5437.446821","MobileMedia2"
"659","5415.226872","MobileMedia2"
"660","5564.444217","MobileMedia2"
"661","5616.215049","MobileMedia2"
"662","5118.194217","MobileMedia2"
"663","5095.943175","MobileMedia2"
"664","5308.402655","MobileMedia2"
"665","5385.276769","MobileMedia2"
"666","5431.443123","MobileMedia2"
"667","5497.583279","MobileMedia2"
"668","5385.706249","MobileMedia2"
"669","5109.63354","MobileMedia2"
"670","5469.10031","MobileMedia2"
"671","5221.685415","MobileMedia2"
"672","4952.357446","MobileMedia2"
"673","5291.897081","MobileMedia2"
"674","5031.362133","MobileMedia2"
"675","4937.203595","MobileMedia2"
"676","5307.782914","MobileMedia2"
"677","5429.291924","MobileMedia2"
"678","5367.16729","MobileMedia2"
"679","5801.17229","MobileMedia2"
"680","5514.950935","MobileMedia2"
"681","5641.917759","MobileMedia2"
"682","5163.890675","MobileMedia2"
"683","5444.309373","MobileMedia2"
"684","5154.592759","MobileMedia2"
"685","5461.168644","MobileMedia2"
"686","5302.760623","MobileMedia2"
"687","4840.284061","MobileMedia2"
"688","5996.620205","MobileMedia2"
"689","5629.78979","MobileMedia2"
"690","5606.641247","MobileMedia2"
"691","5271.81031","MobileMedia2"
"692","5238.893592","MobileMedia2"
"693","5207.67703","MobileMedia2"
"694","5633.910103","MobileMedia2"
"695","5103.355311","MobileMedia2"
"696","5301.33005","MobileMedia2"
"697","5529.641404","MobileMedia2"
"698","5192.372342","MobileMedia2"
"699","4966.565987","MobileMedia2"
"700","5146.338018","MobileMedia2"
"701","6090.42255","MobileGuide"
"702","5758.02057","MobileGuide"
"703","6330.790153","MobileGuide"
"704","5698.104321","MobileGuide"
"705","6261.187028","MobileGuide"
"706","6014.825623","MobileGuide"
"707","6163.747758","MobileGuide"
"708","6077.848643","MobileGuide"
"709","5814.405935","MobileGuide"
"710","5449.124113","MobileGuide"
"711","6039.137342","MobileGuide"
"712","6486.259894","MobileGuide"
"713","6504.127498","MobileGuide"
"714","5885.725936","MobileGuide"
"715","6022.277238","MobileGuide"
"716","6185.584478","MobileGuide"
"717","6583.072551","MobileGuide"
"718","5759.881821","MobileGuide"
"719","6183.265831","MobileGuide"
"720","6441.87281","MobileGuide"
"721","5905.104061","MobileGuide"
"722","6077.832081","MobileGuide"
"723","6375.046142","MobileGuide"
"724","6317.204945","MobileGuide"
"725","6405.018486","MobileGuide"
"726","6439.678435","MobileGuide"
"727","6278.959321","MobileGuide"
"728","6365.739997","MobileGuide"
"729","5852.431561","MobileGuide"
"730","6127.371353","MobileGuide"
"731","6420.334477","MobileGuide"
"732","6305.567237","MobileGuide"
"733","6324.965467","MobileGuide"
"734","5658.4813","MobileGuide"
"735","6091.275727","MobileGuide"
"736","6023.784214","MobileGuide"
"737","6294.00906","MobileGuide"
"738","6004.907966","MobileGuide"
"739","5830.152654","MobileGuide"
"740","6392.381977","MobileGuide"
"741","5551.029425","MobileGuide"
"742","6706.429373","MobileGuide"
"743","6607.114425","MobileGuide"
"744","6536.015361","MobileGuide"
"745","5851.508799","MobileGuide"
"746","6605.255883","MobileGuide"
"747","6108.760466","MobileGuide"
"748","6499.696717","MobileGuide"
"749","6121.528383","MobileGuide"
"750","6320.07255","MobileGuide"
"751","6477.278644","MobileGuide"
"752","6179.305623","MobileGuide"
"753","6465.16005","MobileGuide"
"754","6441.44531","MobileGuide"
"755","6643.198436","MobileGuide"
"756","6942.128331","MobileGuide"
"757","6748.045728","MobileGuide"
"758","6473.330882","MobileGuide"
"759","6771.42557","MobileGuide"
"760","6336.119633","MobileGuide"
"761","6503.21005","MobileGuide"
"762","6211.256925","MobileGuide"
"763","6198.671457","MobileGuide"
"764","6373.860831","MobileGuide"
"765","6532.953227","MobileGuide"
"766","6151.767551","MobileGuide"
"767","6426.476143","MobileGuide"
"768","6688.234321","MobileGuide"
"769","6597.273487","MobileGuide"
"770","6792.678382","MobileGuide"
"771","6648.469425","MobileGuide"
"772","6157.279424","MobileGuide"
"773","6443.227968","MobileGuide"
"774","6042.226821","MobileGuide"
"775","6051.503955","MobileGuide"
"776","5883.951352","MobileGuide"
"777","5682.303644","MobileGuide"
"778","6827.616351","MobileGuide"
"779","6344.688539","MobileGuide"
"780","6791.841352","MobileGuide"
"781","6511.47583","MobileGuide"
"782","6127.073644","MobileGuide"
"783","5590.894008","MobileGuide"
"784","6011.23328","MobileGuide"
"785","6534.376196","MobileGuide"
"786","6325.794372","MobileGuide"
"787","5924.013489","MobileGuide"
"788","6422.767498","MobileGuide"
"789","6327.825987","MobileGuide"
"790","5872.487185","MobileGuide"
"791","6179.106454","MobileGuide"
"792","6684.528539","MobileGuide"
"793","6085.714894","MobileGuide"
"794","6141.388279","MobileGuide"
"795","5824.64833","MobileGuide"
"796","6854.698801","MobileGuide"
"797","6344.030467","MobileGuide"
"798","6346.383279","MobileGuide"
"799","7015.676403","MobileGuide"
"800","6592.05906","MobileGuide"
"801","48454.157065","SPLOT-3CNF-FM-500-50-1.00-SAT-1"
"802","55244.339458","SPLOT-3CNF-FM-500-50-1.00-SAT-1"
"803","51960.270449","SPLOT-3CNF-FM-500-50-1.00-SAT-1"
"804","51620.223053","SPLOT-3CNF-FM-500-50-1.00-SAT-1"
"805","49486.857326","SPLOT-3CNF-FM-500-50-1.00-SAT-1"
"806","52673.914094","SPLOT-3CNF-FM-500-50-1.00-SAT-1"
"807","51329.161386","SPLOT-3CNF-FM-500-50-1.00-SAT-1"
"808","48578.700085","SPLOT-3CNF-FM-500-50-1.00-SAT-1"
"809","57703.167217","SPLOT-3CNF-FM-500-50-1.00-SAT-1"
"810","55849.891489","SPLOT-3CNF-FM-500-50-1.00-SAT-1"
"811","50503.285554","SPLOT-3CNF-FM-500-50-1.00-SAT-1"
"812","53556.738105","SPLOT-3CNF-FM-500-50-1.00-SAT-1"
"813","56106.765812","SPLOT-3CNF-FM-500-50-1.00-SAT-1"
"814","52315.490189","SPLOT-3CNF-FM-500-50-1.00-SAT-1"
"815","55846.773103","SPLOT-3CNF-FM-500-50-1.00-SAT-1"
"816","49243.177689","SPLOT-3CNF-FM-500-50-1.00-SAT-1"
"817","52133.024824","SPLOT-3CNF-FM-500-50-1.00-SAT-1"
"818","52279.799615","SPLOT-3CNF-FM-500-50-1.00-SAT-1"
"819","54294.11524","SPLOT-3CNF-FM-500-50-1.00-SAT-1"
"820","52743.097897","SPLOT-3CNF-FM-500-50-1.00-SAT-1"
"821","50897.037221","SPLOT-3CNF-FM-500-50-1.00-SAT-1"
"822","56474.592531","SPLOT-3CNF-FM-500-50-1.00-SAT-1"
"823","55211.06425","SPLOT-3CNF-FM-500-50-1.00-SAT-1"
"824","53296.163886","SPLOT-3CNF-FM-500-50-1.00-SAT-1"
"825","52412.288002","SPLOT-3CNF-FM-500-50-1.00-SAT-1"
"826","51696.040866","SPLOT-3CNF-FM-500-50-1.00-SAT-1"
"827","53620.992011","SPLOT-3CNF-FM-500-50-1.00-SAT-1"
"828","51872.546646","SPLOT-3CNF-FM-500-50-1.00-SAT-1"
"829","46632.970295","SPLOT-3CNF-FM-500-50-1.00-SAT-1"
"830","51436.849825","SPLOT-3CNF-FM-500-50-1.00-SAT-1"
"831","52206.810606","SPLOT-3CNF-FM-500-50-1.00-SAT-1"
"832","54788.047114","SPLOT-3CNF-FM-500-50-1.00-SAT-1"
"833","54417.994407","SPLOT-3CNF-FM-500-50-1.00-SAT-1"
"834","49780.299825","SPLOT-3CNF-FM-500-50-1.00-SAT-1"
"835","54827.253364","SPLOT-3CNF-FM-500-50-1.00-SAT-1"
"836","54285.709564","SPLOT-3CNF-FM-500-50-1.00-SAT-1"
"837","50936.279773","SPLOT-3CNF-FM-500-50-1.00-SAT-1"
"838","50638.211231","SPLOT-3CNF-FM-500-50-1.00-SAT-1"
"839","53415.506126","SPLOT-3CNF-FM-500-50-1.00-SAT-1"
"840","52660.986125","SPLOT-3CNF-FM-500-50-1.00-SAT-1"
"841","49494.454148","SPLOT-3CNF-FM-500-50-1.00-SAT-1"
"842","55807.776489","SPLOT-3CNF-FM-500-50-1.00-SAT-1"
"843","50709.135867","SPLOT-3CNF-FM-500-50-1.00-SAT-1"
"844","50804.560554","SPLOT-3CNF-FM-500-50-1.00-SAT-1"
"845","52743.567689","SPLOT-3CNF-FM-500-50-1.00-SAT-1"
"846","50960.372011","SPLOT-3CNF-FM-500-50-1.00-SAT-1"
"847","52648.927584","SPLOT-3CNF-FM-500-50-1.00-SAT-1"
"848","53995.865916","SPLOT-3CNF-FM-500-50-1.00-SAT-1"
"849","55442.896073","SPLOT-3CNF-FM-500-50-1.00-SAT-1"
"850","51454.395605","SPLOT-3CNF-FM-500-50-1.00-SAT-1"
"851","51951.61925","SPLOT-3CNF-FM-500-50-1.00-SAT-1"
"852","50790.755086","SPLOT-3CNF-FM-500-50-1.00-SAT-1"
"853","51053.038782","SPLOT-3CNF-FM-500-50-1.00-SAT-1"
"854","52938.462272","SPLOT-3CNF-FM-500-50-1.00-SAT-1"
"855","55437.575761","SPLOT-3CNF-FM-500-50-1.00-SAT-1"
"856","54063.078781","SPLOT-3CNF-FM-500-50-1.00-SAT-1"
"857","49623.08498","SPLOT-3CNF-FM-500-50-1.00-SAT-1"
"858","53966.717115","SPLOT-3CNF-FM-500-50-1.00-SAT-1"
"859","53295.855188","SPLOT-3CNF-FM-500-50-1.00-SAT-1"
"860","51965.140969","SPLOT-3CNF-FM-500-50-1.00-SAT-1"
"861","55512.235916","SPLOT-3CNF-FM-500-50-1.00-SAT-1"
"862","53360.28748","SPLOT-3CNF-FM-500-50-1.00-SAT-1"
"863","53559.720969","SPLOT-3CNF-FM-500-50-1.00-SAT-1"
"864","52636.469249","SPLOT-3CNF-FM-500-50-1.00-SAT-1"
"865","52339.905501","SPLOT-3CNF-FM-500-50-1.00-SAT-1"
"866","50191.962012","SPLOT-3CNF-FM-500-50-1.00-SAT-1"
"867","56256.295448","SPLOT-3CNF-FM-500-50-1.00-SAT-1"
"868","52984.269407","SPLOT-3CNF-FM-500-50-1.00-SAT-1"
"869","54452.93326","SPLOT-3CNF-FM-500-50-1.00-SAT-1"
"870","53126.958782","SPLOT-3CNF-FM-500-50-1.00-SAT-1"
"871","51939.951073","SPLOT-3CNF-FM-500-50-1.00-SAT-1"
"872","52280.062688","SPLOT-3CNF-FM-500-50-1.00-SAT-1"
"873","50562.817638","SPLOT-3CNF-FM-500-50-1.00-SAT-1"
"874","56134.235187","SPLOT-3CNF-FM-500-50-1.00-SAT-1"
"875","52748.070762","SPLOT-3CNF-FM-500-50-1.00-SAT-1"
"876","56194.68529","SPLOT-3CNF-FM-500-50-1.00-SAT-1"
"877","52055.667688","SPLOT-3CNF-FM-500-50-1.00-SAT-1"
"878","56265.448727","SPLOT-3CNF-FM-500-50-1.00-SAT-1"
"879","54215.632948","SPLOT-3CNF-FM-500-50-1.00-SAT-1"
"880","55419.296281","SPLOT-3CNF-FM-500-50-1.00-SAT-1"
"881","53689.238209","SPLOT-3CNF-FM-500-50-1.00-SAT-1"
"882","55447.271229","SPLOT-3CNF-FM-500-50-1.00-SAT-1"
"883","57071.104926","SPLOT-3CNF-FM-500-50-1.00-SAT-1"
"884","50346.855971","SPLOT-3CNF-FM-500-50-1.00-SAT-1"
"885","53074.180812","SPLOT-3CNF-FM-500-50-1.00-SAT-1"
"886","56909.652582","SPLOT-3CNF-FM-500-50-1.00-SAT-1"
"887","52324.415761","SPLOT-3CNF-FM-500-50-1.00-SAT-1"
"888","55504.304041","SPLOT-3CNF-FM-500-50-1.00-SAT-1"
"889","52545.336802","SPLOT-3CNF-FM-500-50-1.00-SAT-1"
"890","53281.919407","SPLOT-3CNF-FM-500-50-1.00-SAT-1"
"891","52939.00951","SPLOT-3CNF-FM-500-50-1.00-SAT-1"
"892","51914.817012","SPLOT-3CNF-FM-500-50-1.00-SAT-1"
"893","54437.376021","SPLOT-3CNF-FM-500-50-1.00-SAT-1"
"894","52203.911385","SPLOT-3CNF-FM-500-50-1.00-SAT-1"
"895","53923.90326","SPLOT-3CNF-FM-500-50-1.00-SAT-1"
"896","51241.855501","SPLOT-3CNF-FM-500-50-1.00-SAT-1"
"897","50175.145188","SPLOT-3CNF-FM-500-50-1.00-SAT-1"
"898","52315.027116","SPLOT-3CNF-FM-500-50-1.00-SAT-1"
"899","52747.878991","SPLOT-3CNF-FM-500-50-1.00-SAT-1"
"900","53769.087063","SPLOT-3CNF-FM-500-50-1.00-SAT-1"
