"","TIME","ALTERNATIVE"
"1","147.891377","x264ProductLine"
"2","12.709894","x264ProductLine"
"3","14.939747","x264ProductLine"
"4","14.640215","x264ProductLine"
"5","24.190897","x264ProductLine"
"6","13.228583","x264ProductLine"
"7","9.77482","x264ProductLine"
"8","14.633265","x264ProductLine"
"9","12.11016","x264ProductLine"
"10","9.845528","x264ProductLine"
"11","10.454166","x264ProductLine"
"12","9.066676","x264ProductLine"
"13","13.145884","x264ProductLine"
"14","10.297108","x264ProductLine"
"15","7.838503","x264ProductLine"
"16","13.868502","x264ProductLine"
"17","7.44055","x264ProductLine"
"18","9.295374","x264ProductLine"
"19","8.412801","x264ProductLine"
"20","7.624266","x264ProductLine"
"21","16.055459","x264ProductLine"
"22","9.095682","x264ProductLine"
"23","13.179101","x264ProductLine"
"24","8.596683","x264ProductLine"
"25","7.886985","x264ProductLine"
"26","7.396235","x264ProductLine"
"27","8.899369","x264ProductLine"
"28","10.965491","x264ProductLine"
"29","8.391945","x264ProductLine"
"30","15.542493","x264ProductLine"
"31","13.661316","x264ProductLine"
"32","14.140972","x264ProductLine"
"33","8.031514","x264ProductLine"
"34","15.428434","x264ProductLine"
"35","10.862226","x264ProductLine"
"36","12.685821","x264ProductLine"
"37","11.392754","x264ProductLine"
"38","12.091525","x264ProductLine"
"39","9.797129","x264ProductLine"
"40","8.425783","x264ProductLine"
"41","9.604377","x264ProductLine"
"42","13.21293","x264ProductLine"
"43","11.39645","x264ProductLine"
"44","19.683467","x264ProductLine"
"45","14.197433","x264ProductLine"
"46","11.358575","x264ProductLine"
"47","7.412229","x264ProductLine"
"48","7.959033","x264ProductLine"
"49","16.317612","x264ProductLine"
"50","11.713217","x264ProductLine"
"51","9.941323","x264ProductLine"
"52","11.279502","x264ProductLine"
"53","8.8738","x264ProductLine"
"54","15.840736","x264ProductLine"
"55","8.327625","x264ProductLine"
"56","10.326397","x264ProductLine"
"57","11.447264","x264ProductLine"
"58","7.69046","x264ProductLine"
"59","11.847398","x264ProductLine"
"60","10.306875","x264ProductLine"
"61","10.39285","x264ProductLine"
"62","10.841653","x264ProductLine"
"63","17.269585","x264ProductLine"
"64","9.887473","x264ProductLine"
"65","9.463348","x264ProductLine"
"66","11.757591","x264ProductLine"
"67","13.718197","x264ProductLine"
"68","9.713746","x264ProductLine"
"69","8.306649","x264ProductLine"
"70","11.900158","x264ProductLine"
"71","11.560319","x264ProductLine"
"72","11.711752","x264ProductLine"
"73","7.775215","x264ProductLine"
"74","8.106755","x264ProductLine"
"75","13.470775","x264ProductLine"
"76","15.96719","x264ProductLine"
"77","7.806371","x264ProductLine"
"78","13.276787","x264ProductLine"
"79","14.056081","x264ProductLine"
"80","12.035653","x264ProductLine"
"81","12.390373","x264ProductLine"
"82","7.614222","x264ProductLine"
"83","9.604248","x264ProductLine"
"84","18.463623","x264ProductLine"
"85","31.723872","x264ProductLine"
"86","18.580554","x264ProductLine"
"87","23.729179","x264ProductLine"
"88","21.073863","x264ProductLine"
"89","21.324845","x264ProductLine"
"90","8.71142","x264ProductLine"
"91","11.467922","x264ProductLine"
"92","17.846968","x264ProductLine"
"93","19.653905","x264ProductLine"
"94","8.264812","x264ProductLine"
"95","11.716402","x264ProductLine"
"96","16.317738","x264ProductLine"
"97","11.534756","x264ProductLine"
"98","8.633257","x264ProductLine"
"99","11.861036","x264ProductLine"
"100","13.575079","x264ProductLine"
"101","13.542407","WgetProductLine"
"102","13.144095","WgetProductLine"
"103","8.234257","WgetProductLine"
"104","10.582948","WgetProductLine"
"105","13.627561","WgetProductLine"
"106","8.465511","WgetProductLine"
"107","10.853476","WgetProductLine"
"108","19.652257","WgetProductLine"
"109","11.53676","WgetProductLine"
"110","8.890326","WgetProductLine"
"111","9.942191","WgetProductLine"
"112","9.530287","WgetProductLine"
"113","8.396855","WgetProductLine"
"114","7.890104","WgetProductLine"
"115","10.600881","WgetProductLine"
"116","11.508809","WgetProductLine"
"117","11.987284","WgetProductLine"
"118","14.876409","WgetProductLine"
"119","8.536066","WgetProductLine"
"120","12.354128","WgetProductLine"
"121","11.512938","WgetProductLine"
"122","15.290909","WgetProductLine"
"123","10.845813","WgetProductLine"
"124","13.070863","WgetProductLine"
"125","9.878595","WgetProductLine"
"126","16.921159","WgetProductLine"
"127","11.753296","WgetProductLine"
"128","14.241962","WgetProductLine"
"129","12.866898","WgetProductLine"
"130","9.598038","WgetProductLine"
"131","9.223818","WgetProductLine"
"132","27.45109","WgetProductLine"
"133","12.719616","WgetProductLine"
"134","12.200252","WgetProductLine"
"135","11.888878","WgetProductLine"
"136","10.418385","WgetProductLine"
"137","10.745572","WgetProductLine"
"138","14.728111","WgetProductLine"
"139","13.276476","WgetProductLine"
"140","13.263872","WgetProductLine"
"141","11.193674","WgetProductLine"
"142","9.133499","WgetProductLine"
"143","9.003971","WgetProductLine"
"144","10.737103","WgetProductLine"
"145","19.2935","WgetProductLine"
"146","8.649772","WgetProductLine"
"147","11.837022","WgetProductLine"
"148","11.268826","WgetProductLine"
"149","14.754363","WgetProductLine"
"150","7.071374","WgetProductLine"
"151","10.640893","WgetProductLine"
"152","11.070308","WgetProductLine"
"153","12.542998","WgetProductLine"
"154","12.453014","WgetProductLine"
"155","11.360457","WgetProductLine"
"156","11.340592","WgetProductLine"
"157","11.3026","WgetProductLine"
"158","8.638599","WgetProductLine"
"159","11.509364","WgetProductLine"
"160","13.903261","WgetProductLine"
"161","9.040976","WgetProductLine"
"162","13.310756","WgetProductLine"
"163","6.1478","WgetProductLine"
"164","9.1819","WgetProductLine"
"165","14.331428","WgetProductLine"
"166","9.71817","WgetProductLine"
"167","11.738751","WgetProductLine"
"168","9.957778","WgetProductLine"
"169","12.700079","WgetProductLine"
"170","9.030903","WgetProductLine"
"171","17.096558","WgetProductLine"
"172","11.95181","WgetProductLine"
"173","9.878517","WgetProductLine"
"174","22.941487","WgetProductLine"
"175","12.817333","WgetProductLine"
"176","12.810973","WgetProductLine"
"177","8.526105","WgetProductLine"
"178","13.644304","WgetProductLine"
"179","12.442618","WgetProductLine"
"180","12.024311","WgetProductLine"
"181","12.847199","WgetProductLine"
"182","9.813645","WgetProductLine"
"183","12.132066","WgetProductLine"
"184","11.177399","WgetProductLine"
"185","14.423371","WgetProductLine"
"186","9.820399","WgetProductLine"
"187","15.46612","WgetProductLine"
"188","11.193748","WgetProductLine"
"189","12.376875","WgetProductLine"
"190","10.370171","WgetProductLine"
"191","15.693513","WgetProductLine"
"192","8.67551","WgetProductLine"
"193","13.426065","WgetProductLine"
"194","10.84856","WgetProductLine"
"195","12.477578","WgetProductLine"
"196","12.340146","WgetProductLine"
"197","10.809458","WgetProductLine"
"198","10.278074","WgetProductLine"
"199","10.363449","WgetProductLine"
"200","25.796528","WgetProductLine"
"201","11.414211","BerkeleyDBMemoryversionProductLine"
"202","14.859626","BerkeleyDBMemoryversionProductLine"
"203","36.875681","BerkeleyDBMemoryversionProductLine"
"204","11.271046","BerkeleyDBMemoryversionProductLine"
"205","11.031013","BerkeleyDBMemoryversionProductLine"
"206","13.060617","BerkeleyDBMemoryversionProductLine"
"207","14.613248","BerkeleyDBMemoryversionProductLine"
"208","14.501311","BerkeleyDBMemoryversionProductLine"
"209","11.63172","BerkeleyDBMemoryversionProductLine"
"210","13.908599","BerkeleyDBMemoryversionProductLine"
"211","11.567238","BerkeleyDBMemoryversionProductLine"
"212","11.234201","BerkeleyDBMemoryversionProductLine"
"213","9.799099","BerkeleyDBMemoryversionProductLine"
"214","17.270663","BerkeleyDBMemoryversionProductLine"
"215","12.515078","BerkeleyDBMemoryversionProductLine"
"216","13.939996","BerkeleyDBMemoryversionProductLine"
"217","13.449303","BerkeleyDBMemoryversionProductLine"
"218","26.578049","BerkeleyDBMemoryversionProductLine"
"219","11.162118","BerkeleyDBMemoryversionProductLine"
"220","11.57026","BerkeleyDBMemoryversionProductLine"
"221","10.760609","BerkeleyDBMemoryversionProductLine"
"222","9.70233","BerkeleyDBMemoryversionProductLine"
"223","15.052262","BerkeleyDBMemoryversionProductLine"
"224","12.18501","BerkeleyDBMemoryversionProductLine"
"225","10.808739","BerkeleyDBMemoryversionProductLine"
"226","14.748372","BerkeleyDBMemoryversionProductLine"
"227","11.896737","BerkeleyDBMemoryversionProductLine"
"228","16.312483","BerkeleyDBMemoryversionProductLine"
"229","29.055984","BerkeleyDBMemoryversionProductLine"
"230","12.138878","BerkeleyDBMemoryversionProductLine"
"231","10.059546","BerkeleyDBMemoryversionProductLine"
"232","8.332251","BerkeleyDBMemoryversionProductLine"
"233","13.205976","BerkeleyDBMemoryversionProductLine"
"234","10.185794","BerkeleyDBMemoryversionProductLine"
"235","14.884632","BerkeleyDBMemoryversionProductLine"
"236","11.543335","BerkeleyDBMemoryversionProductLine"
"237","13.141535","BerkeleyDBMemoryversionProductLine"
"238","14.254718","BerkeleyDBMemoryversionProductLine"
"239","10.471088","BerkeleyDBMemoryversionProductLine"
"240","14.05943","BerkeleyDBMemoryversionProductLine"
"241","22.515301","BerkeleyDBMemoryversionProductLine"
"242","10.371088","BerkeleyDBMemoryversionProductLine"
"243","9.394753","BerkeleyDBMemoryversionProductLine"
"244","16.413155","BerkeleyDBMemoryversionProductLine"
"245","14.271742","BerkeleyDBMemoryversionProductLine"
"246","76.143077","BerkeleyDBMemoryversionProductLine"
"247","8.276587","BerkeleyDBMemoryversionProductLine"
"248","10.929605","BerkeleyDBMemoryversionProductLine"
"249","19.17817","BerkeleyDBMemoryversionProductLine"
"250","9.468084","BerkeleyDBMemoryversionProductLine"
"251","10.605159","BerkeleyDBMemoryversionProductLine"
"252","12.399053","BerkeleyDBMemoryversionProductLine"
"253","21.312674","BerkeleyDBMemoryversionProductLine"
"254","10.08214","BerkeleyDBMemoryversionProductLine"
"255","11.747428","BerkeleyDBMemoryversionProductLine"
"256","8.330758","BerkeleyDBMemoryversionProductLine"
"257","13.328962","BerkeleyDBMemoryversionProductLine"
"258","10.828258","BerkeleyDBMemoryversionProductLine"
"259","10.761301","BerkeleyDBMemoryversionProductLine"
"260","10.050007","BerkeleyDBMemoryversionProductLine"
"261","8.893024","BerkeleyDBMemoryversionProductLine"
"262","11.291198","BerkeleyDBMemoryversionProductLine"
"263","10.747446","BerkeleyDBMemoryversionProductLine"
"264","13.388777","BerkeleyDBMemoryversionProductLine"
"265","14.482492","BerkeleyDBMemoryversionProductLine"
"266","20.264399","BerkeleyDBMemoryversionProductLine"
"267","18.412038","BerkeleyDBMemoryversionProductLine"
"268","11.061769","BerkeleyDBMemoryversionProductLine"
"269","13.542765","BerkeleyDBMemoryversionProductLine"
"270","12.271484","BerkeleyDBMemoryversionProductLine"
"271","14.737168","BerkeleyDBMemoryversionProductLine"
"272","14.024739","BerkeleyDBMemoryversionProductLine"
"273","13.476404","BerkeleyDBMemoryversionProductLine"
"274","15.571111","BerkeleyDBMemoryversionProductLine"
"275","12.011247","BerkeleyDBMemoryversionProductLine"
"276","19.4569","BerkeleyDBMemoryversionProductLine"
"277","10.735133","BerkeleyDBMemoryversionProductLine"
"278","15.624582","BerkeleyDBMemoryversionProductLine"
"279","10.236275","BerkeleyDBMemoryversionProductLine"
"280","12.511836","BerkeleyDBMemoryversionProductLine"
"281","15.252038","BerkeleyDBMemoryversionProductLine"
"282","11.416885","BerkeleyDBMemoryversionProductLine"
"283","10.181275","BerkeleyDBMemoryversionProductLine"
"284","12.997753","BerkeleyDBMemoryversionProductLine"
"285","13.817635","BerkeleyDBMemoryversionProductLine"
"286","8.327332","BerkeleyDBMemoryversionProductLine"
"287","13.806904","BerkeleyDBMemoryversionProductLine"
"288","12.869603","BerkeleyDBMemoryversionProductLine"
"289","15.017934","BerkeleyDBMemoryversionProductLine"
"290","13.001923","BerkeleyDBMemoryversionProductLine"
"291","13.259001","BerkeleyDBMemoryversionProductLine"
"292","10.710732","BerkeleyDBMemoryversionProductLine"
"293","11.968788","BerkeleyDBMemoryversionProductLine"
"294","10.236625","BerkeleyDBMemoryversionProductLine"
"295","11.129148","BerkeleyDBMemoryversionProductLine"
"296","16.533591","BerkeleyDBMemoryversionProductLine"
"297","15.736291","BerkeleyDBMemoryversionProductLine"
"298","15.00272","BerkeleyDBMemoryversionProductLine"
"299","16.796881","BerkeleyDBMemoryversionProductLine"
"300","13.406534","BerkeleyDBMemoryversionProductLine"
"301","13.403134","SensorNetworkProductLine"
"302","10.871748","SensorNetworkProductLine"
"303","11.267403","SensorNetworkProductLine"
"304","10.352328","SensorNetworkProductLine"
"305","12.511588","SensorNetworkProductLine"
"306","12.240259","SensorNetworkProductLine"
"307","15.13918","SensorNetworkProductLine"
"308","21.640147","SensorNetworkProductLine"
"309","13.672892","SensorNetworkProductLine"
"310","15.079338","SensorNetworkProductLine"
"311","17.763894","SensorNetworkProductLine"
"312","13.495398","SensorNetworkProductLine"
"313","15.199983","SensorNetworkProductLine"
"314","11.041861","SensorNetworkProductLine"
"315","15.999316","SensorNetworkProductLine"
"316","15.01535","SensorNetworkProductLine"
"317","11.012652","SensorNetworkProductLine"
"318","15.084747","SensorNetworkProductLine"
"319","13.707343","SensorNetworkProductLine"
"320","13.789421","SensorNetworkProductLine"
"321","14.851638","SensorNetworkProductLine"
"322","11.435071","SensorNetworkProductLine"
"323","11.567578","SensorNetworkProductLine"
"324","15.129288","SensorNetworkProductLine"
"325","13.845527","SensorNetworkProductLine"
"326","11.64027","SensorNetworkProductLine"
"327","11.707258","SensorNetworkProductLine"
"328","11.028271","SensorNetworkProductLine"
"329","13.265027","SensorNetworkProductLine"
"330","12.304055","SensorNetworkProductLine"
"331","11.238539","SensorNetworkProductLine"
"332","8.903768","SensorNetworkProductLine"
"333","17.10494","SensorNetworkProductLine"
"334","10.24069","SensorNetworkProductLine"
"335","14.621546","SensorNetworkProductLine"
"336","16.146668","SensorNetworkProductLine"
"337","14.072488","SensorNetworkProductLine"
"338","13.970729","SensorNetworkProductLine"
"339","14.058001","SensorNetworkProductLine"
"340","14.059024","SensorNetworkProductLine"
"341","15.866763","SensorNetworkProductLine"
"342","15.399021","SensorNetworkProductLine"
"343","22.253788","SensorNetworkProductLine"
"344","14.870386","SensorNetworkProductLine"
"345","37.037869","SensorNetworkProductLine"
"346","46.205173","SensorNetworkProductLine"
"347","9.105829","SensorNetworkProductLine"
"348","16.470552","SensorNetworkProductLine"
"349","14.223036","SensorNetworkProductLine"
"350","14.752479","SensorNetworkProductLine"
"351","15.789185","SensorNetworkProductLine"
"352","11.97714","SensorNetworkProductLine"
"353","19.033863","SensorNetworkProductLine"
"354","10.349018","SensorNetworkProductLine"
"355","18.667039","SensorNetworkProductLine"
"356","9.994426","SensorNetworkProductLine"
"357","13.402866","SensorNetworkProductLine"
"358","10.929207","SensorNetworkProductLine"
"359","11.259592","SensorNetworkProductLine"
"360","11.77579","SensorNetworkProductLine"
"361","12.184681","SensorNetworkProductLine"
"362","14.237148","SensorNetworkProductLine"
"363","13.164281","SensorNetworkProductLine"
"364","17.139244","SensorNetworkProductLine"
"365","13.453826","SensorNetworkProductLine"
"366","10.473211","SensorNetworkProductLine"
"367","14.175115","SensorNetworkProductLine"
"368","18.799491","SensorNetworkProductLine"
"369","12.613976","SensorNetworkProductLine"
"370","38.34758","SensorNetworkProductLine"
"371","11.12554","SensorNetworkProductLine"
"372","17.733031","SensorNetworkProductLine"
"373","11.559519","SensorNetworkProductLine"
"374","9.417577","SensorNetworkProductLine"
"375","16.787943","SensorNetworkProductLine"
"376","14.367579","SensorNetworkProductLine"
"377","12.483671","SensorNetworkProductLine"
"378","11.396802","SensorNetworkProductLine"
"379","13.401192","SensorNetworkProductLine"
"380","15.028085","SensorNetworkProductLine"
"381","18.618428","SensorNetworkProductLine"
"382","10.147167","SensorNetworkProductLine"
"383","16.527229","SensorNetworkProductLine"
"384","14.19971","SensorNetworkProductLine"
"385","11.405778","SensorNetworkProductLine"
"386","12.727816","SensorNetworkProductLine"
"387","14.062305","SensorNetworkProductLine"
"388","10.949568","SensorNetworkProductLine"
"389","17.692751","SensorNetworkProductLine"
"390","13.874396","SensorNetworkProductLine"
"391","16.448473","SensorNetworkProductLine"
"392","14.690161","SensorNetworkProductLine"
"393","10.974102","SensorNetworkProductLine"
"394","18.451743","SensorNetworkProductLine"
"395","21.951127","SensorNetworkProductLine"
"396","11.101075","SensorNetworkProductLine"
"397","28.305263","SensorNetworkProductLine"
"398","12.441035","SensorNetworkProductLine"
"399","13.216743","SensorNetworkProductLine"
"400","12.061699","SensorNetworkProductLine"
"401","210.928414","StrategyMobileGame"
"402","13.784324","StrategyMobileGame"
"403","12.488688","StrategyMobileGame"
"404","17.77","StrategyMobileGame"
"405","15.123093","StrategyMobileGame"
"406","13.986389","StrategyMobileGame"
"407","15.020957","StrategyMobileGame"
"408","15.461395","StrategyMobileGame"
"409","14.310653","StrategyMobileGame"
"410","10.193699","StrategyMobileGame"
"411","12.943307","StrategyMobileGame"
"412","16.603079","StrategyMobileGame"
"413","17.524323","StrategyMobileGame"
"414","12.02932","StrategyMobileGame"
"415","14.650366","StrategyMobileGame"
"416","28.058367","StrategyMobileGame"
"417","11.746201","StrategyMobileGame"
"418","11.782454","StrategyMobileGame"
"419","14.523294","StrategyMobileGame"
"420","17.746904","StrategyMobileGame"
"421","13.253566","StrategyMobileGame"
"422","15.209471","StrategyMobileGame"
"423","11.66301","StrategyMobileGame"
"424","16.474872","StrategyMobileGame"
"425","13.345431","StrategyMobileGame"
"426","12.212397","StrategyMobileGame"
"427","21.253795","StrategyMobileGame"
"428","13.554853","StrategyMobileGame"
"429","16.226889","StrategyMobileGame"
"430","11.425543","StrategyMobileGame"
"431","12.897317","StrategyMobileGame"
"432","11.363382","StrategyMobileGame"
"433","16.258275","StrategyMobileGame"
"434","12.952727","StrategyMobileGame"
"435","10.970102","StrategyMobileGame"
"436","16.366671","StrategyMobileGame"
"437","23.860096","StrategyMobileGame"
"438","10.778131","StrategyMobileGame"
"439","9.683381","StrategyMobileGame"
"440","13.521294","StrategyMobileGame"
"441","16.3926","StrategyMobileGame"
"442","16.56833","StrategyMobileGame"
"443","10.721346","StrategyMobileGame"
"444","15.231189","StrategyMobileGame"
"445","16.372498","StrategyMobileGame"
"446","30.151309","StrategyMobileGame"
"447","7.587357","StrategyMobileGame"
"448","14.156917","StrategyMobileGame"
"449","16.653019","StrategyMobileGame"
"450","14.704309","StrategyMobileGame"
"451","16.052096","StrategyMobileGame"
"452","19.108467","StrategyMobileGame"
"453","16.138605","StrategyMobileGame"
"454","11.320588","StrategyMobileGame"
"455","11.778184","StrategyMobileGame"
"456","10.08639","StrategyMobileGame"
"457","15.759639","StrategyMobileGame"
"458","14.773035","StrategyMobileGame"
"459","19.894145","StrategyMobileGame"
"460","12.229315","StrategyMobileGame"
"461","9.834646","StrategyMobileGame"
"462","14.506035","StrategyMobileGame"
"463","14.081802","StrategyMobileGame"
"464","12.586171","StrategyMobileGame"
"465","10.584469","StrategyMobileGame"
"466","11.828541","StrategyMobileGame"
"467","22.173555","StrategyMobileGame"
"468","14.028747","StrategyMobileGame"
"469","13.448678","StrategyMobileGame"
"470","10.260438","StrategyMobileGame"
"471","15.33606","StrategyMobileGame"
"472","11.262328","StrategyMobileGame"
"473","10.671204","StrategyMobileGame"
"474","10.311025","StrategyMobileGame"
"475","11.098616","StrategyMobileGame"
"476","12.637093","StrategyMobileGame"
"477","16.098931","StrategyMobileGame"
"478","13.701697","StrategyMobileGame"
"479","15.920446","StrategyMobileGame"
"480","15.755992","StrategyMobileGame"
"481","10.867745","StrategyMobileGame"
"482","18.985044","StrategyMobileGame"
"483","12.283449","StrategyMobileGame"
"484","11.06243","StrategyMobileGame"
"485","23.871222","StrategyMobileGame"
"486","10.524567","StrategyMobileGame"
"487","13.914429","StrategyMobileGame"
"488","11.622019","StrategyMobileGame"
"489","12.430633","StrategyMobileGame"
"490","17.684642","StrategyMobileGame"
"491","15.229307","StrategyMobileGame"
"492","12.023532","StrategyMobileGame"
"493","16.603362","StrategyMobileGame"
"494","14.388432","StrategyMobileGame"
"495","13.205928","StrategyMobileGame"
"496","14.429444","StrategyMobileGame"
"497","11.689525","StrategyMobileGame"
"498","12.696045","StrategyMobileGame"
"499","17.971635","StrategyMobileGame"
"500","11.516712","StrategyMobileGame"
"501","11.855295","TankWar"
"502","17.05462","TankWar"
"503","19.564971","TankWar"
"504","23.877175","TankWar"
"505","15.164311","TankWar"
"506","14.398298","TankWar"
"507","12.849982","TankWar"
"508","18.017766","TankWar"
"509","13.576006","TankWar"
"510","22.9166","TankWar"
"511","15.336068","TankWar"
"512","12.656623","TankWar"
"513","10.573264","TankWar"
"514","11.770314","TankWar"
"515","13.653679","TankWar"
"516","9.636892","TankWar"
"517","10.079904","TankWar"
"518","15.290075","TankWar"
"519","14.083638","TankWar"
"520","19.20717","TankWar"
"521","12.56174","TankWar"
"522","20.179478","TankWar"
"523","11.103169","TankWar"
"524","16.069207","TankWar"
"525","14.125904","TankWar"
"526","11.318109","TankWar"
"527","14.19851","TankWar"
"528","14.140322","TankWar"
"529","17.032899","TankWar"
"530","11.793382","TankWar"
"531","12.415197","TankWar"
"532","11.837838","TankWar"
"533","10.703176","TankWar"
"534","14.740678","TankWar"
"535","13.208554","TankWar"
"536","11.601329","TankWar"
"537","15.286472","TankWar"
"538","12.030105","TankWar"
"539","12.668512","TankWar"
"540","11.124165","TankWar"
"541","11.482368","TankWar"
"542","12.409161","TankWar"
"543","12.271943","TankWar"
"544","23.076466","TankWar"
"545","14.494826","TankWar"
"546","21.405681","TankWar"
"547","9.849517","TankWar"
"548","16.952714","TankWar"
"549","14.424111","TankWar"
"550","13.903941","TankWar"
"551","13.914875","TankWar"
"552","16.386809","TankWar"
"553","17.006585","TankWar"
"554","10.861442","TankWar"
"555","10.755174","TankWar"
"556","13.927671","TankWar"
"557","13.908201","TankWar"
"558","10.79178","TankWar"
"559","19.759473","TankWar"
"560","12.594367","TankWar"
"561","10.406526","TankWar"
"562","16.152065","TankWar"
"563","12.254378","TankWar"
"564","12.502149","TankWar"
"565","12.469324","TankWar"
"566","11.221037","TankWar"
"567","16.743224","TankWar"
"568","12.839544","TankWar"
"569","20.247401","TankWar"
"570","12.193301","TankWar"
"571","11.807513","TankWar"
"572","15.850575","TankWar"
"573","13.159168","TankWar"
"574","11.667222","TankWar"
"575","11.87371","TankWar"
"576","17.380976","TankWar"
"577","18.158604","TankWar"
"578","15.295301","TankWar"
"579","8.826399","TankWar"
"580","14.726963","TankWar"
"581","11.089089","TankWar"
"582","11.33111","TankWar"
"583","10.366111","TankWar"
"584","17.521873","TankWar"
"585","182.918492","TankWar"
"586","15.891087","TankWar"
"587","11.899748","TankWar"
"588","12.260974","TankWar"
"589","10.248034","TankWar"
"590","25.181942","TankWar"
"591","12.934774","TankWar"
"592","16.850299","TankWar"
"593","12.415076","TankWar"
"594","10.803751","TankWar"
"595","18.642291","TankWar"
"596","21.935577","TankWar"
"597","19.492395","TankWar"
"598","14.58232","TankWar"
"599","13.697383","TankWar"
"600","11.199175","TankWar"
"601","19.4211","MobileMedia2"
"602","20.495422","MobileMedia2"
"603","14.661414","MobileMedia2"
"604","15.628784","MobileMedia2"
"605","17.81447","MobileMedia2"
"606","15.583742","MobileMedia2"
"607","16.874998","MobileMedia2"
"608","11.329091","MobileMedia2"
"609","12.444142","MobileMedia2"
"610","14.364893","MobileMedia2"
"611","17.231166","MobileMedia2"
"612","13.91597","MobileMedia2"
"613","104.390847","MobileMedia2"
"614","16.043327","MobileMedia2"
"615","21.539571","MobileMedia2"
"616","51.341521","MobileMedia2"
"617","14.685059","MobileMedia2"
"618","12.723927","MobileMedia2"
"619","12.770078","MobileMedia2"
"620","14.016232","MobileMedia2"
"621","14.795559","MobileMedia2"
"622","15.81289","MobileMedia2"
"623","13.360868","MobileMedia2"
"624","19.377114","MobileMedia2"
"625","20.604093","MobileMedia2"
"626","17.519657","MobileMedia2"
"627","11.902568","MobileMedia2"
"628","16.789972","MobileMedia2"
"629","12.804955","MobileMedia2"
"630","169.568389","MobileMedia2"
"631","15.473585","MobileMedia2"
"632","174.572589","MobileMedia2"
"633","10.632214","MobileMedia2"
"634","13.819582","MobileMedia2"
"635","56.728497","MobileMedia2"
"636","11.393797","MobileMedia2"
"637","16.163052","MobileMedia2"
"638","11.865981","MobileMedia2"
"639","17.402319","MobileMedia2"
"640","20.263916","MobileMedia2"
"641","10.333895","MobileMedia2"
"642","14.539861","MobileMedia2"
"643","9.347046","MobileMedia2"
"644","15.234033","MobileMedia2"
"645","18.947668","MobileMedia2"
"646","19.689125","MobileMedia2"
"647","12.909344","MobileMedia2"
"648","16.259908","MobileMedia2"
"649","13.653588","MobileMedia2"
"650","16.127262","MobileMedia2"
"651","13.994098","MobileMedia2"
"652","14.813984","MobileMedia2"
"653","19.450425","MobileMedia2"
"654","11.590885","MobileMedia2"
"655","17.997125","MobileMedia2"
"656","16.260197","MobileMedia2"
"657","15.990237","MobileMedia2"
"658","9.22698","MobileMedia2"
"659","12.183675","MobileMedia2"
"660","13.96567","MobileMedia2"
"661","19.85799","MobileMedia2"
"662","10.754721","MobileMedia2"
"663","9.00295","MobileMedia2"
"664","12.365644","MobileMedia2"
"665","18.654098","MobileMedia2"
"666","14.770118","MobileMedia2"
"667","10.026181","MobileMedia2"
"668","11.669302","MobileMedia2"
"669","16.414112","MobileMedia2"
"670","8.269491","MobileMedia2"
"671","11.881942","MobileMedia2"
"672","14.686556","MobileMedia2"
"673","16.761153","MobileMedia2"
"674","14.993883","MobileMedia2"
"675","13.861809","MobileMedia2"
"676","13.796455","MobileMedia2"
"677","14.648887","MobileMedia2"
"678","12.925053","MobileMedia2"
"679","14.373761","MobileMedia2"
"680","10.463843","MobileMedia2"
"681","17.840875","MobileMedia2"
"682","11.956125","MobileMedia2"
"683","15.998633","MobileMedia2"
"684","14.288051","MobileMedia2"
"685","40.306643","MobileMedia2"
"686","13.763495","MobileMedia2"
"687","22.106596","MobileMedia2"
"688","13.95787","MobileMedia2"
"689","17.482382","MobileMedia2"
"690","14.63697","MobileMedia2"
"691","23.284831","MobileMedia2"
"692","18.567969","MobileMedia2"
"693","15.842924","MobileMedia2"
"694","15.147839","MobileMedia2"
"695","18.917732","MobileMedia2"
"696","12.149328","MobileMedia2"
"697","16.713884","MobileMedia2"
"698","13.22679","MobileMedia2"
"699","13.860344","MobileMedia2"
"700","10.997175","MobileMedia2"
"701","13.405268","MobileGuide"
"702","36.786816","MobileGuide"
"703","12.321011","MobileGuide"
"704","13.336956","MobileGuide"
"705","11.554655","MobileGuide"
"706","22.396624","MobileGuide"
"707","14.901442","MobileGuide"
"708","14.911289","MobileGuide"
"709","19.640289","MobileGuide"
"710","18.691099","MobileGuide"
"711","12.91757","MobileGuide"
"712","17.641562","MobileGuide"
"713","22.763259","MobileGuide"
"714","13.708586","MobileGuide"
"715","13.518689","MobileGuide"
"716","11.38435","MobileGuide"
"717","17.651442","MobileGuide"
"718","17.226109","MobileGuide"
"719","11.905843","MobileGuide"
"720","9.678458","MobileGuide"
"721","14.766353","MobileGuide"
"722","20.677228","MobileGuide"
"723","17.509315","MobileGuide"
"724","19.718739","MobileGuide"
"725","16.531865","MobileGuide"
"726","12.326859","MobileGuide"
"727","15.186127","MobileGuide"
"728","18.909519","MobileGuide"
"729","19.568075","MobileGuide"
"730","12.964817","MobileGuide"
"731","17.041621","MobileGuide"
"732","10.889794","MobileGuide"
"733","19.677906","MobileGuide"
"734","22.988915","MobileGuide"
"735","12.161696","MobileGuide"
"736","17.759428","MobileGuide"
"737","16.336455","MobileGuide"
"738","10.706845","MobileGuide"
"739","15.761817","MobileGuide"
"740","17.006178","MobileGuide"
"741","15.416055","MobileGuide"
"742","12.523211","MobileGuide"
"743","12.864","MobileGuide"
"744","19.277871","MobileGuide"
"745","11.209259","MobileGuide"
"746","14.234588","MobileGuide"
"747","9.109019","MobileGuide"
"748","12.909614","MobileGuide"
"749","18.954746","MobileGuide"
"750","13.649714","MobileGuide"
"751","11.518904","MobileGuide"
"752","13.892825","MobileGuide"
"753","14.908638","MobileGuide"
"754","13.538467","MobileGuide"
"755","20.462906","MobileGuide"
"756","12.549767","MobileGuide"
"757","14.80874","MobileGuide"
"758","18.567392","MobileGuide"
"759","11.054244","MobileGuide"
"760","11.525489","MobileGuide"
"761","25.648312","MobileGuide"
"762","10.70783","MobileGuide"
"763","12.165257","MobileGuide"
"764","12.682237","MobileGuide"
"765","21.883764","MobileGuide"
"766","9.515159","MobileGuide"
"767","18.150295","MobileGuide"
"768","19.735761","MobileGuide"
"769","13.618823","MobileGuide"
"770","9.327442","MobileGuide"
"771","10.508404","MobileGuide"
"772","21.939728","MobileGuide"
"773","11.905835","MobileGuide"
"774","12.454585","MobileGuide"
"775","16.938628","MobileGuide"
"776","13.437557","MobileGuide"
"777","14.4987","MobileGuide"
"778","11.514058","MobileGuide"
"779","20.092418","MobileGuide"
"780","10.72761","MobileGuide"
"781","16.092562","MobileGuide"
"782","13.116566","MobileGuide"
"783","14.773532","MobileGuide"
"784","17.323308","MobileGuide"
"785","13.115261","MobileGuide"
"786","14.137279","MobileGuide"
"787","12.906394","MobileGuide"
"788","14.460047","MobileGuide"
"789","11.22038","MobileGuide"
"790","11.84264","MobileGuide"
"791","14.983623","MobileGuide"
"792","12.718462","MobileGuide"
"793","87.527847","MobileGuide"
"794","14.352051","MobileGuide"
"795","11.703358","MobileGuide"
"796","18.494266","MobileGuide"
"797","14.866273","MobileGuide"
"798","14.820239","MobileGuide"
"799","23.097092","MobileGuide"
"800","16.6222","MobileGuide"
"801","38.992226","SPLOT-3CNF-FM-500-50-1.00-SAT-1"
"802","29.480231","SPLOT-3CNF-FM-500-50-1.00-SAT-1"
"803","134.185267","SPLOT-3CNF-FM-500-50-1.00-SAT-1"
"804","34.942655","SPLOT-3CNF-FM-500-50-1.00-SAT-1"
"805","74.869444","SPLOT-3CNF-FM-500-50-1.00-SAT-1"
"806","36.464887","SPLOT-3CNF-FM-500-50-1.00-SAT-1"
"807","78.951793","SPLOT-3CNF-FM-500-50-1.00-SAT-1"
"808","26.887001","SPLOT-3CNF-FM-500-50-1.00-SAT-1"
"809","211.966991","SPLOT-3CNF-FM-500-50-1.00-SAT-1"
"810","27.827603","SPLOT-3CNF-FM-500-50-1.00-SAT-1"
"811","119.116443","SPLOT-3CNF-FM-500-50-1.00-SAT-1"
"812","111.470815","SPLOT-3CNF-FM-500-50-1.00-SAT-1"
"813","72.873894","SPLOT-3CNF-FM-500-50-1.00-SAT-1"
"814","38.50317","SPLOT-3CNF-FM-500-50-1.00-SAT-1"
"815","99.335069","SPLOT-3CNF-FM-500-50-1.00-SAT-1"
"816","42.555978","SPLOT-3CNF-FM-500-50-1.00-SAT-1"
"817","186.730398","SPLOT-3CNF-FM-500-50-1.00-SAT-1"
"818","99.312756","SPLOT-3CNF-FM-500-50-1.00-SAT-1"
"819","114.380618","SPLOT-3CNF-FM-500-50-1.00-SAT-1"
"820","293.778936","SPLOT-3CNF-FM-500-50-1.00-SAT-1"
"821","32.796462","SPLOT-3CNF-FM-500-50-1.00-SAT-1"
"822","26.466542","SPLOT-3CNF-FM-500-50-1.00-SAT-1"
"823","30.758858","SPLOT-3CNF-FM-500-50-1.00-SAT-1"
"824","110.532921","SPLOT-3CNF-FM-500-50-1.00-SAT-1"
"825","37.308918","SPLOT-3CNF-FM-500-50-1.00-SAT-1"
"826","141.195748","SPLOT-3CNF-FM-500-50-1.00-SAT-1"
"827","42.298278","SPLOT-3CNF-FM-500-50-1.00-SAT-1"
"828","118.364444","SPLOT-3CNF-FM-500-50-1.00-SAT-1"
"829","119.396791","SPLOT-3CNF-FM-500-50-1.00-SAT-1"
"830","115.318451","SPLOT-3CNF-FM-500-50-1.00-SAT-1"
"831","165.874209","SPLOT-3CNF-FM-500-50-1.00-SAT-1"
"832","74.4412","SPLOT-3CNF-FM-500-50-1.00-SAT-1"
"833","169.551582","SPLOT-3CNF-FM-500-50-1.00-SAT-1"
"834","82.069258","SPLOT-3CNF-FM-500-50-1.00-SAT-1"
"835","87.849716","SPLOT-3CNF-FM-500-50-1.00-SAT-1"
"836","112.031229","SPLOT-3CNF-FM-500-50-1.00-SAT-1"
"837","233.226155","SPLOT-3CNF-FM-500-50-1.00-SAT-1"
"838","238.61474","SPLOT-3CNF-FM-500-50-1.00-SAT-1"
"839","112.121718","SPLOT-3CNF-FM-500-50-1.00-SAT-1"
"840","42.254483","SPLOT-3CNF-FM-500-50-1.00-SAT-1"
"841","22.674209","SPLOT-3CNF-FM-500-50-1.00-SAT-1"
"842","486.729109","SPLOT-3CNF-FM-500-50-1.00-SAT-1"
"843","41.616046","SPLOT-3CNF-FM-500-50-1.00-SAT-1"
"844","135.625468","SPLOT-3CNF-FM-500-50-1.00-SAT-1"
"845","241.020591","SPLOT-3CNF-FM-500-50-1.00-SAT-1"
"846","37.79402","SPLOT-3CNF-FM-500-50-1.00-SAT-1"
"847","459.981417","SPLOT-3CNF-FM-500-50-1.00-SAT-1"
"848","41.117762","SPLOT-3CNF-FM-500-50-1.00-SAT-1"
"849","23.011273","SPLOT-3CNF-FM-500-50-1.00-SAT-1"
"850","27.939277","SPLOT-3CNF-FM-500-50-1.00-SAT-1"
"851","41.81586","SPLOT-3CNF-FM-500-50-1.00-SAT-1"
"852","203.296611","SPLOT-3CNF-FM-500-50-1.00-SAT-1"
"853","248.51841","SPLOT-3CNF-FM-500-50-1.00-SAT-1"
"854","314.242826","SPLOT-3CNF-FM-500-50-1.00-SAT-1"
"855","78.889838","SPLOT-3CNF-FM-500-50-1.00-SAT-1"
"856","62.655295","SPLOT-3CNF-FM-500-50-1.00-SAT-1"
"857","33.63414","SPLOT-3CNF-FM-500-50-1.00-SAT-1"
"858","189.321637","SPLOT-3CNF-FM-500-50-1.00-SAT-1"
"859","144.395354","SPLOT-3CNF-FM-500-50-1.00-SAT-1"
"860","71.339393","SPLOT-3CNF-FM-500-50-1.00-SAT-1"
"861","562.720485","SPLOT-3CNF-FM-500-50-1.00-SAT-1"
"862","46.78536","SPLOT-3CNF-FM-500-50-1.00-SAT-1"
"863","184.445429","SPLOT-3CNF-FM-500-50-1.00-SAT-1"
"864","39.654421","SPLOT-3CNF-FM-500-50-1.00-SAT-1"
"865","322.752835","SPLOT-3CNF-FM-500-50-1.00-SAT-1"
"866","270.424341","SPLOT-3CNF-FM-500-50-1.00-SAT-1"
"867","115.055388","SPLOT-3CNF-FM-500-50-1.00-SAT-1"
"868","148.881992","SPLOT-3CNF-FM-500-50-1.00-SAT-1"
"869","153.007395","SPLOT-3CNF-FM-500-50-1.00-SAT-1"
"870","65.273196","SPLOT-3CNF-FM-500-50-1.00-SAT-1"
"871","232.62431","SPLOT-3CNF-FM-500-50-1.00-SAT-1"
"872","22.559193","SPLOT-3CNF-FM-500-50-1.00-SAT-1"
"873","223.526001","SPLOT-3CNF-FM-500-50-1.00-SAT-1"
"874","1188.528584","SPLOT-3CNF-FM-500-50-1.00-SAT-1"
"875","329.917344","SPLOT-3CNF-FM-500-50-1.00-SAT-1"
"876","27.71641","SPLOT-3CNF-FM-500-50-1.00-SAT-1"
"877","89.529191","SPLOT-3CNF-FM-500-50-1.00-SAT-1"
"878","30.953321","SPLOT-3CNF-FM-500-50-1.00-SAT-1"
"879","93.298452","SPLOT-3CNF-FM-500-50-1.00-SAT-1"
"880","83.288821","SPLOT-3CNF-FM-500-50-1.00-SAT-1"
"881","136.271285","SPLOT-3CNF-FM-500-50-1.00-SAT-1"
"882","308.321226","SPLOT-3CNF-FM-500-50-1.00-SAT-1"
"883","61.497257","SPLOT-3CNF-FM-500-50-1.00-SAT-1"
"884","1242.266382","SPLOT-3CNF-FM-500-50-1.00-SAT-1"
"885","108.07225","SPLOT-3CNF-FM-500-50-1.00-SAT-1"
"886","141.282687","SPLOT-3CNF-FM-500-50-1.00-SAT-1"
"887","76.587742","SPLOT-3CNF-FM-500-50-1.00-SAT-1"
"888","44.761275","SPLOT-3CNF-FM-500-50-1.00-SAT-1"
"889","109.237824","SPLOT-3CNF-FM-500-50-1.00-SAT-1"
"890","138.707786","SPLOT-3CNF-FM-500-50-1.00-SAT-1"
"891","87.39865","SPLOT-3CNF-FM-500-50-1.00-SAT-1"
"892","82.048399","SPLOT-3CNF-FM-500-50-1.00-SAT-1"
"893","122.724177","SPLOT-3CNF-FM-500-50-1.00-SAT-1"
"894","369.936386","SPLOT-3CNF-FM-500-50-1.00-SAT-1"
"895","130.130575","SPLOT-3CNF-FM-500-50-1.00-SAT-1"
"896","152.493342","SPLOT-3CNF-FM-500-50-1.00-SAT-1"
"897","91.290737","SPLOT-3CNF-FM-500-50-1.00-SAT-1"
"898","105.950002","SPLOT-3CNF-FM-500-50-1.00-SAT-1"
"899","95.915931","SPLOT-3CNF-FM-500-50-1.00-SAT-1"
"900","124.505252","SPLOT-3CNF-FM-500-50-1.00-SAT-1"
