"","TIME","ALTERNATIVE"
"1","572.031137","x264ProductLine"
"2","62.547919","x264ProductLine"
"3","60.062134","x264ProductLine"
"4","67.134783","x264ProductLine"
"5","69.93471","x264ProductLine"
"6","56.305764","x264ProductLine"
"7","53.206556","x264ProductLine"
"8","63.716647","x264ProductLine"
"9","61.622781","x264ProductLine"
"10","53.476664","x264ProductLine"
"11","62.166008","x264ProductLine"
"12","108.304782","x264ProductLine"
"13","60.702669","x264ProductLine"
"14","53.42107","x264ProductLine"
"15","50.849085","x264ProductLine"
"16","56.944672","x264ProductLine"
"17","54.701066","x264ProductLine"
"18","59.581069","x264ProductLine"
"19","50.944189","x264ProductLine"
"20","54.586631","x264ProductLine"
"21","63.171297","x264ProductLine"
"22","51.510201","x264ProductLine"
"23","60.40985","x264ProductLine"
"24","51.189223","x264ProductLine"
"25","50.330613","x264ProductLine"
"26","50.073213","x264ProductLine"
"27","98.474668","x264ProductLine"
"28","105.174444","x264ProductLine"
"29","51.019248","x264ProductLine"
"30","68.705622","x264ProductLine"
"31","58.528175","x264ProductLine"
"32","60.85562","x264ProductLine"
"33","54.614849","x264ProductLine"
"34","63.261465","x264ProductLine"
"35","53.197803","x264ProductLine"
"36","61.348475","x264ProductLine"
"37","113.964725","x264ProductLine"
"38","55.762819","x264ProductLine"
"39","51.987933","x264ProductLine"
"40","57.290477","x264ProductLine"
"41","56.619607","x264ProductLine"
"42","55.103615","x264ProductLine"
"43","54.293592","x264ProductLine"
"44","69.77915","x264ProductLine"
"45","67.455174","x264ProductLine"
"46","56.724637","x264ProductLine"
"47","50.019039","x264ProductLine"
"48","50.353926","x264ProductLine"
"49","68.489185","x264ProductLine"
"50","53.787192","x264ProductLine"
"51","57.304982","x264ProductLine"
"52","104.646286","x264ProductLine"
"53","51.811691","x264ProductLine"
"54","58.40603","x264ProductLine"
"55","54.792674","x264ProductLine"
"56","57.45939","x264ProductLine"
"57","53.262934","x264ProductLine"
"58","51.726651","x264ProductLine"
"59","62.012945","x264ProductLine"
"60","51.903309","x264ProductLine"
"61","54.876456","x264ProductLine"
"62","53.567954","x264ProductLine"
"63","59.498776","x264ProductLine"
"64","57.483814","x264ProductLine"
"65","56.741516","x264ProductLine"
"66","59.72851","x264ProductLine"
"67","55.921691","x264ProductLine"
"68","51.969783","x264ProductLine"
"69","57.066259","x264ProductLine"
"70","54.219023","x264ProductLine"
"71","53.848053","x264ProductLine"
"72","56.190808","x264ProductLine"
"73","55.098301","x264ProductLine"
"74","56.549176","x264ProductLine"
"75","62.505864","x264ProductLine"
"76","64.331935","x264ProductLine"
"77","49.764774","x264ProductLine"
"78","59.335319","x264ProductLine"
"79","61.709656","x264ProductLine"
"80","59.1095","x264ProductLine"
"81","58.416678","x264ProductLine"
"82","54.579576","x264ProductLine"
"83","121.135633","x264ProductLine"
"84","65.066267","x264ProductLine"
"85","81.126946","x264ProductLine"
"86","66.343796","x264ProductLine"
"87","79.588931","x264ProductLine"
"88","70.963482","x264ProductLine"
"89","63.811215","x264ProductLine"
"90","56.099664","x264ProductLine"
"91","74.397571","x264ProductLine"
"92","60.184452","x264ProductLine"
"93","62.266801","x264ProductLine"
"94","50.178699","x264ProductLine"
"95","59.902182","x264ProductLine"
"96","58.152362","x264ProductLine"
"97","57.609658","x264ProductLine"
"98","50.832967","x264ProductLine"
"99","62.278615","x264ProductLine"
"100","55.253129","x264ProductLine"
"101","106.283474","WgetProductLine"
"102","56.657921","WgetProductLine"
"103","51.283155","WgetProductLine"
"104","52.997209","WgetProductLine"
"105","57.45741","WgetProductLine"
"106","50.431293","WgetProductLine"
"107","52.352117","WgetProductLine"
"108","61.202615","WgetProductLine"
"109","52.670878","WgetProductLine"
"110","49.872043","WgetProductLine"
"111","50.641609","WgetProductLine"
"112","59.503285","WgetProductLine"
"113","49.430081","WgetProductLine"
"114","48.852766","WgetProductLine"
"115","57.949741","WgetProductLine"
"116","53.262808","WgetProductLine"
"117","52.802207","WgetProductLine"
"118","55.849136","WgetProductLine"
"119","49.354085","WgetProductLine"
"120","52.906822","WgetProductLine"
"121","52.999547","WgetProductLine"
"122","56.210645","WgetProductLine"
"123","53.395037","WgetProductLine"
"124","53.889698","WgetProductLine"
"125","50.614261","WgetProductLine"
"126","57.658085","WgetProductLine"
"127","52.945063","WgetProductLine"
"128","55.53757","WgetProductLine"
"129","53.708628","WgetProductLine"
"130","51.113256","WgetProductLine"
"131","53.754663","WgetProductLine"
"132","68.548606","WgetProductLine"
"133","54.979617","WgetProductLine"
"134","58.299591","WgetProductLine"
"135","52.549801","WgetProductLine"
"136","51.100595","WgetProductLine"
"137","58.350693","WgetProductLine"
"138","62.322639","WgetProductLine"
"139","54.221695","WgetProductLine"
"140","54.148069","WgetProductLine"
"141","51.676389","WgetProductLine"
"142","49.863481","WgetProductLine"
"143","53.164734","WgetProductLine"
"144","51.477436","WgetProductLine"
"145","60.002083","WgetProductLine"
"146","49.129852","WgetProductLine"
"147","52.500939","WgetProductLine"
"148","52.02662","WgetProductLine"
"149","55.305964","WgetProductLine"
"150","47.803637","WgetProductLine"
"151","68.552036","WgetProductLine"
"152","51.790373","WgetProductLine"
"153","53.117091","WgetProductLine"
"154","53.531732","WgetProductLine"
"155","51.847027","WgetProductLine"
"156","51.896702","WgetProductLine"
"157","51.995108","WgetProductLine"
"158","49.182531","WgetProductLine"
"159","52.340228","WgetProductLine"
"160","54.837861","WgetProductLine"
"161","49.95953","WgetProductLine"
"162","54.276831","WgetProductLine"
"163","46.861971","WgetProductLine"
"164","49.718662","WgetProductLine"
"165","54.725403","WgetProductLine"
"166","50.46266","WgetProductLine"
"167","52.079949","WgetProductLine"
"168","50.756227","WgetProductLine"
"169","53.138951","WgetProductLine"
"170","49.572287","WgetProductLine"
"171","57.966071","WgetProductLine"
"172","53.283339","WgetProductLine"
"173","50.445242","WgetProductLine"
"174","63.587556","WgetProductLine"
"175","53.501239","WgetProductLine"
"176","53.575217","WgetProductLine"
"177","48.828735","WgetProductLine"
"178","59.453481","WgetProductLine"
"179","57.843202","WgetProductLine"
"180","52.465993","WgetProductLine"
"181","53.539533","WgetProductLine"
"182","50.252032","WgetProductLine"
"183","62.565073","WgetProductLine"
"184","51.737867","WgetProductLine"
"185","54.666697","WgetProductLine"
"186","50.485693","WgetProductLine"
"187","55.897322","WgetProductLine"
"188","51.477831","WgetProductLine"
"189","58.925697","WgetProductLine"
"190","51.144834","WgetProductLine"
"191","57.163759","WgetProductLine"
"192","49.351535","WgetProductLine"
"193","66.947557","WgetProductLine"
"194","51.350816","WgetProductLine"
"195","53.265305","WgetProductLine"
"196","53.044381","WgetProductLine"
"197","51.068354","WgetProductLine"
"198","50.703171","WgetProductLine"
"199","51.034245","WgetProductLine"
"200","66.350516","WgetProductLine"
"201","91.9174","BerkeleyDBMemoryversionProductLine"
"202","63.355442","BerkeleyDBMemoryversionProductLine"
"203","84.820322","BerkeleyDBMemoryversionProductLine"
"204","57.886588","BerkeleyDBMemoryversionProductLine"
"205","57.42011","BerkeleyDBMemoryversionProductLine"
"206","59.140847","BerkeleyDBMemoryversionProductLine"
"207","61.020244","BerkeleyDBMemoryversionProductLine"
"208","68.442864","BerkeleyDBMemoryversionProductLine"
"209","57.656981","BerkeleyDBMemoryversionProductLine"
"210","64.502744","BerkeleyDBMemoryversionProductLine"
"211","60.944129","BerkeleyDBMemoryversionProductLine"
"212","56.437263","BerkeleyDBMemoryversionProductLine"
"213","55.494651","BerkeleyDBMemoryversionProductLine"
"214","65.24597","BerkeleyDBMemoryversionProductLine"
"215","75.580488","BerkeleyDBMemoryversionProductLine"
"216","63.098781","BerkeleyDBMemoryversionProductLine"
"217","61.732632","BerkeleyDBMemoryversionProductLine"
"218","72.368651","BerkeleyDBMemoryversionProductLine"
"219","62.010193","BerkeleyDBMemoryversionProductLine"
"220","57.221193","BerkeleyDBMemoryversionProductLine"
"221","57.042326","BerkeleyDBMemoryversionProductLine"
"222","55.292277","BerkeleyDBMemoryversionProductLine"
"223","68.71696","BerkeleyDBMemoryversionProductLine"
"224","57.72246","BerkeleyDBMemoryversionProductLine"
"225","56.130413","BerkeleyDBMemoryversionProductLine"
"226","59.617401","BerkeleyDBMemoryversionProductLine"
"227","57.412072","BerkeleyDBMemoryversionProductLine"
"228","62.094088","BerkeleyDBMemoryversionProductLine"
"229","74.854238","BerkeleyDBMemoryversionProductLine"
"230","58.135423","BerkeleyDBMemoryversionProductLine"
"231","54.891367","BerkeleyDBMemoryversionProductLine"
"232","53.921349","BerkeleyDBMemoryversionProductLine"
"233","57.931063","BerkeleyDBMemoryversionProductLine"
"234","54.959442","BerkeleyDBMemoryversionProductLine"
"235","60.325348","BerkeleyDBMemoryversionProductLine"
"236","59.999752","BerkeleyDBMemoryversionProductLine"
"237","57.908264","BerkeleyDBMemoryversionProductLine"
"238","59.733252","BerkeleyDBMemoryversionProductLine"
"239","56.586006","BerkeleyDBMemoryversionProductLine"
"240","59.919234","BerkeleyDBMemoryversionProductLine"
"241","68.503532","BerkeleyDBMemoryversionProductLine"
"242","59.826445","BerkeleyDBMemoryversionProductLine"
"243","54.189696","BerkeleyDBMemoryversionProductLine"
"244","61.566498","BerkeleyDBMemoryversionProductLine"
"245","59.474878","BerkeleyDBMemoryversionProductLine"
"246","121.319715","BerkeleyDBMemoryversionProductLine"
"247","53.065992","BerkeleyDBMemoryversionProductLine"
"248","56.155991","BerkeleyDBMemoryversionProductLine"
"249","64.359375","BerkeleyDBMemoryversionProductLine"
"250","58.941396","BerkeleyDBMemoryversionProductLine"
"251","55.799491","BerkeleyDBMemoryversionProductLine"
"252","56.976533","BerkeleyDBMemoryversionProductLine"
"253","66.278601","BerkeleyDBMemoryversionProductLine"
"254","55.839959","BerkeleyDBMemoryversionProductLine"
"255","62.849134","BerkeleyDBMemoryversionProductLine"
"256","53.184052","BerkeleyDBMemoryversionProductLine"
"257","58.5603","BerkeleyDBMemoryversionProductLine"
"258","61.310587","BerkeleyDBMemoryversionProductLine"
"259","55.644785","BerkeleyDBMemoryversionProductLine"
"260","63.219744","BerkeleyDBMemoryversionProductLine"
"261","53.859708","BerkeleyDBMemoryversionProductLine"
"262","57.805536","BerkeleyDBMemoryversionProductLine"
"263","55.649986","BerkeleyDBMemoryversionProductLine"
"264","58.778793","BerkeleyDBMemoryversionProductLine"
"265","59.241159","BerkeleyDBMemoryversionProductLine"
"266","65.36341","BerkeleyDBMemoryversionProductLine"
"267","63.486271","BerkeleyDBMemoryversionProductLine"
"268","56.633037","BerkeleyDBMemoryversionProductLine"
"269","66.494404","BerkeleyDBMemoryversionProductLine"
"270","57.037452","BerkeleyDBMemoryversionProductLine"
"271","59.714516","BerkeleyDBMemoryversionProductLine"
"272","62.970963","BerkeleyDBMemoryversionProductLine"
"273","58.558768","BerkeleyDBMemoryversionProductLine"
"274","60.730801","BerkeleyDBMemoryversionProductLine"
"275","58.953319","BerkeleyDBMemoryversionProductLine"
"276","79.794765","BerkeleyDBMemoryversionProductLine"
"277","55.777222","BerkeleyDBMemoryversionProductLine"
"278","65.934535","BerkeleyDBMemoryversionProductLine"
"279","55.164454","BerkeleyDBMemoryversionProductLine"
"280","58.631054","BerkeleyDBMemoryversionProductLine"
"281","60.64592","BerkeleyDBMemoryversionProductLine"
"282","55.740065","BerkeleyDBMemoryversionProductLine"
"283","55.312105","BerkeleyDBMemoryversionProductLine"
"284","57.808707","BerkeleyDBMemoryversionProductLine"
"285","58.645382","BerkeleyDBMemoryversionProductLine"
"286","54.37881","BerkeleyDBMemoryversionProductLine"
"287","58.054314","BerkeleyDBMemoryversionProductLine"
"288","57.348133","BerkeleyDBMemoryversionProductLine"
"289","60.242045","BerkeleyDBMemoryversionProductLine"
"290","58.772873","BerkeleyDBMemoryversionProductLine"
"291","58.325503","BerkeleyDBMemoryversionProductLine"
"292","56.126941","BerkeleyDBMemoryversionProductLine"
"293","57.037849","BerkeleyDBMemoryversionProductLine"
"294","55.024453","BerkeleyDBMemoryversionProductLine"
"295","56.153511","BerkeleyDBMemoryversionProductLine"
"296","61.631313","BerkeleyDBMemoryversionProductLine"
"297","60.681964","BerkeleyDBMemoryversionProductLine"
"298","59.802607","BerkeleyDBMemoryversionProductLine"
"299","65.876228","BerkeleyDBMemoryversionProductLine"
"300","57.561585","BerkeleyDBMemoryversionProductLine"
"301","113.689001","SensorNetworkProductLine"
"302","79.165429","SensorNetworkProductLine"
"303","75.110988","SensorNetworkProductLine"
"304","73.632498","SensorNetworkProductLine"
"305","74.584782","SensorNetworkProductLine"
"306","74.769917","SensorNetworkProductLine"
"307","77.786889","SensorNetworkProductLine"
"308","84.320643","SensorNetworkProductLine"
"309","75.865539","SensorNetworkProductLine"
"310","77.114686","SensorNetworkProductLine"
"311","79.157068","SensorNetworkProductLine"
"312","79.867348","SensorNetworkProductLine"
"313","77.365873","SensorNetworkProductLine"
"314","73.329906","SensorNetworkProductLine"
"315","79.364917","SensorNetworkProductLine"
"316","80.559676","SensorNetworkProductLine"
"317","78.64154","SensorNetworkProductLine"
"318","77.339736","SensorNetworkProductLine"
"319","100.762583","SensorNetworkProductLine"
"320","76.065088","SensorNetworkProductLine"
"321","77.098366","SensorNetworkProductLine"
"322","76.108249","SensorNetworkProductLine"
"323","73.171665","SensorNetworkProductLine"
"324","82.510716","SensorNetworkProductLine"
"325","75.313211","SensorNetworkProductLine"
"326","73.619745","SensorNetworkProductLine"
"327","73.888276","SensorNetworkProductLine"
"328","82.591735","SensorNetworkProductLine"
"329","75.559366","SensorNetworkProductLine"
"330","73.705646","SensorNetworkProductLine"
"331","72.696","SensorNetworkProductLine"
"332","71.969772","SensorNetworkProductLine"
"333","79.151927","SensorNetworkProductLine"
"334","72.509365","SensorNetworkProductLine"
"335","80.527953","SensorNetworkProductLine"
"336","77.976685","SensorNetworkProductLine"
"337","78.194462","SensorNetworkProductLine"
"338","76.505704","SensorNetworkProductLine"
"339","79.334656","SensorNetworkProductLine"
"340","76.116191","SensorNetworkProductLine"
"341","78.792236","SensorNetworkProductLine"
"342","77.352616","SensorNetworkProductLine"
"343","83.553174","SensorNetworkProductLine"
"344","80.571616","SensorNetworkProductLine"
"345","98.825898","SensorNetworkProductLine"
"346","110.174478","SensorNetworkProductLine"
"347","70.992528","SensorNetworkProductLine"
"348","84.809034","SensorNetworkProductLine"
"349","75.87607","SensorNetworkProductLine"
"350","76.686502","SensorNetworkProductLine"
"351","77.694119","SensorNetworkProductLine"
"352","75.584683","SensorNetworkProductLine"
"353","80.917393","SensorNetworkProductLine"
"354","72.011258","SensorNetworkProductLine"
"355","80.837982","SensorNetworkProductLine"
"356","72.243122","SensorNetworkProductLine"
"357","75.376942","SensorNetworkProductLine"
"358","72.04855","SensorNetworkProductLine"
"359","74.5702","SensorNetworkProductLine"
"360","73.644644","SensorNetworkProductLine"
"361","74.418199","SensorNetworkProductLine"
"362","76.619191","SensorNetworkProductLine"
"363","88.041494","SensorNetworkProductLine"
"364","79.259724","SensorNetworkProductLine"
"365","75.083327","SensorNetworkProductLine"
"366","72.128815","SensorNetworkProductLine"
"367","78.057747","SensorNetworkProductLine"
"368","81.058905","SensorNetworkProductLine"
"369","74.46887","SensorNetworkProductLine"
"370","100.649627","SensorNetworkProductLine"
"371","75.344222","SensorNetworkProductLine"
"372","78.639827","SensorNetworkProductLine"
"373","73.552374","SensorNetworkProductLine"
"374","70.429872","SensorNetworkProductLine"
"375","78.806017","SensorNetworkProductLine"
"376","76.231576","SensorNetworkProductLine"
"377","73.959782","SensorNetworkProductLine"
"378","73.292733","SensorNetworkProductLine"
"379","75.697049","SensorNetworkProductLine"
"380","78.037194","SensorNetworkProductLine"
"381","79.900023","SensorNetworkProductLine"
"382","71.591522","SensorNetworkProductLine"
"383","85.531826","SensorNetworkProductLine"
"384","76.057335","SensorNetworkProductLine"
"385","73.13684","SensorNetworkProductLine"
"386","75.100983","SensorNetworkProductLine"
"387","75.546189","SensorNetworkProductLine"
"388","75.860713","SensorNetworkProductLine"
"389","80.175604","SensorNetworkProductLine"
"390","78.881227","SensorNetworkProductLine"
"391","79.90618","SensorNetworkProductLine"
"392","76.428311","SensorNetworkProductLine"
"393","72.88057","SensorNetworkProductLine"
"394","93.063203","SensorNetworkProductLine"
"395","85.381947","SensorNetworkProductLine"
"396","72.529377","SensorNetworkProductLine"
"397","89.844236","SensorNetworkProductLine"
"398","78.577811","SensorNetworkProductLine"
"399","75.115324","SensorNetworkProductLine"
"400","76.100531","SensorNetworkProductLine"
"401","395.923416","StrategyMobileGame"
"402","106.506986","StrategyMobileGame"
"403","106.841501","StrategyMobileGame"
"404","96.055965","StrategyMobileGame"
"405","92.540144","StrategyMobileGame"
"406","92.583945","StrategyMobileGame"
"407","93.587398","StrategyMobileGame"
"408","92.3792","StrategyMobileGame"
"409","94.185794","StrategyMobileGame"
"410","91.875019","StrategyMobileGame"
"411","93.384922","StrategyMobileGame"
"412","94.842033","StrategyMobileGame"
"413","98.556287","StrategyMobileGame"
"414","88.371135","StrategyMobileGame"
"415","92.341649","StrategyMobileGame"
"416","119.364147","StrategyMobileGame"
"417","88.4593","StrategyMobileGame"
"418","92.997849","StrategyMobileGame"
"419","96.876695","StrategyMobileGame"
"420","96.208266","StrategyMobileGame"
"421","92.261691","StrategyMobileGame"
"422","91.319562","StrategyMobileGame"
"423","87.839346","StrategyMobileGame"
"424","93.839356","StrategyMobileGame"
"425","98.656754","StrategyMobileGame"
"426","93.223346","StrategyMobileGame"
"427","101.513158","StrategyMobileGame"
"428","90.049894","StrategyMobileGame"
"429","93.095176","StrategyMobileGame"
"430","92.722291","StrategyMobileGame"
"431","88.611581","StrategyMobileGame"
"432","88.001203","StrategyMobileGame"
"433","99.869867","StrategyMobileGame"
"434","89.390217","StrategyMobileGame"
"435","87.98325","StrategyMobileGame"
"436","116.174212","StrategyMobileGame"
"437","109.764671","StrategyMobileGame"
"438","93.202937","StrategyMobileGame"
"439","106.145829","StrategyMobileGame"
"440","95.196244","StrategyMobileGame"
"441","93.293435","StrategyMobileGame"
"442","93.936954","StrategyMobileGame"
"443","89.130392","StrategyMobileGame"
"444","91.922218","StrategyMobileGame"
"445","93.096688","StrategyMobileGame"
"446","112.127953","StrategyMobileGame"
"447","84.43645","StrategyMobileGame"
"448","90.926981","StrategyMobileGame"
"449","94.647346","StrategyMobileGame"
"450","91.41398","StrategyMobileGame"
"451","93.738795","StrategyMobileGame"
"452","95.280858","StrategyMobileGame"
"453","92.423455","StrategyMobileGame"
"454","87.948053","StrategyMobileGame"
"455","89.008783","StrategyMobileGame"
"456","88.896416","StrategyMobileGame"
"457","92.368343","StrategyMobileGame"
"458","90.880165","StrategyMobileGame"
"459","97.203451","StrategyMobileGame"
"460","89.410444","StrategyMobileGame"
"461","86.752218","StrategyMobileGame"
"462","94.490982","StrategyMobileGame"
"463","90.857369","StrategyMobileGame"
"464","92.639373","StrategyMobileGame"
"465","86.907921","StrategyMobileGame"
"466","90.433653","StrategyMobileGame"
"467","98.496117","StrategyMobileGame"
"468","95.130388","StrategyMobileGame"
"469","97.804077","StrategyMobileGame"
"470","88.856481","StrategyMobileGame"
"471","92.569654","StrategyMobileGame"
"472","88.518658","StrategyMobileGame"
"473","89.058371","StrategyMobileGame"
"474","87.179417","StrategyMobileGame"
"475","87.374212","StrategyMobileGame"
"476","89.571543","StrategyMobileGame"
"477","96.265289","StrategyMobileGame"
"478","90.541982","StrategyMobileGame"
"479","91.805814","StrategyMobileGame"
"480","93.568768","StrategyMobileGame"
"481","88.732858","StrategyMobileGame"
"482","97.057581","StrategyMobileGame"
"483","89.680043","StrategyMobileGame"
"484","88.957677","StrategyMobileGame"
"485","103.532892","StrategyMobileGame"
"486","87.439774","StrategyMobileGame"
"487","93.398438","StrategyMobileGame"
"488","87.702981","StrategyMobileGame"
"489","89.330524","StrategyMobileGame"
"490","93.985396","StrategyMobileGame"
"491","92.071814","StrategyMobileGame"
"492","90.868138","StrategyMobileGame"
"493","93.123376","StrategyMobileGame"
"494","91.139379","StrategyMobileGame"
"495","90.183116","StrategyMobileGame"
"496","91.292219","StrategyMobileGame"
"497","91.832441","StrategyMobileGame"
"498","89.419296","StrategyMobileGame"
"499","95.304077","StrategyMobileGame"
"500","90.341886","StrategyMobileGame"
"501","113.950217","TankWar"
"502","102.586914","TankWar"
"503","105.390515","TankWar"
"504","106.836858","TankWar"
"505","103.473436","TankWar"
"506","104.966363","TankWar"
"507","102.379475","TankWar"
"508","100.547566","TankWar"
"509","96.882412","TankWar"
"510","112.730531","TankWar"
"511","98.065798","TankWar"
"512","105.301852","TankWar"
"513","93.176363","TankWar"
"514","97.395776","TankWar"
"515","99.237916","TankWar"
"516","96.186627","TankWar"
"517","94.535461","TankWar"
"518","98.319506","TankWar"
"519","100.437103","TankWar"
"520","101.968878","TankWar"
"521","95.493076","TankWar"
"522","106.35305","TankWar"
"523","96.273756","TankWar"
"524","104.968828","TankWar"
"525","99.655416","TankWar"
"526","92.590294","TankWar"
"527","96.386032","TankWar"
"528","104.179531","TankWar"
"529","100.18299","TankWar"
"530","94.50594","TankWar"
"531","96.468483","TankWar"
"532","94.980336","TankWar"
"533","93.228169","TankWar"
"534","98.549603","TankWar"
"535","95.493974","TankWar"
"536","106.703902","TankWar"
"537","100.518521","TankWar"
"538","95.221269","TankWar"
"539","95.302615","TankWar"
"540","94.879997","TankWar"
"541","100.888559","TankWar"
"542","96.1212","TankWar"
"543","94.903129","TankWar"
"544","107.221742","TankWar"
"545","102.409679","TankWar"
"546","103.779431","TankWar"
"547","95.207051","TankWar"
"548","99.37168","TankWar"
"549","96.604932","TankWar"
"550","102.019264","TankWar"
"551","96.454498","TankWar"
"552","98.12254","TankWar"
"553","102.395537","TankWar"
"554","97.417906","TankWar"
"555","96.510521","TankWar"
"556","95.513788","TankWar"
"557","95.474668","TankWar"
"558","97.42282","TankWar"
"559","102.316422","TankWar"
"560","94.660392","TankWar"
"561","99.673725","TankWar"
"562","98.540859","TankWar"
"563","94.548331","TankWar"
"564","100.795","TankWar"
"565","99.567953","TankWar"
"566","92.623998","TankWar"
"567","99.005232","TankWar"
"568","97.664069","TankWar"
"569","103.638022","TankWar"
"570","94.10558","TankWar"
"571","107.982751","TankWar"
"572","99.936102","TankWar"
"573","117.67679","TankWar"
"574","95.571174","TankWar"
"575","95.431072","TankWar"
"576","100.268305","TankWar"
"577","100.721164","TankWar"
"578","100.72541","TankWar"
"579","92.547446","TankWar"
"580","98.860445","TankWar"
"581","96.267051","TankWar"
"582","93.088335","TankWar"
"583","94.440591","TankWar"
"584","103.857038","TankWar"
"585","269.330802","TankWar"
"586","102.558421","TankWar"
"587","93.734981","TankWar"
"588","99.700184","TankWar"
"589","94.413542","TankWar"
"590","107.70882","TankWar"
"591","95.192849","TankWar"
"592","99.474864","TankWar"
"593","96.202814","TankWar"
"594","92.093226","TankWar"
"595","100.568381","TankWar"
"596","108.692156","TankWar"
"597","101.682352","TankWar"
"598","96.349838","TankWar"
"599","98.809795","TankWar"
"600","93.538352","TankWar"
"601","126.515301","MobileMedia2"
"602","123.459239","MobileMedia2"
"603","119.439498","MobileMedia2"
"604","116.784523","MobileMedia2"
"605","116.341828","MobileMedia2"
"606","118.550511","MobileMedia2"
"607","114.321551","MobileMedia2"
"608","114.706317","MobileMedia2"
"609","109.465913","MobileMedia2"
"610","111.140818","MobileMedia2"
"611","130.817945","MobileMedia2"
"612","114.739923","MobileMedia2"
"613","203.185167","MobileMedia2"
"614","114.026749","MobileMedia2"
"615","118.751001","MobileMedia2"
"616","149.696476","MobileMedia2"
"617","116.34931","MobileMedia2"
"618","109.411419","MobileMedia2"
"619","110.146215","MobileMedia2"
"620","116.254115","MobileMedia2"
"621","112.992538","MobileMedia2"
"622","115.731635","MobileMedia2"
"623","113.128987","MobileMedia2"
"624","118.531081","MobileMedia2"
"625","121.333914","MobileMedia2"
"626","114.512169","MobileMedia2"
"627","108.632833","MobileMedia2"
"628","114.894818","MobileMedia2"
"629","109.462894","MobileMedia2"
"630","266.56865","MobileMedia2"
"631","111.701448","MobileMedia2"
"632","270.519591","MobileMedia2"
"633","112.866556","MobileMedia2"
"634","110.680903","MobileMedia2"
"635","153.517073","MobileMedia2"
"636","112.908629","MobileMedia2"
"637","113.523308","MobileMedia2"
"638","107.819524","MobileMedia2"
"639","115.551095","MobileMedia2"
"640","119.913891","MobileMedia2"
"641","106.438892","MobileMedia2"
"642","110.806394","MobileMedia2"
"643","108.741693","MobileMedia2"
"644","112.010129","MobileMedia2"
"645","113.953683","MobileMedia2"
"646","115.905345","MobileMedia2"
"647","108.85422","MobileMedia2"
"648","114.412545","MobileMedia2"
"649","109.322632","MobileMedia2"
"650","115.686713","MobileMedia2"
"651","110.077442","MobileMedia2"
"652","114.11114","MobileMedia2"
"653","116.483287","MobileMedia2"
"654","108.14603","MobileMedia2"
"655","115.387283","MobileMedia2"
"656","112.378554","MobileMedia2"
"657","113.271471","MobileMedia2"
"658","105.55667","MobileMedia2"
"659","109.917367","MobileMedia2"
"660","110.696475","MobileMedia2"
"661","118.390948","MobileMedia2"
"662","114.633148","MobileMedia2"
"663","105.667941","MobileMedia2"
"664","109.294424","MobileMedia2"
"665","114.13473","MobileMedia2"
"666","111.633321","MobileMedia2"
"667","108.391426","MobileMedia2"
"668","107.152562","MobileMedia2"
"669","114.707401","MobileMedia2"
"670","104.283872","MobileMedia2"
"671","109.672877","MobileMedia2"
"672","111.052104","MobileMedia2"
"673","114.341268","MobileMedia2"
"674","110.897252","MobileMedia2"
"675","110.275178","MobileMedia2"
"676","110.371464","MobileMedia2"
"677","113.96167","MobileMedia2"
"678","112.158112","MobileMedia2"
"679","110.428473","MobileMedia2"
"680","106.860214","MobileMedia2"
"681","113.464746","MobileMedia2"
"682","110.129126","MobileMedia2"
"683","116.522921","MobileMedia2"
"684","110.362143","MobileMedia2"
"685","138.279254","MobileMedia2"
"686","109.532534","MobileMedia2"
"687","134.666035","MobileMedia2"
"688","109.371348","MobileMedia2"
"689","113.452386","MobileMedia2"
"690","111.626835","MobileMedia2"
"691","119.186497","MobileMedia2"
"692","117.869161","MobileMedia2"
"693","116.717213","MobileMedia2"
"694","114.158623","MobileMedia2"
"695","117.337318","MobileMedia2"
"696","109.083887","MobileMedia2"
"697","113.316441","MobileMedia2"
"698","110.2603","MobileMedia2"
"699","110.644348","MobileMedia2"
"700","109.165039","MobileMedia2"
"701","140.244234","MobileGuide"
"702","141.502607","MobileGuide"
"703","117.93067","MobileGuide"
"704","125.645748","MobileGuide"
"705","112.653202","MobileGuide"
"706","127.261955","MobileGuide"
"707","120.978927","MobileGuide"
"708","114.89579","MobileGuide"
"709","120.835542","MobileGuide"
"710","127.149498","MobileGuide"
"711","116.341087","MobileGuide"
"712","117.707447","MobileGuide"
"713","126.820227","MobileGuide"
"714","113.096367","MobileGuide"
"715","114.975513","MobileGuide"
"716","111.069253","MobileGuide"
"717","116.837118","MobileGuide"
"718","120.197562","MobileGuide"
"719","118.496861","MobileGuide"
"720","109.577345","MobileGuide"
"721","114.022182","MobileGuide"
"722","120.428409","MobileGuide"
"723","120.806179","MobileGuide"
"724","119.937537","MobileGuide"
"725","117.091186","MobileGuide"
"726","113.237522","MobileGuide"
"727","116.414834","MobileGuide"
"728","118.047854","MobileGuide"
"729","119.299987","MobileGuide"
"730","166.609706","MobileGuide"
"731","123.048048","MobileGuide"
"732","111.768531","MobileGuide"
"733","122.7014","MobileGuide"
"734","125.163054","MobileGuide"
"735","111.735216","MobileGuide"
"736","118.769923","MobileGuide"
"737","118.576798","MobileGuide"
"738","118.402461","MobileGuide"
"739","114.597116","MobileGuide"
"740","116.149356","MobileGuide"
"741","117.208197","MobileGuide"
"742","121.653222","MobileGuide"
"743","111.803471","MobileGuide"
"744","120.393635","MobileGuide"
"745","116.270513","MobileGuide"
"746","114.079101","MobileGuide"
"747","108.477013","MobileGuide"
"748","112.130431","MobileGuide"
"749","119.117851","MobileGuide"
"750","113.657379","MobileGuide"
"751","112.784976","MobileGuide"
"752","114.459853","MobileGuide"
"753","119.690653","MobileGuide"
"754","112.452191","MobileGuide"
"755","119.999086","MobileGuide"
"756","113.105133","MobileGuide"
"757","116.191488","MobileGuide"
"758","119.52241","MobileGuide"
"759","110.434287","MobileGuide"
"760","118.272817","MobileGuide"
"761","125.395836","MobileGuide"
"762","112.187574","MobileGuide"
"763","112.67747","MobileGuide"
"764","116.419246","MobileGuide"
"765","122.37151","MobileGuide"
"766","108.687558","MobileGuide"
"767","117.907872","MobileGuide"
"768","124.111458","MobileGuide"
"769","117.357638","MobileGuide"
"770","110.427917","MobileGuide"
"771","110.534858","MobileGuide"
"772","127.344533","MobileGuide"
"773","110.718197","MobileGuide"
"774","113.038557","MobileGuide"
"775","117.092899","MobileGuide"
"776","125.564904","MobileGuide"
"777","114.223873","MobileGuide"
"778","126.880614","MobileGuide"
"779","127.375832","MobileGuide"
"780","111.057918","MobileGuide"
"781","116.456718","MobileGuide"
"782","111.621932","MobileGuide"
"783","114.075927","MobileGuide"
"784","117.493656","MobileGuide"
"785","113.818281","MobileGuide"
"786","112.640345","MobileGuide"
"787","111.135709","MobileGuide"
"788","112.96647","MobileGuide"
"789","109.495264","MobileGuide"
"790","111.118145","MobileGuide"
"791","113.630392","MobileGuide"
"792","115.343635","MobileGuide"
"793","187.037522","MobileGuide"
"794","113.916821","MobileGuide"
"795","110.418206","MobileGuide"
"796","118.121494","MobileGuide"
"797","116.047206","MobileGuide"
"798","117.421209","MobileGuide"
"799","125.552963","MobileGuide"
"800","115.518425","MobileGuide"
"801","1496.182164","SPLOT-3CNF-FM-500-50-1.00-SAT-1"
"802","1432.554458","SPLOT-3CNF-FM-500-50-1.00-SAT-1"
"803","1524.442817","SPLOT-3CNF-FM-500-50-1.00-SAT-1"
"804","1410.822165","SPLOT-3CNF-FM-500-50-1.00-SAT-1"
"805","1453.270255","SPLOT-3CNF-FM-500-50-1.00-SAT-1"
"806","1417.80823","SPLOT-3CNF-FM-500-50-1.00-SAT-1"
"807","1455.59585","SPLOT-3CNF-FM-500-50-1.00-SAT-1"
"808","1402.968848","SPLOT-3CNF-FM-500-50-1.00-SAT-1"
"809","1602.931546","SPLOT-3CNF-FM-500-50-1.00-SAT-1"
"810","1406.46582","SPLOT-3CNF-FM-500-50-1.00-SAT-1"
"811","1483.508026","SPLOT-3CNF-FM-500-50-1.00-SAT-1"
"812","1486.281688","SPLOT-3CNF-FM-500-50-1.00-SAT-1"
"813","1463.55725","SPLOT-3CNF-FM-500-50-1.00-SAT-1"
"814","1411.953301","SPLOT-3CNF-FM-500-50-1.00-SAT-1"
"815","1478.889342","SPLOT-3CNF-FM-500-50-1.00-SAT-1"
"816","1419.595561","SPLOT-3CNF-FM-500-50-1.00-SAT-1"
"817","1560.06305","SPLOT-3CNF-FM-500-50-1.00-SAT-1"
"818","1474.845152","SPLOT-3CNF-FM-500-50-1.00-SAT-1"
"819","1486.033671","SPLOT-3CNF-FM-500-50-1.00-SAT-1"
"820","1666.35478","SPLOT-3CNF-FM-500-50-1.00-SAT-1"
"821","1416.106148","SPLOT-3CNF-FM-500-50-1.00-SAT-1"
"822","1405.958971","SPLOT-3CNF-FM-500-50-1.00-SAT-1"
"823","1414.776094","SPLOT-3CNF-FM-500-50-1.00-SAT-1"
"824","1488.778051","SPLOT-3CNF-FM-500-50-1.00-SAT-1"
"825","1425.529202","SPLOT-3CNF-FM-500-50-1.00-SAT-1"
"826","1537.010094","SPLOT-3CNF-FM-500-50-1.00-SAT-1"
"827","1432.960946","SPLOT-3CNF-FM-500-50-1.00-SAT-1"
"828","1502.273072","SPLOT-3CNF-FM-500-50-1.00-SAT-1"
"829","1495.482086","SPLOT-3CNF-FM-500-50-1.00-SAT-1"
"830","1498.276392","SPLOT-3CNF-FM-500-50-1.00-SAT-1"
"831","1532.083133","SPLOT-3CNF-FM-500-50-1.00-SAT-1"
"832","1466.130452","SPLOT-3CNF-FM-500-50-1.00-SAT-1"
"833","1545.49306","SPLOT-3CNF-FM-500-50-1.00-SAT-1"
"834","1501.754762","SPLOT-3CNF-FM-500-50-1.00-SAT-1"
"835","1466.527534","SPLOT-3CNF-FM-500-50-1.00-SAT-1"
"836","1493.240478","SPLOT-3CNF-FM-500-50-1.00-SAT-1"
"837","1615.665798","SPLOT-3CNF-FM-500-50-1.00-SAT-1"
"838","1624.990111","SPLOT-3CNF-FM-500-50-1.00-SAT-1"
"839","1506.877263","SPLOT-3CNF-FM-500-50-1.00-SAT-1"
"840","1417.170054","SPLOT-3CNF-FM-500-50-1.00-SAT-1"
"841","1389.228128","SPLOT-3CNF-FM-500-50-1.00-SAT-1"
"842","1866.543017","SPLOT-3CNF-FM-500-50-1.00-SAT-1"
"843","1426.553856","SPLOT-3CNF-FM-500-50-1.00-SAT-1"
"844","1531.304542","SPLOT-3CNF-FM-500-50-1.00-SAT-1"
"845","1621.662709","SPLOT-3CNF-FM-500-50-1.00-SAT-1"
"846","1398.261342","SPLOT-3CNF-FM-500-50-1.00-SAT-1"
"847","1832.241974","SPLOT-3CNF-FM-500-50-1.00-SAT-1"
"848","1427.474524","SPLOT-3CNF-FM-500-50-1.00-SAT-1"
"849","1396.742321","SPLOT-3CNF-FM-500-50-1.00-SAT-1"
"850","1405.325772","SPLOT-3CNF-FM-500-50-1.00-SAT-1"
"851","1433.669203","SPLOT-3CNF-FM-500-50-1.00-SAT-1"
"852","1588.506801","SPLOT-3CNF-FM-500-50-1.00-SAT-1"
"853","1616.943991","SPLOT-3CNF-FM-500-50-1.00-SAT-1"
"854","1674.912096","SPLOT-3CNF-FM-500-50-1.00-SAT-1"
"855","1450.937951","SPLOT-3CNF-FM-500-50-1.00-SAT-1"
"856","1438.586818","SPLOT-3CNF-FM-500-50-1.00-SAT-1"
"857","1407.921889","SPLOT-3CNF-FM-500-50-1.00-SAT-1"
"858","1580.466919","SPLOT-3CNF-FM-500-50-1.00-SAT-1"
"859","1531.604495","SPLOT-3CNF-FM-500-50-1.00-SAT-1"
"860","1454.611317","SPLOT-3CNF-FM-500-50-1.00-SAT-1"
"861","1942.284484","SPLOT-3CNF-FM-500-50-1.00-SAT-1"
"862","1427.272547","SPLOT-3CNF-FM-500-50-1.00-SAT-1"
"863","1565.688065","SPLOT-3CNF-FM-500-50-1.00-SAT-1"
"864","1424.477066","SPLOT-3CNF-FM-500-50-1.00-SAT-1"
"865","1699.967827","SPLOT-3CNF-FM-500-50-1.00-SAT-1"
"866","1647.880734","SPLOT-3CNF-FM-500-50-1.00-SAT-1"
"867","1488.723761","SPLOT-3CNF-FM-500-50-1.00-SAT-1"
"868","1540.752693","SPLOT-3CNF-FM-500-50-1.00-SAT-1"
"869","1528.902714","SPLOT-3CNF-FM-500-50-1.00-SAT-1"
"870","1448.519853","SPLOT-3CNF-FM-500-50-1.00-SAT-1"
"871","1603.295415","SPLOT-3CNF-FM-500-50-1.00-SAT-1"
"872","1409.398193","SPLOT-3CNF-FM-500-50-1.00-SAT-1"
"873","1606.453963","SPLOT-3CNF-FM-500-50-1.00-SAT-1"
"874","2586.152211","SPLOT-3CNF-FM-500-50-1.00-SAT-1"
"875","1711.567204","SPLOT-3CNF-FM-500-50-1.00-SAT-1"
"876","1415.451512","SPLOT-3CNF-FM-500-50-1.00-SAT-1"
"877","1460.095036","SPLOT-3CNF-FM-500-50-1.00-SAT-1"
"878","1432.225691","SPLOT-3CNF-FM-500-50-1.00-SAT-1"
"879","1463.566686","SPLOT-3CNF-FM-500-50-1.00-SAT-1"
"880","1455.940595","SPLOT-3CNF-FM-500-50-1.00-SAT-1"
"881","1507.124702","SPLOT-3CNF-FM-500-50-1.00-SAT-1"
"882","1688.755564","SPLOT-3CNF-FM-500-50-1.00-SAT-1"
"883","1439.24196","SPLOT-3CNF-FM-500-50-1.00-SAT-1"
"884","2627.558176","SPLOT-3CNF-FM-500-50-1.00-SAT-1"
"885","1497.977754","SPLOT-3CNF-FM-500-50-1.00-SAT-1"
"886","1504.829016","SPLOT-3CNF-FM-500-50-1.00-SAT-1"
"887","1452.272028","SPLOT-3CNF-FM-500-50-1.00-SAT-1"
"888","1406.534275","SPLOT-3CNF-FM-500-50-1.00-SAT-1"
"889","1482.976141","SPLOT-3CNF-FM-500-50-1.00-SAT-1"
"890","1529.457414","SPLOT-3CNF-FM-500-50-1.00-SAT-1"
"891","1482.031619","SPLOT-3CNF-FM-500-50-1.00-SAT-1"
"892","1457.784725","SPLOT-3CNF-FM-500-50-1.00-SAT-1"
"893","1492.2081","SPLOT-3CNF-FM-500-50-1.00-SAT-1"
"894","1751.875394","SPLOT-3CNF-FM-500-50-1.00-SAT-1"
"895","1520.703013","SPLOT-3CNF-FM-500-50-1.00-SAT-1"
"896","1531.674373","SPLOT-3CNF-FM-500-50-1.00-SAT-1"
"897","1474.364781","SPLOT-3CNF-FM-500-50-1.00-SAT-1"
"898","1468.991464","SPLOT-3CNF-FM-500-50-1.00-SAT-1"
"899","1497.857047","SPLOT-3CNF-FM-500-50-1.00-SAT-1"
"900","1495.010658","SPLOT-3CNF-FM-500-50-1.00-SAT-1"
