"","TIME","ALTERNATIVE"
"1","1282.352045","x264ProductLine"
"2","149.595428","x264ProductLine"
"3","71.196701","x264ProductLine"
"4","88.926009","x264ProductLine"
"5","71.253612","x264ProductLine"
"6","66.73847","x264ProductLine"
"7","64.646228","x264ProductLine"
"8","75.680786","x264ProductLine"
"9","69.623972","x264ProductLine"
"10","130.014345","x264ProductLine"
"11","72.509237","x264ProductLine"
"12","82.351681","x264ProductLine"
"13","130.004424","x264ProductLine"
"14","88.147823","x264ProductLine"
"15","71.685771","x264ProductLine"
"16","66.550745","x264ProductLine"
"17","63.862393","x264ProductLine"
"18","128.190566","x264ProductLine"
"19","69.031214","x264ProductLine"
"20","74.92467","x264ProductLine"
"21","75.988443","x264ProductLine"
"22","72.554509","x264ProductLine"
"23","120.326249","x264ProductLine"
"24","69.315647","x264ProductLine"
"25","73.425966","x264ProductLine"
"26","54.36902","x264ProductLine"
"27","105.650634","x264ProductLine"
"28","73.415204","x264ProductLine"
"29","64.803307","x264ProductLine"
"30","70.94122","x264ProductLine"
"31","68.622448","x264ProductLine"
"32","65.528057","x264ProductLine"
"33","85.749874","x264ProductLine"
"34","68.36407","x264ProductLine"
"35","130.846709","x264ProductLine"
"36","66.304777","x264ProductLine"
"37","65.464409","x264ProductLine"
"38","57.641041","x264ProductLine"
"39","67.531516","x264ProductLine"
"40","88.859721","x264ProductLine"
"41","73.816016","x264ProductLine"
"42","74.692887","x264ProductLine"
"43","65.294309","x264ProductLine"
"44","67.34558","x264ProductLine"
"45","57.946859","x264ProductLine"
"46","65.140083","x264ProductLine"
"47","61.190962","x264ProductLine"
"48","64.723434","x264ProductLine"
"49","73.879222","x264ProductLine"
"50","76.184457","x264ProductLine"
"51","69.943358","x264ProductLine"
"52","54.092175","x264ProductLine"
"53","111.10483","x264ProductLine"
"54","66.33914","x264ProductLine"
"55","66.289148","x264ProductLine"
"56","66.585539","x264ProductLine"
"57","116.218347","x264ProductLine"
"58","71.528342","x264ProductLine"
"59","62.235731","x264ProductLine"
"60","61.686823","x264ProductLine"
"61","63.415412","x264ProductLine"
"62","69.641958","x264ProductLine"
"63","72.290847","x264ProductLine"
"64","81.51106","x264ProductLine"
"65","66.572296","x264ProductLine"
"66","62.273937","x264ProductLine"
"67","69.92235","x264ProductLine"
"68","65.199298","x264ProductLine"
"69","87.067928","x264ProductLine"
"70","73.411956","x264ProductLine"
"71","68.164987","x264ProductLine"
"72","72.644175","x264ProductLine"
"73","77.792258","x264ProductLine"
"74","116.801644","x264ProductLine"
"75","129.083741","x264ProductLine"
"76","107.224631","x264ProductLine"
"77","61.143629","x264ProductLine"
"78","68.59074","x264ProductLine"
"79","92.190902","x264ProductLine"
"80","62.51081","x264ProductLine"
"81","60.913345","x264ProductLine"
"82","66.282451","x264ProductLine"
"83","68.419367","x264ProductLine"
"84","66.397475","x264ProductLine"
"85","62.529088","x264ProductLine"
"86","60.424601","x264ProductLine"
"87","64.244403","x264ProductLine"
"88","128.992418","x264ProductLine"
"89","63.488944","x264ProductLine"
"90","69.559167","x264ProductLine"
"91","83.156636","x264ProductLine"
"92","67.589402","x264ProductLine"
"93","73.608763","x264ProductLine"
"94","65.303497","x264ProductLine"
"95","55.206334","x264ProductLine"
"96","63.075527","x264ProductLine"
"97","71.833494","x264ProductLine"
"98","62.587801","x264ProductLine"
"99","116.248148","x264ProductLine"
"100","72.254322","x264ProductLine"
"101","446.435778","WgetProductLine"
"102","68.685125","WgetProductLine"
"103","61.355878","WgetProductLine"
"104","66.163871","WgetProductLine"
"105","76.883775","WgetProductLine"
"106","49.702147","WgetProductLine"
"107","63.267755","WgetProductLine"
"108","77.137306","WgetProductLine"
"109","51.629234","WgetProductLine"
"110","70.509556","WgetProductLine"
"111","59.57288","WgetProductLine"
"112","54.249395","WgetProductLine"
"113","65.228146","WgetProductLine"
"114","50.233522","WgetProductLine"
"115","76.03147","WgetProductLine"
"116","86.47655","WgetProductLine"
"117","49.081812","WgetProductLine"
"118","98.276481","WgetProductLine"
"119","50.361939","WgetProductLine"
"120","67.175288","WgetProductLine"
"121","57.434183","WgetProductLine"
"122","49.402151","WgetProductLine"
"123","52.641496","WgetProductLine"
"124","48.53232","WgetProductLine"
"125","48.753324","WgetProductLine"
"126","49.582833","WgetProductLine"
"127","52.273013","WgetProductLine"
"128","50.002485","WgetProductLine"
"129","53.056368","WgetProductLine"
"130","57.551014","WgetProductLine"
"131","48.761945","WgetProductLine"
"132","48.66873","WgetProductLine"
"133","57.646146","WgetProductLine"
"134","58.341696","WgetProductLine"
"135","53.224259","WgetProductLine"
"136","51.333148","WgetProductLine"
"137","56.909912","WgetProductLine"
"138","53.945771","WgetProductLine"
"139","51.541005","WgetProductLine"
"140","52.525202","WgetProductLine"
"141","54.45726","WgetProductLine"
"142","47.223887","WgetProductLine"
"143","53.247149","WgetProductLine"
"144","66.146208","WgetProductLine"
"145","48.884472","WgetProductLine"
"146","58.064936","WgetProductLine"
"147","54.083637","WgetProductLine"
"148","52.764099","WgetProductLine"
"149","51.546645","WgetProductLine"
"150","53.002288","WgetProductLine"
"151","54.50543","WgetProductLine"
"152","49.199606","WgetProductLine"
"153","53.444406","WgetProductLine"
"154","66.395313","WgetProductLine"
"155","54.474379","WgetProductLine"
"156","48.772507","WgetProductLine"
"157","50.623818","WgetProductLine"
"158","49.555884","WgetProductLine"
"159","47.666039","WgetProductLine"
"160","50.452338","WgetProductLine"
"161","49.223314","WgetProductLine"
"162","53.254049","WgetProductLine"
"163","57.871608","WgetProductLine"
"164","58.617238","WgetProductLine"
"165","66.882009","WgetProductLine"
"166","55.188294","WgetProductLine"
"167","51.420567","WgetProductLine"
"168","52.779442","WgetProductLine"
"169","52.81784","WgetProductLine"
"170","65.671783","WgetProductLine"
"171","48.015474","WgetProductLine"
"172","51.79363","WgetProductLine"
"173","53.024064","WgetProductLine"
"174","58.377627","WgetProductLine"
"175","69.36667","WgetProductLine"
"176","126.494473","WgetProductLine"
"177","60.980724","WgetProductLine"
"178","48.726251","WgetProductLine"
"179","58.239125","WgetProductLine"
"180","54.227789","WgetProductLine"
"181","51.20665","WgetProductLine"
"182","52.77603","WgetProductLine"
"183","57.324396","WgetProductLine"
"184","51.669144","WgetProductLine"
"185","48.802904","WgetProductLine"
"186","52.740874","WgetProductLine"
"187","63.282491","WgetProductLine"
"188","97.735801","WgetProductLine"
"189","50.3318","WgetProductLine"
"190","49.519146","WgetProductLine"
"191","48.621724","WgetProductLine"
"192","52.615285","WgetProductLine"
"193","67.199653","WgetProductLine"
"194","57.894929","WgetProductLine"
"195","56.479908","WgetProductLine"
"196","95.754104","WgetProductLine"
"197","60.372087","WgetProductLine"
"198","70.551541","WgetProductLine"
"199","61.864065","WgetProductLine"
"200","49.02773","WgetProductLine"
"201","366.084285","BerkeleyDBMemoryversionProductLine"
"202","60.651447","BerkeleyDBMemoryversionProductLine"
"203","63.476033","BerkeleyDBMemoryversionProductLine"
"204","65.019184","BerkeleyDBMemoryversionProductLine"
"205","79.144968","BerkeleyDBMemoryversionProductLine"
"206","65.047548","BerkeleyDBMemoryversionProductLine"
"207","62.661601","BerkeleyDBMemoryversionProductLine"
"208","64.096926","BerkeleyDBMemoryversionProductLine"
"209","61.839062","BerkeleyDBMemoryversionProductLine"
"210","63.281681","BerkeleyDBMemoryversionProductLine"
"211","57.490091","BerkeleyDBMemoryversionProductLine"
"212","66.60939","BerkeleyDBMemoryversionProductLine"
"213","63.47088","BerkeleyDBMemoryversionProductLine"
"214","59.051482","BerkeleyDBMemoryversionProductLine"
"215","53.982928","BerkeleyDBMemoryversionProductLine"
"216","58.908962","BerkeleyDBMemoryversionProductLine"
"217","65.717021","BerkeleyDBMemoryversionProductLine"
"218","63.678949","BerkeleyDBMemoryversionProductLine"
"219","62.124243","BerkeleyDBMemoryversionProductLine"
"220","52.913495","BerkeleyDBMemoryversionProductLine"
"221","52.661225","BerkeleyDBMemoryversionProductLine"
"222","68.474765","BerkeleyDBMemoryversionProductLine"
"223","56.721725","BerkeleyDBMemoryversionProductLine"
"224","58.406129","BerkeleyDBMemoryversionProductLine"
"225","52.108178","BerkeleyDBMemoryversionProductLine"
"226","61.520411","BerkeleyDBMemoryversionProductLine"
"227","76.536403","BerkeleyDBMemoryversionProductLine"
"228","56.897327","BerkeleyDBMemoryversionProductLine"
"229","59.361814","BerkeleyDBMemoryversionProductLine"
"230","56.923831","BerkeleyDBMemoryversionProductLine"
"231","56.904821","BerkeleyDBMemoryversionProductLine"
"232","53.057445","BerkeleyDBMemoryversionProductLine"
"233","52.864748","BerkeleyDBMemoryversionProductLine"
"234","58.911911","BerkeleyDBMemoryversionProductLine"
"235","63.413747","BerkeleyDBMemoryversionProductLine"
"236","53.996945","BerkeleyDBMemoryversionProductLine"
"237","58.005767","BerkeleyDBMemoryversionProductLine"
"238","56.954704","BerkeleyDBMemoryversionProductLine"
"239","55.281649","BerkeleyDBMemoryversionProductLine"
"240","59.501884","BerkeleyDBMemoryversionProductLine"
"241","54.292702","BerkeleyDBMemoryversionProductLine"
"242","52.859738","BerkeleyDBMemoryversionProductLine"
"243","60.757277","BerkeleyDBMemoryversionProductLine"
"244","51.964373","BerkeleyDBMemoryversionProductLine"
"245","53.969063","BerkeleyDBMemoryversionProductLine"
"246","58.253684","BerkeleyDBMemoryversionProductLine"
"247","61.986952","BerkeleyDBMemoryversionProductLine"
"248","52.053475","BerkeleyDBMemoryversionProductLine"
"249","55.436499","BerkeleyDBMemoryversionProductLine"
"250","57.051416","BerkeleyDBMemoryversionProductLine"
"251","55.601734","BerkeleyDBMemoryversionProductLine"
"252","60.62963","BerkeleyDBMemoryversionProductLine"
"253","52.804154","BerkeleyDBMemoryversionProductLine"
"254","63.840123","BerkeleyDBMemoryversionProductLine"
"255","56.815327","BerkeleyDBMemoryversionProductLine"
"256","53.345596","BerkeleyDBMemoryversionProductLine"
"257","52.733375","BerkeleyDBMemoryversionProductLine"
"258","134.863853","BerkeleyDBMemoryversionProductLine"
"259","62.191098","BerkeleyDBMemoryversionProductLine"
"260","57.879293","BerkeleyDBMemoryversionProductLine"
"261","57.117121","BerkeleyDBMemoryversionProductLine"
"262","54.790722","BerkeleyDBMemoryversionProductLine"
"263","63.688535","BerkeleyDBMemoryversionProductLine"
"264","55.663266","BerkeleyDBMemoryversionProductLine"
"265","53.694983","BerkeleyDBMemoryversionProductLine"
"266","52.859028","BerkeleyDBMemoryversionProductLine"
"267","54.129738","BerkeleyDBMemoryversionProductLine"
"268","64.709861","BerkeleyDBMemoryversionProductLine"
"269","58.823031","BerkeleyDBMemoryversionProductLine"
"270","65.502504","BerkeleyDBMemoryversionProductLine"
"271","75.394137","BerkeleyDBMemoryversionProductLine"
"272","66.143484","BerkeleyDBMemoryversionProductLine"
"273","56.529597","BerkeleyDBMemoryversionProductLine"
"274","125.533387","BerkeleyDBMemoryversionProductLine"
"275","54.290658","BerkeleyDBMemoryversionProductLine"
"276","65.441976","BerkeleyDBMemoryversionProductLine"
"277","70.88701","BerkeleyDBMemoryversionProductLine"
"278","52.144116","BerkeleyDBMemoryversionProductLine"
"279","56.366275","BerkeleyDBMemoryversionProductLine"
"280","57.349276","BerkeleyDBMemoryversionProductLine"
"281","54.152907","BerkeleyDBMemoryversionProductLine"
"282","53.550402","BerkeleyDBMemoryversionProductLine"
"283","52.216321","BerkeleyDBMemoryversionProductLine"
"284","52.671297","BerkeleyDBMemoryversionProductLine"
"285","95.882682","BerkeleyDBMemoryversionProductLine"
"286","68.572692","BerkeleyDBMemoryversionProductLine"
"287","73.106305","BerkeleyDBMemoryversionProductLine"
"288","57.180745","BerkeleyDBMemoryversionProductLine"
"289","62.550127","BerkeleyDBMemoryversionProductLine"
"290","56.869674","BerkeleyDBMemoryversionProductLine"
"291","55.392621","BerkeleyDBMemoryversionProductLine"
"292","57.420745","BerkeleyDBMemoryversionProductLine"
"293","63.559492","BerkeleyDBMemoryversionProductLine"
"294","58.080761","BerkeleyDBMemoryversionProductLine"
"295","54.463629","BerkeleyDBMemoryversionProductLine"
"296","52.743122","BerkeleyDBMemoryversionProductLine"
"297","77.025851","BerkeleyDBMemoryversionProductLine"
"298","62.02603","BerkeleyDBMemoryversionProductLine"
"299","63.490492","BerkeleyDBMemoryversionProductLine"
"300","53.280484","BerkeleyDBMemoryversionProductLine"
"301","112.776055","SensorNetworkProductLine"
"302","107.930708","SensorNetworkProductLine"
"303","93.329199","SensorNetworkProductLine"
"304","71.871948","SensorNetworkProductLine"
"305","78.775586","SensorNetworkProductLine"
"306","79.024189","SensorNetworkProductLine"
"307","96.501245","SensorNetworkProductLine"
"308","75.829683","SensorNetworkProductLine"
"309","81.456601","SensorNetworkProductLine"
"310","80.751843","SensorNetworkProductLine"
"311","76.760156","SensorNetworkProductLine"
"312","84.575261","SensorNetworkProductLine"
"313","89.713475","SensorNetworkProductLine"
"314","73.575155","SensorNetworkProductLine"
"315","80.34546","SensorNetworkProductLine"
"316","78.010676","SensorNetworkProductLine"
"317","70.703881","SensorNetworkProductLine"
"318","70.935727","SensorNetworkProductLine"
"319","70.972286","SensorNetworkProductLine"
"320","80.013659","SensorNetworkProductLine"
"321","77.986811","SensorNetworkProductLine"
"322","70.514732","SensorNetworkProductLine"
"323","75.096198","SensorNetworkProductLine"
"324","72.923972","SensorNetworkProductLine"
"325","71.33518","SensorNetworkProductLine"
"326","72.658483","SensorNetworkProductLine"
"327","84.058155","SensorNetworkProductLine"
"328","97.646489","SensorNetworkProductLine"
"329","99.324278","SensorNetworkProductLine"
"330","76.657115","SensorNetworkProductLine"
"331","71.989494","SensorNetworkProductLine"
"332","74.39775","SensorNetworkProductLine"
"333","82.784475","SensorNetworkProductLine"
"334","79.193431","SensorNetworkProductLine"
"335","69.588627","SensorNetworkProductLine"
"336","71.222125","SensorNetworkProductLine"
"337","71.763202","SensorNetworkProductLine"
"338","77.925224","SensorNetworkProductLine"
"339","75.973678","SensorNetworkProductLine"
"340","70.524513","SensorNetworkProductLine"
"341","73.588002","SensorNetworkProductLine"
"342","71.970662","SensorNetworkProductLine"
"343","76.769324","SensorNetworkProductLine"
"344","80.147462","SensorNetworkProductLine"
"345","73.546771","SensorNetworkProductLine"
"346","69.785333","SensorNetworkProductLine"
"347","70.672339","SensorNetworkProductLine"
"348","72.083372","SensorNetworkProductLine"
"349","79.856812","SensorNetworkProductLine"
"350","79.366097","SensorNetworkProductLine"
"351","74.791467","SensorNetworkProductLine"
"352","71.992266","SensorNetworkProductLine"
"353","78.365578","SensorNetworkProductLine"
"354","75.152757","SensorNetworkProductLine"
"355","77.125419","SensorNetworkProductLine"
"356","81.01489","SensorNetworkProductLine"
"357","79.44585","SensorNetworkProductLine"
"358","82.330774","SensorNetworkProductLine"
"359","80.270024","SensorNetworkProductLine"
"360","74.938705","SensorNetworkProductLine"
"361","74.017456","SensorNetworkProductLine"
"362","75.256576","SensorNetworkProductLine"
"363","74.371037","SensorNetworkProductLine"
"364","80.342882","SensorNetworkProductLine"
"365","75.87223","SensorNetworkProductLine"
"366","158.895336","SensorNetworkProductLine"
"367","71.152835","SensorNetworkProductLine"
"368","70.188926","SensorNetworkProductLine"
"369","81.00385","SensorNetworkProductLine"
"370","77.974344","SensorNetworkProductLine"
"371","100.988599","SensorNetworkProductLine"
"372","70.752969","SensorNetworkProductLine"
"373","69.768988","SensorNetworkProductLine"
"374","89.208735","SensorNetworkProductLine"
"375","75.129138","SensorNetworkProductLine"
"376","71.613152","SensorNetworkProductLine"
"377","73.379949","SensorNetworkProductLine"
"378","75.363598","SensorNetworkProductLine"
"379","78.656179","SensorNetworkProductLine"
"380","78.370438","SensorNetworkProductLine"
"381","79.473776","SensorNetworkProductLine"
"382","81.86171","SensorNetworkProductLine"
"383","86.772637","SensorNetworkProductLine"
"384","77.102002","SensorNetworkProductLine"
"385","79.360481","SensorNetworkProductLine"
"386","70.849492","SensorNetworkProductLine"
"387","162.311188","SensorNetworkProductLine"
"388","70.652534","SensorNetworkProductLine"
"389","72.815549","SensorNetworkProductLine"
"390","69.575087","SensorNetworkProductLine"
"391","73.272239","SensorNetworkProductLine"
"392","77.86406","SensorNetworkProductLine"
"393","81.685638","SensorNetworkProductLine"
"394","73.882014","SensorNetworkProductLine"
"395","80.807308","SensorNetworkProductLine"
"396","74.555889","SensorNetworkProductLine"
"397","79.181212","SensorNetworkProductLine"
"398","72.694201","SensorNetworkProductLine"
"399","78.241921","SensorNetworkProductLine"
"400","71.118499","SensorNetworkProductLine"
"401","119.777576","StrategyMobileGame"
"402","100.150534","StrategyMobileGame"
"403","97.754417","StrategyMobileGame"
"404","98.994328","StrategyMobileGame"
"405","91.238855","StrategyMobileGame"
"406","99.042186","StrategyMobileGame"
"407","93.172738","StrategyMobileGame"
"408","106.41415","StrategyMobileGame"
"409","98.755743","StrategyMobileGame"
"410","101.374474","StrategyMobileGame"
"411","112.976189","StrategyMobileGame"
"412","104.431626","StrategyMobileGame"
"413","94.336892","StrategyMobileGame"
"414","100.840892","StrategyMobileGame"
"415","88.742272","StrategyMobileGame"
"416","92.176634","StrategyMobileGame"
"417","95.695139","StrategyMobileGame"
"418","87.225957","StrategyMobileGame"
"419","96.066353","StrategyMobileGame"
"420","95.152346","StrategyMobileGame"
"421","96.766693","StrategyMobileGame"
"422","93.56327","StrategyMobileGame"
"423","90.565105","StrategyMobileGame"
"424","88.772452","StrategyMobileGame"
"425","85.825477","StrategyMobileGame"
"426","93.916483","StrategyMobileGame"
"427","91.760478","StrategyMobileGame"
"428","84.650497","StrategyMobileGame"
"429","100.570349","StrategyMobileGame"
"430","84.636568","StrategyMobileGame"
"431","87.148824","StrategyMobileGame"
"432","84.463836","StrategyMobileGame"
"433","85.976256","StrategyMobileGame"
"434","84.194281","StrategyMobileGame"
"435","85.133818","StrategyMobileGame"
"436","95.383592","StrategyMobileGame"
"437","88.856535","StrategyMobileGame"
"438","90.391143","StrategyMobileGame"
"439","91.001835","StrategyMobileGame"
"440","94.788691","StrategyMobileGame"
"441","91.387096","StrategyMobileGame"
"442","88.923128","StrategyMobileGame"
"443","88.983007","StrategyMobileGame"
"444","91.780436","StrategyMobileGame"
"445","85.569218","StrategyMobileGame"
"446","92.640662","StrategyMobileGame"
"447","86.34788","StrategyMobileGame"
"448","90.375046","StrategyMobileGame"
"449","95.825713","StrategyMobileGame"
"450","88.061289","StrategyMobileGame"
"451","85.0005","StrategyMobileGame"
"452","92.902552","StrategyMobileGame"
"453","96.87101","StrategyMobileGame"
"454","91.974513","StrategyMobileGame"
"455","84.864193","StrategyMobileGame"
"456","92.194647","StrategyMobileGame"
"457","94.44796","StrategyMobileGame"
"458","85.661233","StrategyMobileGame"
"459","103.257988","StrategyMobileGame"
"460","90.189081","StrategyMobileGame"
"461","92.263458","StrategyMobileGame"
"462","97.752266","StrategyMobileGame"
"463","86.049291","StrategyMobileGame"
"464","88.478375","StrategyMobileGame"
"465","88.39397","StrategyMobileGame"
"466","166.301827","StrategyMobileGame"
"467","94.421025","StrategyMobileGame"
"468","84.900928","StrategyMobileGame"
"469","91.624393","StrategyMobileGame"
"470","90.511982","StrategyMobileGame"
"471","100.218917","StrategyMobileGame"
"472","84.95458","StrategyMobileGame"
"473","93.181238","StrategyMobileGame"
"474","93.822203","StrategyMobileGame"
"475","92.821131","StrategyMobileGame"
"476","89.384235","StrategyMobileGame"
"477","86.326272","StrategyMobileGame"
"478","93.317272","StrategyMobileGame"
"479","86.620187","StrategyMobileGame"
"480","85.960819","StrategyMobileGame"
"481","186.964817","StrategyMobileGame"
"482","88.420502","StrategyMobileGame"
"483","85.877347","StrategyMobileGame"
"484","97.417081","StrategyMobileGame"
"485","106.474884","StrategyMobileGame"
"486","92.205665","StrategyMobileGame"
"487","103.022988","StrategyMobileGame"
"488","89.018341","StrategyMobileGame"
"489","92.187533","StrategyMobileGame"
"490","87.03127","StrategyMobileGame"
"491","98.51401","StrategyMobileGame"
"492","153.050511","StrategyMobileGame"
"493","91.49405","StrategyMobileGame"
"494","86.36072","StrategyMobileGame"
"495","90.913115","StrategyMobileGame"
"496","95.419523","StrategyMobileGame"
"497","93.695759","StrategyMobileGame"
"498","91.187522","StrategyMobileGame"
"499","88.706505","StrategyMobileGame"
"500","88.122811","StrategyMobileGame"
"501","124.640447","TankWar"
"502","101.660132","TankWar"
"503","105.707515","TankWar"
"504","130.984503","TankWar"
"505","105.417162","TankWar"
"506","115.301468","TankWar"
"507","111.171616","TankWar"
"508","93.557478","TankWar"
"509","100.768072","TankWar"
"510","102.340055","TankWar"
"511","107.253862","TankWar"
"512","101.000421","TankWar"
"513","101.334184","TankWar"
"514","103.537804","TankWar"
"515","105.022433","TankWar"
"516","99.7075","TankWar"
"517","113.074474","TankWar"
"518","92.387889","TankWar"
"519","101.189014","TankWar"
"520","99.269336","TankWar"
"521","97.247051","TankWar"
"522","96.116261","TankWar"
"523","91.549201","TankWar"
"524","95.375744","TankWar"
"525","97.197478","TankWar"
"526","118.992192","TankWar"
"527","99.203322","TankWar"
"528","90.928231","TankWar"
"529","94.112962","TankWar"
"530","101.661913","TankWar"
"531","99.404977","TankWar"
"532","96.95763","TankWar"
"533","98.332898","TankWar"
"534","91.0738","TankWar"
"535","96.833744","TankWar"
"536","102.341119","TankWar"
"537","95.225721","TankWar"
"538","99.031591","TankWar"
"539","101.028155","TankWar"
"540","92.758362","TankWar"
"541","95.788337","TankWar"
"542","102.009751","TankWar"
"543","109.887739","TankWar"
"544","103.837744","TankWar"
"545","96.624696","TankWar"
"546","100.656024","TankWar"
"547","95.661804","TankWar"
"548","103.751954","TankWar"
"549","98.45749","TankWar"
"550","97.746991","TankWar"
"551","93.014811","TankWar"
"552","106.993286","TankWar"
"553","106.902485","TankWar"
"554","94.717223","TankWar"
"555","163.832401","TankWar"
"556","95.728395","TankWar"
"557","108.151225","TankWar"
"558","98.053241","TankWar"
"559","115.52731","TankWar"
"560","98.501047","TankWar"
"561","94.321971","TankWar"
"562","110.453184","TankWar"
"563","97.532856","TankWar"
"564","97.51139","TankWar"
"565","107.697626","TankWar"
"566","108.244651","TankWar"
"567","99.254474","TankWar"
"568","105.692238","TankWar"
"569","98.787521","TankWar"
"570","95.213652","TankWar"
"571","95.647936","TankWar"
"572","97.064855","TankWar"
"573","94.79958","TankWar"
"574","94.933805","TankWar"
"575","99.300556","TankWar"
"576","100.594519","TankWar"
"577","98.466106","TankWar"
"578","97.435884","TankWar"
"579","98.401217","TankWar"
"580","102.396216","TankWar"
"581","98.221126","TankWar"
"582","91.735998","TankWar"
"583","96.829244","TankWar"
"584","97.400861","TankWar"
"585","98.203231","TankWar"
"586","99.346897","TankWar"
"587","110.296135","TankWar"
"588","95.305906","TankWar"
"589","110.897423","TankWar"
"590","96.648349","TankWar"
"591","96.597706","TankWar"
"592","94.898381","TankWar"
"593","168.243226","TankWar"
"594","95.110678","TankWar"
"595","94.659157","TankWar"
"596","91.919812","TankWar"
"597","103.323195","TankWar"
"598","98.351678","TankWar"
"599","95.477446","TankWar"
"600","99.271687","TankWar"
"601","117.793742","MobileMedia2"
"602","115.47633","MobileMedia2"
"603","120.284124","MobileMedia2"
"604","115.365266","MobileMedia2"
"605","125.291709","MobileMedia2"
"606","121.180959","MobileMedia2"
"607","116.772509","MobileMedia2"
"608","115.956207","MobileMedia2"
"609","124.387407","MobileMedia2"
"610","113.974014","MobileMedia2"
"611","113.270807","MobileMedia2"
"612","115.548941","MobileMedia2"
"613","116.300608","MobileMedia2"
"614","117.280398","MobileMedia2"
"615","117.030906","MobileMedia2"
"616","124.874645","MobileMedia2"
"617","120.853772","MobileMedia2"
"618","106.617408","MobileMedia2"
"619","111.422705","MobileMedia2"
"620","109.541801","MobileMedia2"
"621","114.104131","MobileMedia2"
"622","106.816868","MobileMedia2"
"623","111.079108","MobileMedia2"
"624","117.645603","MobileMedia2"
"625","114.556373","MobileMedia2"
"626","108.273098","MobileMedia2"
"627","115.726632","MobileMedia2"
"628","117.469868","MobileMedia2"
"629","112.488771","MobileMedia2"
"630","129.377222","MobileMedia2"
"631","115.331756","MobileMedia2"
"632","115.890732","MobileMedia2"
"633","123.454578","MobileMedia2"
"634","114.045074","MobileMedia2"
"635","118.704193","MobileMedia2"
"636","117.561093","MobileMedia2"
"637","108.377794","MobileMedia2"
"638","108.711379","MobileMedia2"
"639","111.668551","MobileMedia2"
"640","117.34427","MobileMedia2"
"641","108.87403","MobileMedia2"
"642","112.287205","MobileMedia2"
"643","114.883428","MobileMedia2"
"644","113.591649","MobileMedia2"
"645","107.345332","MobileMedia2"
"646","106.13931","MobileMedia2"
"647","104.460741","MobileMedia2"
"648","109.777736","MobileMedia2"
"649","112.533642","MobileMedia2"
"650","201.209381","MobileMedia2"
"651","107.849792","MobileMedia2"
"652","110.490324","MobileMedia2"
"653","116.212434","MobileMedia2"
"654","107.540873","MobileMedia2"
"655","111.330837","MobileMedia2"
"656","108.672849","MobileMedia2"
"657","116.33413","MobileMedia2"
"658","109.532862","MobileMedia2"
"659","132.760485","MobileMedia2"
"660","111.347359","MobileMedia2"
"661","111.187377","MobileMedia2"
"662","130.734654","MobileMedia2"
"663","108.805218","MobileMedia2"
"664","105.688621","MobileMedia2"
"665","105.557091","MobileMedia2"
"666","110.200824","MobileMedia2"
"667","120.710518","MobileMedia2"
"668","106.996821","MobileMedia2"
"669","111.330712","MobileMedia2"
"670","109.135808","MobileMedia2"
"671","115.228943","MobileMedia2"
"672","107.884287","MobileMedia2"
"673","113.174954","MobileMedia2"
"674","108.412849","MobileMedia2"
"675","110.888269","MobileMedia2"
"676","113.1858","MobileMedia2"
"677","108.625859","MobileMedia2"
"678","107.454768","MobileMedia2"
"679","110.09609","MobileMedia2"
"680","115.299477","MobileMedia2"
"681","106.904387","MobileMedia2"
"682","115.831486","MobileMedia2"
"683","117.511162","MobileMedia2"
"684","109.808832","MobileMedia2"
"685","115.557277","MobileMedia2"
"686","124.992079","MobileMedia2"
"687","167.053534","MobileMedia2"
"688","105.87755","MobileMedia2"
"689","119.782584","MobileMedia2"
"690","110.096195","MobileMedia2"
"691","110.556719","MobileMedia2"
"692","112.15008","MobileMedia2"
"693","137.1572","MobileMedia2"
"694","112.140954","MobileMedia2"
"695","109.185759","MobileMedia2"
"696","109.066575","MobileMedia2"
"697","110.250423","MobileMedia2"
"698","208.311937","MobileMedia2"
"699","106.503403","MobileMedia2"
"700","116.374347","MobileMedia2"
"701","198.345385","MobileGuide"
"702","126.469626","MobileGuide"
"703","120.120173","MobileGuide"
"704","143.521561","MobileGuide"
"705","120.973671","MobileGuide"
"706","117.966088","MobileGuide"
"707","117.113751","MobileGuide"
"708","131.242772","MobileGuide"
"709","123.763645","MobileGuide"
"710","113.722223","MobileGuide"
"711","123.583368","MobileGuide"
"712","126.426911","MobileGuide"
"713","113.933409","MobileGuide"
"714","130.702053","MobileGuide"
"715","112.449164","MobileGuide"
"716","123.122857","MobileGuide"
"717","114.674014","MobileGuide"
"718","127.016905","MobileGuide"
"719","109.594502","MobileGuide"
"720","109.298475","MobileGuide"
"721","107.773375","MobileGuide"
"722","114.260648","MobileGuide"
"723","107.716571","MobileGuide"
"724","115.327557","MobileGuide"
"725","112.347933","MobileGuide"
"726","108.12553","MobileGuide"
"727","125.920001","MobileGuide"
"728","108.969363","MobileGuide"
"729","124.483615","MobileGuide"
"730","117.302981","MobileGuide"
"731","112.548775","MobileGuide"
"732","114.818481","MobileGuide"
"733","122.953191","MobileGuide"
"734","113.970197","MobileGuide"
"735","134.326475","MobileGuide"
"736","112.857476","MobileGuide"
"737","109.685592","MobileGuide"
"738","187.937565","MobileGuide"
"739","110.000457","MobileGuide"
"740","116.724852","MobileGuide"
"741","109.306766","MobileGuide"
"742","110.223427","MobileGuide"
"743","125.844461","MobileGuide"
"744","128.418787","MobileGuide"
"745","118.197078","MobileGuide"
"746","115.700557","MobileGuide"
"747","112.800416","MobileGuide"
"748","113.863235","MobileGuide"
"749","109.009813","MobileGuide"
"750","129.930423","MobileGuide"
"751","118.434119","MobileGuide"
"752","128.0487","MobileGuide"
"753","108.840845","MobileGuide"
"754","111.946139","MobileGuide"
"755","124.690149","MobileGuide"
"756","138.686972","MobileGuide"
"757","127.155612","MobileGuide"
"758","113.02714","MobileGuide"
"759","121.674194","MobileGuide"
"760","114.545095","MobileGuide"
"761","116.853934","MobileGuide"
"762","122.443172","MobileGuide"
"763","117.147958","MobileGuide"
"764","114.64907","MobileGuide"
"765","112.898355","MobileGuide"
"766","108.740667","MobileGuide"
"767","117.464971","MobileGuide"
"768","126.329739","MobileGuide"
"769","111.847816","MobileGuide"
"770","119.468817","MobileGuide"
"771","118.750704","MobileGuide"
"772","112.667332","MobileGuide"
"773","114.604109","MobileGuide"
"774","111.66366","MobileGuide"
"775","115.644176","MobileGuide"
"776","109.879253","MobileGuide"
"777","115.151302","MobileGuide"
"778","113.2383","MobileGuide"
"779","112.908934","MobileGuide"
"780","111.370647","MobileGuide"
"781","126.438861","MobileGuide"
"782","215.908862","MobileGuide"
"783","108.981565","MobileGuide"
"784","115.048927","MobileGuide"
"785","116.803209","MobileGuide"
"786","115.194212","MobileGuide"
"787","131.023391","MobileGuide"
"788","125.640792","MobileGuide"
"789","128.077026","MobileGuide"
"790","109.167432","MobileGuide"
"791","109.464385","MobileGuide"
"792","124.622536","MobileGuide"
"793","116.615832","MobileGuide"
"794","114.763554","MobileGuide"
"795","116.138138","MobileGuide"
"796","116.849359","MobileGuide"
"797","116.276512","MobileGuide"
"798","115.607714","MobileGuide"
"799","113.992482","MobileGuide"
"800","122.879915","MobileGuide"
"801","1540.832901","SPLOT-3CNF-FM-500-50-1.00-SAT-1"
"802","1509.465665","SPLOT-3CNF-FM-500-50-1.00-SAT-1"
"803","1528.859879","SPLOT-3CNF-FM-500-50-1.00-SAT-1"
"804","1533.918162","SPLOT-3CNF-FM-500-50-1.00-SAT-1"
"805","1574.364425","SPLOT-3CNF-FM-500-50-1.00-SAT-1"
"806","1481.182364","SPLOT-3CNF-FM-500-50-1.00-SAT-1"
"807","1569.636794","SPLOT-3CNF-FM-500-50-1.00-SAT-1"
"808","1525.05722","SPLOT-3CNF-FM-500-50-1.00-SAT-1"
"809","1576.247768","SPLOT-3CNF-FM-500-50-1.00-SAT-1"
"810","1538.992274","SPLOT-3CNF-FM-500-50-1.00-SAT-1"
"811","1635.894612","SPLOT-3CNF-FM-500-50-1.00-SAT-1"
"812","1549.364913","SPLOT-3CNF-FM-500-50-1.00-SAT-1"
"813","1496.014671","SPLOT-3CNF-FM-500-50-1.00-SAT-1"
"814","1573.083598","SPLOT-3CNF-FM-500-50-1.00-SAT-1"
"815","1563.172542","SPLOT-3CNF-FM-500-50-1.00-SAT-1"
"816","1476.753783","SPLOT-3CNF-FM-500-50-1.00-SAT-1"
"817","1490.962581","SPLOT-3CNF-FM-500-50-1.00-SAT-1"
"818","1457.170403","SPLOT-3CNF-FM-500-50-1.00-SAT-1"
"819","1434.812629","SPLOT-3CNF-FM-500-50-1.00-SAT-1"
"820","1520.187929","SPLOT-3CNF-FM-500-50-1.00-SAT-1"
"821","1528.367141","SPLOT-3CNF-FM-500-50-1.00-SAT-1"
"822","1498.255245","SPLOT-3CNF-FM-500-50-1.00-SAT-1"
"823","1495.85114","SPLOT-3CNF-FM-500-50-1.00-SAT-1"
"824","1446.088169","SPLOT-3CNF-FM-500-50-1.00-SAT-1"
"825","1493.778072","SPLOT-3CNF-FM-500-50-1.00-SAT-1"
"826","1519.047624","SPLOT-3CNF-FM-500-50-1.00-SAT-1"
"827","1472.298112","SPLOT-3CNF-FM-500-50-1.00-SAT-1"
"828","1434.083369","SPLOT-3CNF-FM-500-50-1.00-SAT-1"
"829","1431.991675","SPLOT-3CNF-FM-500-50-1.00-SAT-1"
"830","1518.279573","SPLOT-3CNF-FM-500-50-1.00-SAT-1"
"831","1433.927826","SPLOT-3CNF-FM-500-50-1.00-SAT-1"
"832","1470.168373","SPLOT-3CNF-FM-500-50-1.00-SAT-1"
"833","1477.682446","SPLOT-3CNF-FM-500-50-1.00-SAT-1"
"834","1509.975334","SPLOT-3CNF-FM-500-50-1.00-SAT-1"
"835","2978.080588","SPLOT-3CNF-FM-500-50-1.00-SAT-1"
"836","1477.49803","SPLOT-3CNF-FM-500-50-1.00-SAT-1"
"837","1445.0975","SPLOT-3CNF-FM-500-50-1.00-SAT-1"
"838","1541.21893","SPLOT-3CNF-FM-500-50-1.00-SAT-1"
"839","1515.434016","SPLOT-3CNF-FM-500-50-1.00-SAT-1"
"840","1503.412679","SPLOT-3CNF-FM-500-50-1.00-SAT-1"
"841","1505.678668","SPLOT-3CNF-FM-500-50-1.00-SAT-1"
"842","1484.912821","SPLOT-3CNF-FM-500-50-1.00-SAT-1"
"843","1536.784408","SPLOT-3CNF-FM-500-50-1.00-SAT-1"
"844","1416.997435","SPLOT-3CNF-FM-500-50-1.00-SAT-1"
"845","1537.804954","SPLOT-3CNF-FM-500-50-1.00-SAT-1"
"846","1522.050029","SPLOT-3CNF-FM-500-50-1.00-SAT-1"
"847","1555.591358","SPLOT-3CNF-FM-500-50-1.00-SAT-1"
"848","1527.935873","SPLOT-3CNF-FM-500-50-1.00-SAT-1"
"849","1475.942153","SPLOT-3CNF-FM-500-50-1.00-SAT-1"
"850","1550.357594","SPLOT-3CNF-FM-500-50-1.00-SAT-1"
"851","1489.802647","SPLOT-3CNF-FM-500-50-1.00-SAT-1"
"852","1517.934891","SPLOT-3CNF-FM-500-50-1.00-SAT-1"
"853","1516.069539","SPLOT-3CNF-FM-500-50-1.00-SAT-1"
"854","1477.899037","SPLOT-3CNF-FM-500-50-1.00-SAT-1"
"855","1590.170445","SPLOT-3CNF-FM-500-50-1.00-SAT-1"
"856","1504.252899","SPLOT-3CNF-FM-500-50-1.00-SAT-1"
"857","1493.687642","SPLOT-3CNF-FM-500-50-1.00-SAT-1"
"858","1507.44556","SPLOT-3CNF-FM-500-50-1.00-SAT-1"
"859","1534.438071","SPLOT-3CNF-FM-500-50-1.00-SAT-1"
"860","1552.920372","SPLOT-3CNF-FM-500-50-1.00-SAT-1"
"861","1559.793514","SPLOT-3CNF-FM-500-50-1.00-SAT-1"
"862","1518.257479","SPLOT-3CNF-FM-500-50-1.00-SAT-1"
"863","1527.831991","SPLOT-3CNF-FM-500-50-1.00-SAT-1"
"864","1469.500444","SPLOT-3CNF-FM-500-50-1.00-SAT-1"
"865","1522.531167","SPLOT-3CNF-FM-500-50-1.00-SAT-1"
"866","1521.015026","SPLOT-3CNF-FM-500-50-1.00-SAT-1"
"867","1474.565109","SPLOT-3CNF-FM-500-50-1.00-SAT-1"
"868","1524.3342","SPLOT-3CNF-FM-500-50-1.00-SAT-1"
"869","1503.6198","SPLOT-3CNF-FM-500-50-1.00-SAT-1"
"870","1472.056757","SPLOT-3CNF-FM-500-50-1.00-SAT-1"
"871","1509.111746","SPLOT-3CNF-FM-500-50-1.00-SAT-1"
"872","1520.463592","SPLOT-3CNF-FM-500-50-1.00-SAT-1"
"873","1490.056963","SPLOT-3CNF-FM-500-50-1.00-SAT-1"
"874","1517.998741","SPLOT-3CNF-FM-500-50-1.00-SAT-1"
"875","1466.355688","SPLOT-3CNF-FM-500-50-1.00-SAT-1"
"876","1485.86865","SPLOT-3CNF-FM-500-50-1.00-SAT-1"
"877","1492.018638","SPLOT-3CNF-FM-500-50-1.00-SAT-1"
"878","1491.864246","SPLOT-3CNF-FM-500-50-1.00-SAT-1"
"879","1514.359223","SPLOT-3CNF-FM-500-50-1.00-SAT-1"
"880","1475.585278","SPLOT-3CNF-FM-500-50-1.00-SAT-1"
"881","1552.604027","SPLOT-3CNF-FM-500-50-1.00-SAT-1"
"882","1477.290137","SPLOT-3CNF-FM-500-50-1.00-SAT-1"
"883","1555.917558","SPLOT-3CNF-FM-500-50-1.00-SAT-1"
"884","1584.941806","SPLOT-3CNF-FM-500-50-1.00-SAT-1"
"885","1496.355077","SPLOT-3CNF-FM-500-50-1.00-SAT-1"
"886","1451.306446","SPLOT-3CNF-FM-500-50-1.00-SAT-1"
"887","1523.607345","SPLOT-3CNF-FM-500-50-1.00-SAT-1"
"888","1526.883009","SPLOT-3CNF-FM-500-50-1.00-SAT-1"
"889","1503.606917","SPLOT-3CNF-FM-500-50-1.00-SAT-1"
"890","1507.046228","SPLOT-3CNF-FM-500-50-1.00-SAT-1"
"891","1490.789425","SPLOT-3CNF-FM-500-50-1.00-SAT-1"
"892","1528.046462","SPLOT-3CNF-FM-500-50-1.00-SAT-1"
"893","1504.421787","SPLOT-3CNF-FM-500-50-1.00-SAT-1"
"894","1573.498701","SPLOT-3CNF-FM-500-50-1.00-SAT-1"
"895","1510.899001","SPLOT-3CNF-FM-500-50-1.00-SAT-1"
"896","1474.386429","SPLOT-3CNF-FM-500-50-1.00-SAT-1"
"897","1513.58299","SPLOT-3CNF-FM-500-50-1.00-SAT-1"
"898","1488.55355","SPLOT-3CNF-FM-500-50-1.00-SAT-1"
"899","1451.994998","SPLOT-3CNF-FM-500-50-1.00-SAT-1"
"900","1568.311398","SPLOT-3CNF-FM-500-50-1.00-SAT-1"
