"","TIME","ALTERNATIVE"
"1","967.407022","x264ProductLine"
"2","33.572746","x264ProductLine"
"3","21.846569","x264ProductLine"
"4","21.131704","x264ProductLine"
"5","23.826544","x264ProductLine"
"6","22.670765","x264ProductLine"
"7","21.205309","x264ProductLine"
"8","24.654494","x264ProductLine"
"9","26.238006","x264ProductLine"
"10","21.776047","x264ProductLine"
"11","24.427168","x264ProductLine"
"12","30.325734","x264ProductLine"
"13","25.376804","x264ProductLine"
"14","39.394024","x264ProductLine"
"15","24.938989","x264ProductLine"
"16","24.221974","x264ProductLine"
"17","21.054999","x264ProductLine"
"18","19.978146","x264ProductLine"
"19","19.624148","x264ProductLine"
"20","18.985105","x264ProductLine"
"21","27.226654","x264ProductLine"
"22","22.582981","x264ProductLine"
"23","17.997072","x264ProductLine"
"24","16.316786","x264ProductLine"
"25","22.090592","x264ProductLine"
"26","11.084854","x264ProductLine"
"27","19.2724","x264ProductLine"
"28","26.692706","x264ProductLine"
"29","18.350776","x264ProductLine"
"30","27.365165","x264ProductLine"
"31","19.82809","x264ProductLine"
"32","11.106033","x264ProductLine"
"33","32.391224","x264ProductLine"
"34","25.133394","x264ProductLine"
"35","21.172565","x264ProductLine"
"36","22.427448","x264ProductLine"
"37","17.837106","x264ProductLine"
"38","14.634817","x264ProductLine"
"39","25.290143","x264ProductLine"
"40","18.098996","x264ProductLine"
"41","22.587334","x264ProductLine"
"42","28.235836","x264ProductLine"
"43","22.955867","x264ProductLine"
"44","24.956413","x264ProductLine"
"45","11.199349","x264ProductLine"
"46","23.006889","x264ProductLine"
"47","18.447828","x264ProductLine"
"48","21.323392","x264ProductLine"
"49","26.837167","x264ProductLine"
"50","29.217952","x264ProductLine"
"51","21.626999","x264ProductLine"
"52","11.625296","x264ProductLine"
"53","19.488668","x264ProductLine"
"54","20.40167","x264ProductLine"
"55","19.567034","x264ProductLine"
"56","15.176933","x264ProductLine"
"57","19.692097","x264ProductLine"
"58","28.232239","x264ProductLine"
"59","18.974151","x264ProductLine"
"60","19.200694","x264ProductLine"
"61","21.085109","x264ProductLine"
"62","27.055403","x264ProductLine"
"63","27.154561","x264ProductLine"
"64","27.358256","x264ProductLine"
"65","21.004091","x264ProductLine"
"66","15.406184","x264ProductLine"
"67","27.039152","x264ProductLine"
"68","19.120839","x264ProductLine"
"69","22.053092","x264ProductLine"
"70","31.131634","x264ProductLine"
"71","25.76808","x264ProductLine"
"72","21.925482","x264ProductLine"
"73","22.013915","x264ProductLine"
"74","22.692842","x264ProductLine"
"75","23.244507","x264ProductLine"
"76","15.858858","x264ProductLine"
"77","18.823188","x264ProductLine"
"78","20.228011","x264ProductLine"
"79","20.800419","x264ProductLine"
"80","19.966493","x264ProductLine"
"81","18.615498","x264ProductLine"
"82","24.21335","x264ProductLine"
"83","22.314959","x264ProductLine"
"84","23.667295","x264ProductLine"
"85","10.786093","x264ProductLine"
"86","13.418279","x264ProductLine"
"87","21.28131","x264ProductLine"
"88","24.199192","x264ProductLine"
"89","21.22559","x264ProductLine"
"90","21.679706","x264ProductLine"
"91","28.210066","x264ProductLine"
"92","19.610567","x264ProductLine"
"93","27.778056","x264ProductLine"
"94","18.123199","x264ProductLine"
"95","12.78291","x264ProductLine"
"96","19.825771","x264ProductLine"
"97","29.785641","x264ProductLine"
"98","18.101529","x264ProductLine"
"99","20.699393","x264ProductLine"
"100","24.90062","x264ProductLine"
"101","316.379782","WgetProductLine"
"102","15.308766","WgetProductLine"
"103","17.596318","WgetProductLine"
"104","18.135295","WgetProductLine"
"105","13.368247","WgetProductLine"
"106","7.79695","WgetProductLine"
"107","15.489248","WgetProductLine"
"108","35.844638","WgetProductLine"
"109","10.405478","WgetProductLine"
"110","17.581659","WgetProductLine"
"111","18.445026","WgetProductLine"
"112","11.81624","WgetProductLine"
"113","17.848674","WgetProductLine"
"114","9.198911","WgetProductLine"
"115","29.766251","WgetProductLine"
"116","27.163789","WgetProductLine"
"117","8.165564","WgetProductLine"
"118","10.613655","WgetProductLine"
"119","9.34704","WgetProductLine"
"120","19.053502","WgetProductLine"
"121","9.566032","WgetProductLine"
"122","8.169192","WgetProductLine"
"123","7.069258","WgetProductLine"
"124","7.468714","WgetProductLine"
"125","8.096479","WgetProductLine"
"126","8.576899","WgetProductLine"
"127","7.122967","WgetProductLine"
"128","7.003596","WgetProductLine"
"129","8.688755","WgetProductLine"
"130","15.127696","WgetProductLine"
"131","7.834614","WgetProductLine"
"132","8.08651","WgetProductLine"
"133","16.475951","WgetProductLine"
"134","16.953667","WgetProductLine"
"135","8.680265","WgetProductLine"
"136","10.348434","WgetProductLine"
"137","15.77503","WgetProductLine"
"138","12.866894","WgetProductLine"
"139","6.565128","WgetProductLine"
"140","11.880645","WgetProductLine"
"141","13.72724","WgetProductLine"
"142","6.440477","WgetProductLine"
"143","7.052633","WgetProductLine"
"144","25.506144","WgetProductLine"
"145","8.357488","WgetProductLine"
"146","7.970896","WgetProductLine"
"147","8.763389","WgetProductLine"
"148","11.77554","WgetProductLine"
"149","11.020743","WgetProductLine"
"150","12.175448","WgetProductLine"
"151","9.378923","WgetProductLine"
"152","8.063939","WgetProductLine"
"153","8.990526","WgetProductLine"
"154","19.669126","WgetProductLine"
"155","13.513778","WgetProductLine"
"156","7.970815","WgetProductLine"
"157","8.575007","WgetProductLine"
"158","8.752749","WgetProductLine"
"159","6.96525","WgetProductLine"
"160","8.900945","WgetProductLine"
"161","8.29319","WgetProductLine"
"162","7.613061","WgetProductLine"
"163","10.316156","WgetProductLine"
"164","12.712769","WgetProductLine"
"165","19.765626","WgetProductLine"
"166","14.506101","WgetProductLine"
"167","10.491272","WgetProductLine"
"168","11.959585","WgetProductLine"
"169","11.261057","WgetProductLine"
"170","24.588333","WgetProductLine"
"171","7.415753","WgetProductLine"
"172","10.899432","WgetProductLine"
"173","8.397263","WgetProductLine"
"174","13.450959","WgetProductLine"
"175","6.539204","WgetProductLine"
"176","26.402905","WgetProductLine"
"177","14.887537","WgetProductLine"
"178","7.992723","WgetProductLine"
"179","11.228829","WgetProductLine"
"180","8.18693","WgetProductLine"
"181","10.670206","WgetProductLine"
"182","11.945416","WgetProductLine"
"183","16.593248","WgetProductLine"
"184","11.057552","WgetProductLine"
"185","8.299647","WgetProductLine"
"186","7.829599","WgetProductLine"
"187","22.682504","WgetProductLine"
"188","9.3243","WgetProductLine"
"189","9.900044","WgetProductLine"
"190","8.432738","WgetProductLine"
"191","8.1988","WgetProductLine"
"192","11.552953","WgetProductLine"
"193","13.968489","WgetProductLine"
"194","11.735033","WgetProductLine"
"195","14.5235","WgetProductLine"
"196","20.989479","WgetProductLine"
"197","9.779903","WgetProductLine"
"198","20.363328","WgetProductLine"
"199","17.028226","WgetProductLine"
"200","8.234467","WgetProductLine"
"201","274.467248","BerkeleyDBMemoryversionProductLine"
"202","9.254351","BerkeleyDBMemoryversionProductLine"
"203","15.382127","BerkeleyDBMemoryversionProductLine"
"204","18.538695","BerkeleyDBMemoryversionProductLine"
"205","12.210626","BerkeleyDBMemoryversionProductLine"
"206","11.843832","BerkeleyDBMemoryversionProductLine"
"207","11.740047","BerkeleyDBMemoryversionProductLine"
"208","9.899269","BerkeleyDBMemoryversionProductLine"
"209","15.602365","BerkeleyDBMemoryversionProductLine"
"210","16.953049","BerkeleyDBMemoryversionProductLine"
"211","11.041155","BerkeleyDBMemoryversionProductLine"
"212","17.076214","BerkeleyDBMemoryversionProductLine"
"213","11.237647","BerkeleyDBMemoryversionProductLine"
"214","13.238223","BerkeleyDBMemoryversionProductLine"
"215","8.915416","BerkeleyDBMemoryversionProductLine"
"216","8.160223","BerkeleyDBMemoryversionProductLine"
"217","13.484409","BerkeleyDBMemoryversionProductLine"
"218","15.351223","BerkeleyDBMemoryversionProductLine"
"219","10.307854","BerkeleyDBMemoryversionProductLine"
"220","6.839754","BerkeleyDBMemoryversionProductLine"
"221","7.489303","BerkeleyDBMemoryversionProductLine"
"222","12.631434","BerkeleyDBMemoryversionProductLine"
"223","11.434733","BerkeleyDBMemoryversionProductLine"
"224","10.062954","BerkeleyDBMemoryversionProductLine"
"225","6.816574","BerkeleyDBMemoryversionProductLine"
"226","11.917357","BerkeleyDBMemoryversionProductLine"
"227","15.104304","BerkeleyDBMemoryversionProductLine"
"228","11.451108","BerkeleyDBMemoryversionProductLine"
"229","13.320607","BerkeleyDBMemoryversionProductLine"
"230","11.068981","BerkeleyDBMemoryversionProductLine"
"231","8.143892","BerkeleyDBMemoryversionProductLine"
"232","7.722215","BerkeleyDBMemoryversionProductLine"
"233","6.625237","BerkeleyDBMemoryversionProductLine"
"234","10.611609","BerkeleyDBMemoryversionProductLine"
"235","13.881951","BerkeleyDBMemoryversionProductLine"
"236","8.639705","BerkeleyDBMemoryversionProductLine"
"237","12.082609","BerkeleyDBMemoryversionProductLine"
"238","9.316159","BerkeleyDBMemoryversionProductLine"
"239","9.794263","BerkeleyDBMemoryversionProductLine"
"240","10.478351","BerkeleyDBMemoryversionProductLine"
"241","8.039429","BerkeleyDBMemoryversionProductLine"
"242","7.680533","BerkeleyDBMemoryversionProductLine"
"243","15.471214","BerkeleyDBMemoryversionProductLine"
"244","7.002761","BerkeleyDBMemoryversionProductLine"
"245","8.624312","BerkeleyDBMemoryversionProductLine"
"246","12.116903","BerkeleyDBMemoryversionProductLine"
"247","13.861783","BerkeleyDBMemoryversionProductLine"
"248","6.739802","BerkeleyDBMemoryversionProductLine"
"249","9.401642","BerkeleyDBMemoryversionProductLine"
"250","11.479132","BerkeleyDBMemoryversionProductLine"
"251","10.253542","BerkeleyDBMemoryversionProductLine"
"252","10.84162","BerkeleyDBMemoryversionProductLine"
"253","7.962685","BerkeleyDBMemoryversionProductLine"
"254","16.253825","BerkeleyDBMemoryversionProductLine"
"255","11.102355","BerkeleyDBMemoryversionProductLine"
"256","8.115364","BerkeleyDBMemoryversionProductLine"
"257","7.494645","BerkeleyDBMemoryversionProductLine"
"258","27.417949","BerkeleyDBMemoryversionProductLine"
"259","12.322328","BerkeleyDBMemoryversionProductLine"
"260","12.130955","BerkeleyDBMemoryversionProductLine"
"261","11.756682","BerkeleyDBMemoryversionProductLine"
"262","8.8208","BerkeleyDBMemoryversionProductLine"
"263","14.592742","BerkeleyDBMemoryversionProductLine"
"264","8.34011","BerkeleyDBMemoryversionProductLine"
"265","8.159687","BerkeleyDBMemoryversionProductLine"
"266","6.585502","BerkeleyDBMemoryversionProductLine"
"267","8.604563","BerkeleyDBMemoryversionProductLine"
"268","12.89476","BerkeleyDBMemoryversionProductLine"
"269","12.595752","BerkeleyDBMemoryversionProductLine"
"270","7.93199","BerkeleyDBMemoryversionProductLine"
"271","15.666817","BerkeleyDBMemoryversionProductLine"
"272","13.111411","BerkeleyDBMemoryversionProductLine"
"273","11.184059","BerkeleyDBMemoryversionProductLine"
"274","10.0759","BerkeleyDBMemoryversionProductLine"
"275","9.009997","BerkeleyDBMemoryversionProductLine"
"276","9.852847","BerkeleyDBMemoryversionProductLine"
"277","15.250636","BerkeleyDBMemoryversionProductLine"
"278","6.77458","BerkeleyDBMemoryversionProductLine"
"279","11.531788","BerkeleyDBMemoryversionProductLine"
"280","10.625766","BerkeleyDBMemoryversionProductLine"
"281","8.895359","BerkeleyDBMemoryversionProductLine"
"282","8.347506","BerkeleyDBMemoryversionProductLine"
"283","7.128599","BerkeleyDBMemoryversionProductLine"
"284","7.166578","BerkeleyDBMemoryversionProductLine"
"285","38.561305","BerkeleyDBMemoryversionProductLine"
"286","20.626445","BerkeleyDBMemoryversionProductLine"
"287","19.456988","BerkeleyDBMemoryversionProductLine"
"288","7.867805","BerkeleyDBMemoryversionProductLine"
"289","12.014636","BerkeleyDBMemoryversionProductLine"
"290","8.707444","BerkeleyDBMemoryversionProductLine"
"291","9.966457","BerkeleyDBMemoryversionProductLine"
"292","12.065749","BerkeleyDBMemoryversionProductLine"
"293","17.96237","BerkeleyDBMemoryversionProductLine"
"294","13.043194","BerkeleyDBMemoryversionProductLine"
"295","9.671043","BerkeleyDBMemoryversionProductLine"
"296","8.201926","BerkeleyDBMemoryversionProductLine"
"297","22.906309","BerkeleyDBMemoryversionProductLine"
"298","16.758312","BerkeleyDBMemoryversionProductLine"
"299","14.451491","BerkeleyDBMemoryversionProductLine"
"300","8.019435","BerkeleyDBMemoryversionProductLine"
"301","18.887096","SensorNetworkProductLine"
"302","16.572041","SensorNetworkProductLine"
"303","14.134247","SensorNetworkProductLine"
"304","8.767087","SensorNetworkProductLine"
"305","14.608545","SensorNetworkProductLine"
"306","14.342961","SensorNetworkProductLine"
"307","33.905086","SensorNetworkProductLine"
"308","13.635885","SensorNetworkProductLine"
"309","13.17905","SensorNetworkProductLine"
"310","13.630671","SensorNetworkProductLine"
"311","13.442256","SensorNetworkProductLine"
"312","22.407363","SensorNetworkProductLine"
"313","27.411356","SensorNetworkProductLine"
"314","10.983664","SensorNetworkProductLine"
"315","13.335453","SensorNetworkProductLine"
"316","15.195982","SensorNetworkProductLine"
"317","7.334956","SensorNetworkProductLine"
"318","8.312883","SensorNetworkProductLine"
"319","8.525532","SensorNetworkProductLine"
"320","18.029503","SensorNetworkProductLine"
"321","12.268976","SensorNetworkProductLine"
"322","8.402296","SensorNetworkProductLine"
"323","12.149906","SensorNetworkProductLine"
"324","8.565678","SensorNetworkProductLine"
"325","9.557533","SensorNetworkProductLine"
"326","9.910863","SensorNetworkProductLine"
"327","21.81511","SensorNetworkProductLine"
"328","11.016261","SensorNetworkProductLine"
"329","27.431934","SensorNetworkProductLine"
"330","11.331683","SensorNetworkProductLine"
"331","10.214676","SensorNetworkProductLine"
"332","10.707963","SensorNetworkProductLine"
"333","14.173594","SensorNetworkProductLine"
"334","9.829409","SensorNetworkProductLine"
"335","7.485874","SensorNetworkProductLine"
"336","6.890621","SensorNetworkProductLine"
"337","8.994149","SensorNetworkProductLine"
"338","15.775686","SensorNetworkProductLine"
"339","13.718752","SensorNetworkProductLine"
"340","7.722386","SensorNetworkProductLine"
"341","10.058405","SensorNetworkProductLine"
"342","9.945544","SensorNetworkProductLine"
"343","7.700446","SensorNetworkProductLine"
"344","9.298131","SensorNetworkProductLine"
"345","11.398282","SensorNetworkProductLine"
"346","8.151623","SensorNetworkProductLine"
"347","8.637147","SensorNetworkProductLine"
"348","8.741126","SensorNetworkProductLine"
"349","17.187713","SensorNetworkProductLine"
"350","17.44601","SensorNetworkProductLine"
"351","12.249808","SensorNetworkProductLine"
"352","9.467122","SensorNetworkProductLine"
"353","10.500098","SensorNetworkProductLine"
"354","13.284229","SensorNetworkProductLine"
"355","10.817881","SensorNetworkProductLine"
"356","9.534695","SensorNetworkProductLine"
"357","11.681095","SensorNetworkProductLine"
"358","14.622508","SensorNetworkProductLine"
"359","13.272581","SensorNetworkProductLine"
"360","12.939107","SensorNetworkProductLine"
"361","7.217322","SensorNetworkProductLine"
"362","9.595139","SensorNetworkProductLine"
"363","8.058093","SensorNetworkProductLine"
"364","16.191649","SensorNetworkProductLine"
"365","12.478088","SensorNetworkProductLine"
"366","20.808138","SensorNetworkProductLine"
"367","8.479456","SensorNetworkProductLine"
"368","8.576907","SensorNetworkProductLine"
"369","11.38547","SensorNetworkProductLine"
"370","16.265954","SensorNetworkProductLine"
"371","11.427973","SensorNetworkProductLine"
"372","8.445652","SensorNetworkProductLine"
"373","7.383402","SensorNetworkProductLine"
"374","23.669837","SensorNetworkProductLine"
"375","11.820194","SensorNetworkProductLine"
"376","9.275259","SensorNetworkProductLine"
"377","11.4298","SensorNetworkProductLine"
"378","12.704566","SensorNetworkProductLine"
"379","15.7412","SensorNetworkProductLine"
"380","14.458838","SensorNetworkProductLine"
"381","8.038164","SensorNetworkProductLine"
"382","11.388887","SensorNetworkProductLine"
"383","19.362117","SensorNetworkProductLine"
"384","9.957519","SensorNetworkProductLine"
"385","12.49108","SensorNetworkProductLine"
"386","8.505434","SensorNetworkProductLine"
"387","20.600769","SensorNetworkProductLine"
"388","8.537802","SensorNetworkProductLine"
"389","11.507443","SensorNetworkProductLine"
"390","7.947489","SensorNetworkProductLine"
"391","8.969648","SensorNetworkProductLine"
"392","11.182611","SensorNetworkProductLine"
"393","19.656541","SensorNetworkProductLine"
"394","11.133174","SensorNetworkProductLine"
"395","12.068076","SensorNetworkProductLine"
"396","11.153577","SensorNetworkProductLine"
"397","10.480521","SensorNetworkProductLine"
"398","7.977507","SensorNetworkProductLine"
"399","16.679096","SensorNetworkProductLine"
"400","8.548383","SensorNetworkProductLine"
"401","12.95011","StrategyMobileGame"
"402","20.357227","StrategyMobileGame"
"403","13.040477","StrategyMobileGame"
"404","20.023329","StrategyMobileGame"
"405","10.886742","StrategyMobileGame"
"406","20.118051","StrategyMobileGame"
"407","15.558462","StrategyMobileGame"
"408","24.388312","StrategyMobileGame"
"409","21.729831","StrategyMobileGame"
"410","19.786501","StrategyMobileGame"
"411","31.723216","StrategyMobileGame"
"412","21.022688","StrategyMobileGame"
"413","17.254377","StrategyMobileGame"
"414","24.01717","StrategyMobileGame"
"415","12.370974","StrategyMobileGame"
"416","11.541975","StrategyMobileGame"
"417","17.207911","StrategyMobileGame"
"418","8.157374","StrategyMobileGame"
"419","19.061951","StrategyMobileGame"
"420","17.874648","StrategyMobileGame"
"421","18.377959","StrategyMobileGame"
"422","16.62044","StrategyMobileGame"
"423","11.254631","StrategyMobileGame"
"424","10.76712","StrategyMobileGame"
"425","7.049878","StrategyMobileGame"
"426","14.326567","StrategyMobileGame"
"427","14.177804","StrategyMobileGame"
"428","7.048908","StrategyMobileGame"
"429","23.270809","StrategyMobileGame"
"430","7.224717","StrategyMobileGame"
"431","10.369821","StrategyMobileGame"
"432","7.521308","StrategyMobileGame"
"433","8.811607","StrategyMobileGame"
"434","7.071311","StrategyMobileGame"
"435","7.672026","StrategyMobileGame"
"436","17.644168","StrategyMobileGame"
"437","9.446101","StrategyMobileGame"
"438","9.091189","StrategyMobileGame"
"439","13.744266","StrategyMobileGame"
"440","17.250463","StrategyMobileGame"
"441","14.107822","StrategyMobileGame"
"442","10.387655","StrategyMobileGame"
"443","11.709377","StrategyMobileGame"
"444","15.047724","StrategyMobileGame"
"445","9.324254","StrategyMobileGame"
"446","13.622984","StrategyMobileGame"
"447","9.020345","StrategyMobileGame"
"448","13.581384","StrategyMobileGame"
"449","12.702023","StrategyMobileGame"
"450","10.741917","StrategyMobileGame"
"451","7.619875","StrategyMobileGame"
"452","16.683455","StrategyMobileGame"
"453","18.341355","StrategyMobileGame"
"454","15.407656","StrategyMobileGame"
"455","8.233214","StrategyMobileGame"
"456","9.28998","StrategyMobileGame"
"457","17.208866","StrategyMobileGame"
"458","7.727763","StrategyMobileGame"
"459","21.74444","StrategyMobileGame"
"460","12.518993","StrategyMobileGame"
"461","11.303215","StrategyMobileGame"
"462","20.884056","StrategyMobileGame"
"463","7.929149","StrategyMobileGame"
"464","11.042589","StrategyMobileGame"
"465","11.583767","StrategyMobileGame"
"466","9.944124","StrategyMobileGame"
"467","9.431696","StrategyMobileGame"
"468","8.415792","StrategyMobileGame"
"469","13.725217","StrategyMobileGame"
"470","11.0592","StrategyMobileGame"
"471","18.277738","StrategyMobileGame"
"472","7.757229","StrategyMobileGame"
"473","14.847492","StrategyMobileGame"
"474","12.112374","StrategyMobileGame"
"475","14.39348","StrategyMobileGame"
"476","10.275928","StrategyMobileGame"
"477","9.788403","StrategyMobileGame"
"478","13.09184","StrategyMobileGame"
"479","8.16506","StrategyMobileGame"
"480","6.872321","StrategyMobileGame"
"481","20.708354","StrategyMobileGame"
"482","11.688639","StrategyMobileGame"
"483","9.237798","StrategyMobileGame"
"484","15.855614","StrategyMobileGame"
"485","10.88471","StrategyMobileGame"
"486","13.423022","StrategyMobileGame"
"487","21.433562","StrategyMobileGame"
"488","11.885043","StrategyMobileGame"
"489","10.708192","StrategyMobileGame"
"490","10.013964","StrategyMobileGame"
"491","10.173116","StrategyMobileGame"
"492","22.131093","StrategyMobileGame"
"493","12.153533","StrategyMobileGame"
"494","7.688838","StrategyMobileGame"
"495","10.393006","StrategyMobileGame"
"496","14.617959","StrategyMobileGame"
"497","13.743362","StrategyMobileGame"
"498","14.637754","StrategyMobileGame"
"499","9.438007","StrategyMobileGame"
"500","9.064935","StrategyMobileGame"
"501","30.621059","TankWar"
"502","14.652683","TankWar"
"503","13.130953","TankWar"
"504","37.121887","TankWar"
"505","15.750347","TankWar"
"506","23.068716","TankWar"
"507","13.400491","TankWar"
"508","10.351863","TankWar"
"509","16.992534","TankWar"
"510","18.383017","TankWar"
"511","20.369586","TankWar"
"512","17.444904","TankWar"
"513","17.749547","TankWar"
"514","15.513261","TankWar"
"515","21.594203","TankWar"
"516","14.983917","TankWar"
"517","21.998634","TankWar"
"518","8.741534","TankWar"
"519","15.066536","TankWar"
"520","8.563773","TankWar"
"521","11.727488","TankWar"
"522","11.052025","TankWar"
"523","9.210392","TankWar"
"524","8.66836","TankWar"
"525","13.702139","TankWar"
"526","17.647214","TankWar"
"527","14.481508","TankWar"
"528","7.360282","TankWar"
"529","10.68859","TankWar"
"530","11.95484","TankWar"
"531","15.509646","TankWar"
"532","13.506758","TankWar"
"533","12.5453","TankWar"
"534","7.573963","TankWar"
"535","12.647699","TankWar"
"536","18.737405","TankWar"
"537","11.211492","TankWar"
"538","8.383374","TankWar"
"539","8.499482","TankWar"
"540","8.327761","TankWar"
"541","12.922063","TankWar"
"542","18.735863","TankWar"
"543","19.496187","TankWar"
"544","20.589016","TankWar"
"545","9.528605","TankWar"
"546","14.638119","TankWar"
"547","10.997279","TankWar"
"548","20.037178","TankWar"
"549","15.768672","TankWar"
"550","9.284403","TankWar"
"551","7.912641","TankWar"
"552","16.099886","TankWar"
"553","15.946075","TankWar"
"554","9.694249","TankWar"
"555","20.299283","TankWar"
"556","11.693158","TankWar"
"557","24.553123","TankWar"
"558","9.203762","TankWar"
"559","26.136123","TankWar"
"560","11.973852","TankWar"
"561","10.058028","TankWar"
"562","22.307233","TankWar"
"563","14.423476","TankWar"
"564","9.666709","TankWar"
"565","22.687273","TankWar"
"566","22.174068","TankWar"
"567","16.316795","TankWar"
"568","16.020485","TankWar"
"569","14.174528","TankWar"
"570","12.531703","TankWar"
"571","13.303562","TankWar"
"572","11.979335","TankWar"
"573","12.015077","TankWar"
"574","10.006128","TankWar"
"575","14.488517","TankWar"
"576","17.364307","TankWar"
"577","15.562029","TankWar"
"578","13.892219","TankWar"
"579","15.123172","TankWar"
"580","17.067591","TankWar"
"581","13.296505","TankWar"
"582","8.822665","TankWar"
"583","13.331072","TankWar"
"584","14.000409","TankWar"
"585","15.236247","TankWar"
"586","16.755346","TankWar"
"587","20.87665","TankWar"
"588","9.124958","TankWar"
"589","25.362495","TankWar"
"590","9.188167","TankWar"
"591","11.233443","TankWar"
"592","10.848826","TankWar"
"593","22.461898","TankWar"
"594","11.886739","TankWar"
"595","11.59515","TankWar"
"596","8.811681","TankWar"
"597","9.670555","TankWar"
"598","15.168264","TankWar"
"599","12.900318","TankWar"
"600","16.357936","TankWar"
"601","10.323239","MobileMedia2"
"602","13.634799","MobileMedia2"
"603","21.032853","MobileMedia2"
"604","17.012768","MobileMedia2"
"605","24.046241","MobileMedia2"
"606","16.470786","MobileMedia2"
"607","18.065462","MobileMedia2"
"608","18.158415","MobileMedia2"
"609","26.548248","MobileMedia2"
"610","13.690766","MobileMedia2"
"611","12.990413","MobileMedia2"
"612","17.236113","MobileMedia2"
"613","15.963066","MobileMedia2"
"614","19.901296","MobileMedia2"
"615","14.779999","MobileMedia2"
"616","22.10468","MobileMedia2"
"617","23.664509","MobileMedia2"
"618","7.533856","MobileMedia2"
"619","14.573898","MobileMedia2"
"620","9.849027","MobileMedia2"
"621","17.029855","MobileMedia2"
"622","9.262391","MobileMedia2"
"623","11.683772","MobileMedia2"
"624","12.769501","MobileMedia2"
"625","14.899921","MobileMedia2"
"626","7.376528","MobileMedia2"
"627","13.985494","MobileMedia2"
"628","16.452873","MobileMedia2"
"629","13.083305","MobileMedia2"
"630","23.88673","MobileMedia2"
"631","13.03208","MobileMedia2"
"632","13.565624","MobileMedia2"
"633","18.516121","MobileMedia2"
"634","13.460487","MobileMedia2"
"635","20.994012","MobileMedia2"
"636","15.327409","MobileMedia2"
"637","9.895931","MobileMedia2"
"638","12.961694","MobileMedia2"
"639","14.038722","MobileMedia2"
"640","20.018892","MobileMedia2"
"641","10.025846","MobileMedia2"
"642","13.445019","MobileMedia2"
"643","12.511514","MobileMedia2"
"644","12.371221","MobileMedia2"
"645","10.023029","MobileMedia2"
"646","8.594602","MobileMedia2"
"647","7.734429","MobileMedia2"
"648","10.771414","MobileMedia2"
"649","15.673531","MobileMedia2"
"650","23.604046","MobileMedia2"
"651","10.846786","MobileMedia2"
"652","13.903394","MobileMedia2"
"653","11.286695","MobileMedia2"
"654","10.068771","MobileMedia2"
"655","10.787134","MobileMedia2"
"656","9.626727","MobileMedia2"
"657","16.387858","MobileMedia2"
"658","12.333399","MobileMedia2"
"659","36.232004","MobileMedia2"
"660","13.860494","MobileMedia2"
"661","12.090408","MobileMedia2"
"662","27.877241","MobileMedia2"
"663","10.319487","MobileMedia2"
"664","7.819432","MobileMedia2"
"665","8.421774","MobileMedia2"
"666","13.038537","MobileMedia2"
"667","22.942206","MobileMedia2"
"668","10.452133","MobileMedia2"
"669","9.424786","MobileMedia2"
"670","12.863862","MobileMedia2"
"671","15.087199","MobileMedia2"
"672","10.260324","MobileMedia2"
"673","14.100242","MobileMedia2"
"674","11.815903","MobileMedia2"
"675","13.473551","MobileMedia2"
"676","13.823704","MobileMedia2"
"677","10.173479","MobileMedia2"
"678","10.122856","MobileMedia2"
"679","12.634872","MobileMedia2"
"680","17.425513","MobileMedia2"
"681","10.471971","MobileMedia2"
"682","13.168339","MobileMedia2"
"683","7.575412","MobileMedia2"
"684","13.56482","MobileMedia2"
"685","19.094957","MobileMedia2"
"686","18.218268","MobileMedia2"
"687","23.903752","MobileMedia2"
"688","8.867826","MobileMedia2"
"689","22.957136","MobileMedia2"
"690","13.310522","MobileMedia2"
"691","10.020077","MobileMedia2"
"692","10.282763","MobileMedia2"
"693","19.162966","MobileMedia2"
"694","9.717021","MobileMedia2"
"695","10.287086","MobileMedia2"
"696","11.975341","MobileMedia2"
"697","12.933081","MobileMedia2"
"698","21.702075","MobileMedia2"
"699","9.614505","MobileMedia2"
"700","10.448137","MobileMedia2"
"701","84.42057","MobileGuide"
"702","18.726973","MobileGuide"
"703","17.183149","MobileGuide"
"704","12.259238","MobileGuide"
"705","20.964493","MobileGuide"
"706","14.946553","MobileGuide"
"707","10.750089","MobileGuide"
"708","19.46421","MobileGuide"
"709","22.427615","MobileGuide"
"710","14.617243","MobileGuide"
"711","19.721507","MobileGuide"
"712","19.737265","MobileGuide"
"713","12.411826","MobileGuide"
"714","25.467458","MobileGuide"
"715","12.801837","MobileGuide"
"716","18.592792","MobileGuide"
"717","13.39517","MobileGuide"
"718","22.937174","MobileGuide"
"719","8.570342","MobileGuide"
"720","9.436543","MobileGuide"
"721","8.147877","MobileGuide"
"722","12.884474","MobileGuide"
"723","7.765708","MobileGuide"
"724","12.812593","MobileGuide"
"725","13.222376","MobileGuide"
"726","8.676231","MobileGuide"
"727","20.470345","MobileGuide"
"728","9.806912","MobileGuide"
"729","20.998574","MobileGuide"
"730","14.260314","MobileGuide"
"731","12.358441","MobileGuide"
"732","9.981137","MobileGuide"
"733","11.611464","MobileGuide"
"734","14.201944","MobileGuide"
"735","32.131878","MobileGuide"
"736","8.745021","MobileGuide"
"737","10.693514","MobileGuide"
"738","26.067202","MobileGuide"
"739","10.338336","MobileGuide"
"740","15.716727","MobileGuide"
"741","8.110844","MobileGuide"
"742","9.046537","MobileGuide"
"743","11.44079","MobileGuide"
"744","24.088359","MobileGuide"
"745","19.60647","MobileGuide"
"746","16.084061","MobileGuide"
"747","12.090019","MobileGuide"
"748","11.279293","MobileGuide"
"749","8.885246","MobileGuide"
"750","9.841721","MobileGuide"
"751","19.436719","MobileGuide"
"752","11.211848","MobileGuide"
"753","9.301968","MobileGuide"
"754","10.562322","MobileGuide"
"755","25.60146","MobileGuide"
"756","33.539637","MobileGuide"
"757","10.969457","MobileGuide"
"758","12.950289","MobileGuide"
"759","9.391052","MobileGuide"
"760","13.407584","MobileGuide"
"761","11.188999","MobileGuide"
"762","23.096341","MobileGuide"
"763","16.246886","MobileGuide"
"764","13.648791","MobileGuide"
"765","12.300087","MobileGuide"
"766","8.389033","MobileGuide"
"767","18.434079","MobileGuide"
"768","23.875468","MobileGuide"
"769","10.66003","MobileGuide"
"770","15.936577","MobileGuide"
"771","13.959103","MobileGuide"
"772","12.59701","MobileGuide"
"773","12.060073","MobileGuide"
"774","11.226558","MobileGuide"
"775","13.748474","MobileGuide"
"776","10.938069","MobileGuide"
"777","13.342022","MobileGuide"
"778","12.489461","MobileGuide"
"779","12.502371","MobileGuide"
"780","10.751268","MobileGuide"
"781","24.362268","MobileGuide"
"782","21.839331","MobileGuide"
"783","9.682757","MobileGuide"
"784","15.110878","MobileGuide"
"785","10.714664","MobileGuide"
"786","11.58727","MobileGuide"
"787","21.276775","MobileGuide"
"788","23.028568","MobileGuide"
"789","26.950346","MobileGuide"
"790","9.160426","MobileGuide"
"791","8.876379","MobileGuide"
"792","18.217959","MobileGuide"
"793","9.387623","MobileGuide"
"794","13.679827","MobileGuide"
"795","14.883736","MobileGuide"
"796","15.818322","MobileGuide"
"797","9.193817","MobileGuide"
"798","11.125831","MobileGuide"
"799","11.966003","MobileGuide"
"800","11.6946","MobileGuide"
"801","60.331537","SPLOT-3CNF-FM-500-50-1.00-SAT-1"
"802","95.851657","SPLOT-3CNF-FM-500-50-1.00-SAT-1"
"803","125.498805","SPLOT-3CNF-FM-500-50-1.00-SAT-1"
"804","132.999931","SPLOT-3CNF-FM-500-50-1.00-SAT-1"
"805","172.073562","SPLOT-3CNF-FM-500-50-1.00-SAT-1"
"806","71.571512","SPLOT-3CNF-FM-500-50-1.00-SAT-1"
"807","187.117523","SPLOT-3CNF-FM-500-50-1.00-SAT-1"
"808","131.570807","SPLOT-3CNF-FM-500-50-1.00-SAT-1"
"809","177.023738","SPLOT-3CNF-FM-500-50-1.00-SAT-1"
"810","145.121464","SPLOT-3CNF-FM-500-50-1.00-SAT-1"
"811","234.347754","SPLOT-3CNF-FM-500-50-1.00-SAT-1"
"812","132.294642","SPLOT-3CNF-FM-500-50-1.00-SAT-1"
"813","114.448829","SPLOT-3CNF-FM-500-50-1.00-SAT-1"
"814","169.816993","SPLOT-3CNF-FM-500-50-1.00-SAT-1"
"815","156.551766","SPLOT-3CNF-FM-500-50-1.00-SAT-1"
"816","77.073596","SPLOT-3CNF-FM-500-50-1.00-SAT-1"
"817","93.191216","SPLOT-3CNF-FM-500-50-1.00-SAT-1"
"818","50.241875","SPLOT-3CNF-FM-500-50-1.00-SAT-1"
"819","27.833721","SPLOT-3CNF-FM-500-50-1.00-SAT-1"
"820","137.056765","SPLOT-3CNF-FM-500-50-1.00-SAT-1"
"821","148.65391","SPLOT-3CNF-FM-500-50-1.00-SAT-1"
"822","97.517682","SPLOT-3CNF-FM-500-50-1.00-SAT-1"
"823","101.057421","SPLOT-3CNF-FM-500-50-1.00-SAT-1"
"824","47.070414","SPLOT-3CNF-FM-500-50-1.00-SAT-1"
"825","95.597202","SPLOT-3CNF-FM-500-50-1.00-SAT-1"
"826","110.765413","SPLOT-3CNF-FM-500-50-1.00-SAT-1"
"827","82.100684","SPLOT-3CNF-FM-500-50-1.00-SAT-1"
"828","32.860547","SPLOT-3CNF-FM-500-50-1.00-SAT-1"
"829","27.583587","SPLOT-3CNF-FM-500-50-1.00-SAT-1"
"830","136.780157","SPLOT-3CNF-FM-500-50-1.00-SAT-1"
"831","33.524137","SPLOT-3CNF-FM-500-50-1.00-SAT-1"
"832","72.973451","SPLOT-3CNF-FM-500-50-1.00-SAT-1"
"833","76.734943","SPLOT-3CNF-FM-500-50-1.00-SAT-1"
"834","113.324623","SPLOT-3CNF-FM-500-50-1.00-SAT-1"
"835","1578.859117","SPLOT-3CNF-FM-500-50-1.00-SAT-1"
"836","79.87733","SPLOT-3CNF-FM-500-50-1.00-SAT-1"
"837","35.49905","SPLOT-3CNF-FM-500-50-1.00-SAT-1"
"838","147.357536","SPLOT-3CNF-FM-500-50-1.00-SAT-1"
"839","137.515697","SPLOT-3CNF-FM-500-50-1.00-SAT-1"
"840","102.143768","SPLOT-3CNF-FM-500-50-1.00-SAT-1"
"841","119.997566","SPLOT-3CNF-FM-500-50-1.00-SAT-1"
"842","77.293671","SPLOT-3CNF-FM-500-50-1.00-SAT-1"
"843","128.859839","SPLOT-3CNF-FM-500-50-1.00-SAT-1"
"844","29.751826","SPLOT-3CNF-FM-500-50-1.00-SAT-1"
"845","149.363474","SPLOT-3CNF-FM-500-50-1.00-SAT-1"
"846","137.152282","SPLOT-3CNF-FM-500-50-1.00-SAT-1"
"847","153.428537","SPLOT-3CNF-FM-500-50-1.00-SAT-1"
"848","115.230021","SPLOT-3CNF-FM-500-50-1.00-SAT-1"
"849","63.305162","SPLOT-3CNF-FM-500-50-1.00-SAT-1"
"850","157.0022","SPLOT-3CNF-FM-500-50-1.00-SAT-1"
"851","99.784977","SPLOT-3CNF-FM-500-50-1.00-SAT-1"
"852","119.331325","SPLOT-3CNF-FM-500-50-1.00-SAT-1"
"853","110.968814","SPLOT-3CNF-FM-500-50-1.00-SAT-1"
"854","88.504857","SPLOT-3CNF-FM-500-50-1.00-SAT-1"
"855","137.777861","SPLOT-3CNF-FM-500-50-1.00-SAT-1"
"856","116.011896","SPLOT-3CNF-FM-500-50-1.00-SAT-1"
"857","96.257046","SPLOT-3CNF-FM-500-50-1.00-SAT-1"
"858","109.748114","SPLOT-3CNF-FM-500-50-1.00-SAT-1"
"859","119.993288","SPLOT-3CNF-FM-500-50-1.00-SAT-1"
"860","147.525189","SPLOT-3CNF-FM-500-50-1.00-SAT-1"
"861","161.840851","SPLOT-3CNF-FM-500-50-1.00-SAT-1"
"862","124.701173","SPLOT-3CNF-FM-500-50-1.00-SAT-1"
"863","134.870732","SPLOT-3CNF-FM-500-50-1.00-SAT-1"
"864","68.142977","SPLOT-3CNF-FM-500-50-1.00-SAT-1"
"865","119.805256","SPLOT-3CNF-FM-500-50-1.00-SAT-1"
"866","125.434628","SPLOT-3CNF-FM-500-50-1.00-SAT-1"
"867","91.88906","SPLOT-3CNF-FM-500-50-1.00-SAT-1"
"868","132.245691","SPLOT-3CNF-FM-500-50-1.00-SAT-1"
"869","107.968355","SPLOT-3CNF-FM-500-50-1.00-SAT-1"
"870","78.007189","SPLOT-3CNF-FM-500-50-1.00-SAT-1"
"871","105.315531","SPLOT-3CNF-FM-500-50-1.00-SAT-1"
"872","128.022969","SPLOT-3CNF-FM-500-50-1.00-SAT-1"
"873","94.69689","SPLOT-3CNF-FM-500-50-1.00-SAT-1"
"874","130.596369","SPLOT-3CNF-FM-500-50-1.00-SAT-1"
"875","69.852166","SPLOT-3CNF-FM-500-50-1.00-SAT-1"
"876","81.146213","SPLOT-3CNF-FM-500-50-1.00-SAT-1"
"877","97.267105","SPLOT-3CNF-FM-500-50-1.00-SAT-1"
"878","86.619253","SPLOT-3CNF-FM-500-50-1.00-SAT-1"
"879","119.560636","SPLOT-3CNF-FM-500-50-1.00-SAT-1"
"880","74.345981","SPLOT-3CNF-FM-500-50-1.00-SAT-1"
"881","122.733889","SPLOT-3CNF-FM-500-50-1.00-SAT-1"
"882","89.806339","SPLOT-3CNF-FM-500-50-1.00-SAT-1"
"883","158.280601","SPLOT-3CNF-FM-500-50-1.00-SAT-1"
"884","126.339301","SPLOT-3CNF-FM-500-50-1.00-SAT-1"
"885","97.713251","SPLOT-3CNF-FM-500-50-1.00-SAT-1"
"886","57.994","SPLOT-3CNF-FM-500-50-1.00-SAT-1"
"887","132.750602","SPLOT-3CNF-FM-500-50-1.00-SAT-1"
"888","129.314345","SPLOT-3CNF-FM-500-50-1.00-SAT-1"
"889","98.296771","SPLOT-3CNF-FM-500-50-1.00-SAT-1"
"890","111.974468","SPLOT-3CNF-FM-500-50-1.00-SAT-1"
"891","88.631","SPLOT-3CNF-FM-500-50-1.00-SAT-1"
"892","125.459913","SPLOT-3CNF-FM-500-50-1.00-SAT-1"
"893","113.313968","SPLOT-3CNF-FM-500-50-1.00-SAT-1"
"894","166.83406","SPLOT-3CNF-FM-500-50-1.00-SAT-1"
"895","107.208994","SPLOT-3CNF-FM-500-50-1.00-SAT-1"
"896","87.050072","SPLOT-3CNF-FM-500-50-1.00-SAT-1"
"897","118.232132","SPLOT-3CNF-FM-500-50-1.00-SAT-1"
"898","99.315999","SPLOT-3CNF-FM-500-50-1.00-SAT-1"
"899","61.617951","SPLOT-3CNF-FM-500-50-1.00-SAT-1"
"900","172.455774","SPLOT-3CNF-FM-500-50-1.00-SAT-1"
