"","TIME","ALTERNATIVE"
"1","131.822203","x264ProductLine"
"2","68.841527","x264ProductLine"
"3","81.020594","x264ProductLine"
"4","70.577777","x264ProductLine"
"5","75.180718","x264ProductLine"
"6","65.954873","x264ProductLine"
"7","69.494344","x264ProductLine"
"8","80.746639","x264ProductLine"
"9","73.593961","x264ProductLine"
"10","70.421964","x264ProductLine"
"11","71.369159","x264ProductLine"
"12","67.746767","x264ProductLine"
"13","70.379398","x264ProductLine"
"14","68.48028","x264ProductLine"
"15","81.421614","x264ProductLine"
"16","71.568851","x264ProductLine"
"17","107.339708","x264ProductLine"
"18","1734.0151","x264ProductLine"
"19","83.608665","x264ProductLine"
"20","80.813807","x264ProductLine"
"21","71.394304","x264ProductLine"
"22","71.721286","x264ProductLine"
"23","69.870979","x264ProductLine"
"24","70.527248","x264ProductLine"
"25","78.01712","x264ProductLine"
"26","68.94466","x264ProductLine"
"27","71.104564","x264ProductLine"
"28","106.123232","x264ProductLine"
"29","68.73095","x264ProductLine"
"30","73.277023","x264ProductLine"
"31","74.000931","x264ProductLine"
"32","81.016733","x264ProductLine"
"33","69.70759","x264ProductLine"
"34","68.457793","x264ProductLine"
"35","71.678731","x264ProductLine"
"36","75.032104","x264ProductLine"
"37","72.129206","x264ProductLine"
"38","246.440287","x264ProductLine"
"39","66.246644","x264ProductLine"
"40","69.510699","x264ProductLine"
"41","73.642305","x264ProductLine"
"42","67.098411","x264ProductLine"
"43","80.556835","x264ProductLine"
"44","76.302997","x264ProductLine"
"45","75.478519","x264ProductLine"
"46","81.947508","x264ProductLine"
"47","68.856752","x264ProductLine"
"48","66.398405","x264ProductLine"
"49","75.302528","x264ProductLine"
"50","69.075539","x264ProductLine"
"51","74.476216","x264ProductLine"
"52","67.171017","x264ProductLine"
"53","105.277871","x264ProductLine"
"54","73.602893","x264ProductLine"
"55","72.482527","x264ProductLine"
"56","68.821571","x264ProductLine"
"57","107.851598","x264ProductLine"
"58","69.614746","x264ProductLine"
"59","67.117772","x264ProductLine"
"60","71.774176","x264ProductLine"
"61","68.958495","x264ProductLine"
"62","68.57917","x264ProductLine"
"63","69.535874","x264ProductLine"
"64","74.118158","x264ProductLine"
"65","74.227223","x264ProductLine"
"66","69.703421","x264ProductLine"
"67","70.0463","x264ProductLine"
"68","69.218887","x264ProductLine"
"69","117.189658","x264ProductLine"
"70","67.920908","x264ProductLine"
"71","76.457574","x264ProductLine"
"72","67.483634","x264ProductLine"
"73","73.55724","x264ProductLine"
"74","66.168552","x264ProductLine"
"75","77.788372","x264ProductLine"
"76","68.739321","x264ProductLine"
"77","70.141709","x264ProductLine"
"78","89.949843","x264ProductLine"
"79","83.23832","x264ProductLine"
"80","69.631749","x264ProductLine"
"81","68.748103","x264ProductLine"
"82","69.556317","x264ProductLine"
"83","72.368494","x264ProductLine"
"84","77.892367","x264ProductLine"
"85","135.796289","x264ProductLine"
"86","71.312189","x264ProductLine"
"87","65.192626","x264ProductLine"
"88","70.527458","x264ProductLine"
"89","76.665127","x264ProductLine"
"90","74.603874","x264ProductLine"
"91","74.608697","x264ProductLine"
"92","76.478268","x264ProductLine"
"93","77.240078","x264ProductLine"
"94","66.200777","x264ProductLine"
"95","74.854373","x264ProductLine"
"96","73.436858","x264ProductLine"
"97","111.626889","x264ProductLine"
"98","72.590842","x264ProductLine"
"99","83.309319","x264ProductLine"
"100","70.584595","x264ProductLine"
"101","166.960266","WgetProductLine"
"102","67.205901","WgetProductLine"
"103","68.575812","WgetProductLine"
"104","68.468542","WgetProductLine"
"105","70.116586","WgetProductLine"
"106","70.374899","WgetProductLine"
"107","69.520528","WgetProductLine"
"108","74.897582","WgetProductLine"
"109","68.040057","WgetProductLine"
"110","126.042971","WgetProductLine"
"111","159.865026","WgetProductLine"
"112","69.314069","WgetProductLine"
"113","68.118883","WgetProductLine"
"114","79.059668","WgetProductLine"
"115","93.548852","WgetProductLine"
"116","72.638472","WgetProductLine"
"117","81.873247","WgetProductLine"
"118","1104.434865","WgetProductLine"
"119","109.972879","WgetProductLine"
"120","71.302928","WgetProductLine"
"121","71.374296","WgetProductLine"
"122","71.407986","WgetProductLine"
"123","69.237032","WgetProductLine"
"124","76.526211","WgetProductLine"
"125","174.429889","WgetProductLine"
"126","72.442031","WgetProductLine"
"127","82.566803","WgetProductLine"
"128","72.711039","WgetProductLine"
"129","74.176362","WgetProductLine"
"130","67.609671","WgetProductLine"
"131","144.079145","WgetProductLine"
"132","71.391676","WgetProductLine"
"133","67.454642","WgetProductLine"
"134","75.329349","WgetProductLine"
"135","88.956794","WgetProductLine"
"136","73.433807","WgetProductLine"
"137","71.93153","WgetProductLine"
"138","72.0576","WgetProductLine"
"139","68.837915","WgetProductLine"
"140","67.443559","WgetProductLine"
"141","87.917336","WgetProductLine"
"142","68.97518","WgetProductLine"
"143","77.862935","WgetProductLine"
"144","70.523587","WgetProductLine"
"145","70.960662","WgetProductLine"
"146","72.885091","WgetProductLine"
"147","74.059615","WgetProductLine"
"148","66.046994","WgetProductLine"
"149","175.14316","WgetProductLine"
"150","67.143645","WgetProductLine"
"151","69.702272","WgetProductLine"
"152","66.140917","WgetProductLine"
"153","71.141513","WgetProductLine"
"154","74.818122","WgetProductLine"
"155","72.862278","WgetProductLine"
"156","68.177094","WgetProductLine"
"157","74.477577","WgetProductLine"
"158","67.228097","WgetProductLine"
"159","71.86689","WgetProductLine"
"160","68.430468","WgetProductLine"
"161","67.926325","WgetProductLine"
"162","84.459188","WgetProductLine"
"163","70.695366","WgetProductLine"
"164","154.050286","WgetProductLine"
"165","69.680576","WgetProductLine"
"166","68.994825","WgetProductLine"
"167","71.358324","WgetProductLine"
"168","66.573466","WgetProductLine"
"169","70.130219","WgetProductLine"
"170","74.548404","WgetProductLine"
"171","67.637585","WgetProductLine"
"172","73.473443","WgetProductLine"
"173","67.728241","WgetProductLine"
"174","74.519324","WgetProductLine"
"175","73.045524","WgetProductLine"
"176","68.759218","WgetProductLine"
"177","70.556502","WgetProductLine"
"178","76.165171","WgetProductLine"
"179","72.18089","WgetProductLine"
"180","72.899055","WgetProductLine"
"181","67.527705","WgetProductLine"
"182","66.834275","WgetProductLine"
"183","64.977035","WgetProductLine"
"184","86.645956","WgetProductLine"
"185","125.06008","WgetProductLine"
"186","92.120978","WgetProductLine"
"187","69.326658","WgetProductLine"
"188","79.32743","WgetProductLine"
"189","74.456057","WgetProductLine"
"190","70.48282","WgetProductLine"
"191","71.090829","WgetProductLine"
"192","72.276131","WgetProductLine"
"193","100.447915","WgetProductLine"
"194","86.320264","WgetProductLine"
"195","74.761449","WgetProductLine"
"196","75.914278","WgetProductLine"
"197","88.222074","WgetProductLine"
"198","78.178776","WgetProductLine"
"199","72.703816","WgetProductLine"
"200","104.35185","WgetProductLine"
"201","79.624305","BerkeleyDBMemoryversionProductLine"
"202","69.312694","BerkeleyDBMemoryversionProductLine"
"203","69.746785","BerkeleyDBMemoryversionProductLine"
"204","72.025379","BerkeleyDBMemoryversionProductLine"
"205","88.709391","BerkeleyDBMemoryversionProductLine"
"206","74.10446","BerkeleyDBMemoryversionProductLine"
"207","71.764492","BerkeleyDBMemoryversionProductLine"
"208","70.408468","BerkeleyDBMemoryversionProductLine"
"209","68.571451","BerkeleyDBMemoryversionProductLine"
"210","127.959657","BerkeleyDBMemoryversionProductLine"
"211","73.836873","BerkeleyDBMemoryversionProductLine"
"212","77.325863","BerkeleyDBMemoryversionProductLine"
"213","73.509572","BerkeleyDBMemoryversionProductLine"
"214","75.776904","BerkeleyDBMemoryversionProductLine"
"215","87.821257","BerkeleyDBMemoryversionProductLine"
"216","71.385265","BerkeleyDBMemoryversionProductLine"
"217","114.269841","BerkeleyDBMemoryversionProductLine"
"218","126.987771","BerkeleyDBMemoryversionProductLine"
"219","87.970802","BerkeleyDBMemoryversionProductLine"
"220","67.151315","BerkeleyDBMemoryversionProductLine"
"221","87.933542","BerkeleyDBMemoryversionProductLine"
"222","69.379349","BerkeleyDBMemoryversionProductLine"
"223","71.724621","BerkeleyDBMemoryversionProductLine"
"224","72.683829","BerkeleyDBMemoryversionProductLine"
"225","88.382781","BerkeleyDBMemoryversionProductLine"
"226","72.966867","BerkeleyDBMemoryversionProductLine"
"227","75.241466","BerkeleyDBMemoryversionProductLine"
"228","66.393391","BerkeleyDBMemoryversionProductLine"
"229","69.622158","BerkeleyDBMemoryversionProductLine"
"230","80.121933","BerkeleyDBMemoryversionProductLine"
"231","68.667755","BerkeleyDBMemoryversionProductLine"
"232","66.803297","BerkeleyDBMemoryversionProductLine"
"233","70.980934","BerkeleyDBMemoryversionProductLine"
"234","67.310718","BerkeleyDBMemoryversionProductLine"
"235","70.246987","BerkeleyDBMemoryversionProductLine"
"236","65.769155","BerkeleyDBMemoryversionProductLine"
"237","97.54622","BerkeleyDBMemoryversionProductLine"
"238","78.595071","BerkeleyDBMemoryversionProductLine"
"239","71.387466","BerkeleyDBMemoryversionProductLine"
"240","73.574277","BerkeleyDBMemoryversionProductLine"
"241","67.998661","BerkeleyDBMemoryversionProductLine"
"242","68.313668","BerkeleyDBMemoryversionProductLine"
"243","75.358245","BerkeleyDBMemoryversionProductLine"
"244","71.853116","BerkeleyDBMemoryversionProductLine"
"245","68.063895","BerkeleyDBMemoryversionProductLine"
"246","84.931461","BerkeleyDBMemoryversionProductLine"
"247","71.189337","BerkeleyDBMemoryversionProductLine"
"248","66.862717","BerkeleyDBMemoryversionProductLine"
"249","66.55849","BerkeleyDBMemoryversionProductLine"
"250","72.846163","BerkeleyDBMemoryversionProductLine"
"251","182.863266","BerkeleyDBMemoryversionProductLine"
"252","80.7496","BerkeleyDBMemoryversionProductLine"
"253","70.686883","BerkeleyDBMemoryversionProductLine"
"254","67.304101","BerkeleyDBMemoryversionProductLine"
"255","72.263734","BerkeleyDBMemoryversionProductLine"
"256","68.596695","BerkeleyDBMemoryversionProductLine"
"257","66.386533","BerkeleyDBMemoryversionProductLine"
"258","73.912902","BerkeleyDBMemoryversionProductLine"
"259","70.577665","BerkeleyDBMemoryversionProductLine"
"260","70.692196","BerkeleyDBMemoryversionProductLine"
"261","71.649026","BerkeleyDBMemoryversionProductLine"
"262","73.191136","BerkeleyDBMemoryversionProductLine"
"263","67.131846","BerkeleyDBMemoryversionProductLine"
"264","72.361551","BerkeleyDBMemoryversionProductLine"
"265","72.058026","BerkeleyDBMemoryversionProductLine"
"266","76.012006","BerkeleyDBMemoryversionProductLine"
"267","67.66552","BerkeleyDBMemoryversionProductLine"
"268","66.052872","BerkeleyDBMemoryversionProductLine"
"269","68.405057","BerkeleyDBMemoryversionProductLine"
"270","71.147195","BerkeleyDBMemoryversionProductLine"
"271","72.728148","BerkeleyDBMemoryversionProductLine"
"272","69.247079","BerkeleyDBMemoryversionProductLine"
"273","73.28926","BerkeleyDBMemoryversionProductLine"
"274","74.113616","BerkeleyDBMemoryversionProductLine"
"275","67.907148","BerkeleyDBMemoryversionProductLine"
"276","70.469015","BerkeleyDBMemoryversionProductLine"
"277","67.409237","BerkeleyDBMemoryversionProductLine"
"278","71.813963","BerkeleyDBMemoryversionProductLine"
"279","159.185437","BerkeleyDBMemoryversionProductLine"
"280","74.571268","BerkeleyDBMemoryversionProductLine"
"281","80.371504","BerkeleyDBMemoryversionProductLine"
"282","80.506329","BerkeleyDBMemoryversionProductLine"
"283","73.160109","BerkeleyDBMemoryversionProductLine"
"284","71.167723","BerkeleyDBMemoryversionProductLine"
"285","79.797656","BerkeleyDBMemoryversionProductLine"
"286","87.144137","BerkeleyDBMemoryversionProductLine"
"287","71.102275","BerkeleyDBMemoryversionProductLine"
"288","71.340536","BerkeleyDBMemoryversionProductLine"
"289","76.556642","BerkeleyDBMemoryversionProductLine"
"290","69.485076","BerkeleyDBMemoryversionProductLine"
"291","75.402877","BerkeleyDBMemoryversionProductLine"
"292","89.432676","BerkeleyDBMemoryversionProductLine"
"293","130.074953","BerkeleyDBMemoryversionProductLine"
"294","76.615682","BerkeleyDBMemoryversionProductLine"
"295","99.223599","BerkeleyDBMemoryversionProductLine"
"296","78.869776","BerkeleyDBMemoryversionProductLine"
"297","83.013366","BerkeleyDBMemoryversionProductLine"
"298","80.828635","BerkeleyDBMemoryversionProductLine"
"299","1122.560722","BerkeleyDBMemoryversionProductLine"
"300","1108.512113","BerkeleyDBMemoryversionProductLine"
"301","153.559282","SensorNetworkProductLine"
"302","72.99908","SensorNetworkProductLine"
"303","67.546014","SensorNetworkProductLine"
"304","68.337366","SensorNetworkProductLine"
"305","172.084027","SensorNetworkProductLine"
"306","136.27123","SensorNetworkProductLine"
"307","69.320851","SensorNetworkProductLine"
"308","66.484165","SensorNetworkProductLine"
"309","68.236667","SensorNetworkProductLine"
"310","144.59303","SensorNetworkProductLine"
"311","70.470594","SensorNetworkProductLine"
"312","67.070413","SensorNetworkProductLine"
"313","73.907994","SensorNetworkProductLine"
"314","77.07874","SensorNetworkProductLine"
"315","77.141837","SensorNetworkProductLine"
"316","78.889793","SensorNetworkProductLine"
"317","227.748623","SensorNetworkProductLine"
"318","81.916349","SensorNetworkProductLine"
"319","106.865977","SensorNetworkProductLine"
"320","78.391336","SensorNetworkProductLine"
"321","71.688856","SensorNetworkProductLine"
"322","96.56357","SensorNetworkProductLine"
"323","80.570247","SensorNetworkProductLine"
"324","67.112986","SensorNetworkProductLine"
"325","67.248067","SensorNetworkProductLine"
"326","69.460694","SensorNetworkProductLine"
"327","83.702107","SensorNetworkProductLine"
"328","158.178666","SensorNetworkProductLine"
"329","159.988669","SensorNetworkProductLine"
"330","136.745718","SensorNetworkProductLine"
"331","427.383562","SensorNetworkProductLine"
"332","73.269149","SensorNetworkProductLine"
"333","70.29177","SensorNetworkProductLine"
"334","168.450242","SensorNetworkProductLine"
"335","70.917885","SensorNetworkProductLine"
"336","70.892917","SensorNetworkProductLine"
"337","73.868584","SensorNetworkProductLine"
"338","201.982303","SensorNetworkProductLine"
"339","67.058698","SensorNetworkProductLine"
"340","69.284693","SensorNetworkProductLine"
"341","72.887234","SensorNetworkProductLine"
"342","93.731318","SensorNetworkProductLine"
"343","104.610155","SensorNetworkProductLine"
"344","71.423167","SensorNetworkProductLine"
"345","73.3841","SensorNetworkProductLine"
"346","78.94504","SensorNetworkProductLine"
"347","178.345035","SensorNetworkProductLine"
"348","65.717547","SensorNetworkProductLine"
"349","72.224539","SensorNetworkProductLine"
"350","68.942139","SensorNetworkProductLine"
"351","69.716538","SensorNetworkProductLine"
"352","70.421914","SensorNetworkProductLine"
"353","71.446538","SensorNetworkProductLine"
"354","72.946407","SensorNetworkProductLine"
"355","70.300028","SensorNetworkProductLine"
"356","81.054244","SensorNetworkProductLine"
"357","70.947149","SensorNetworkProductLine"
"358","69.618987","SensorNetworkProductLine"
"359","144.2693","SensorNetworkProductLine"
"360","70.94397","SensorNetworkProductLine"
"361","69.528178","SensorNetworkProductLine"
"362","74.194787","SensorNetworkProductLine"
"363","72.033956","SensorNetworkProductLine"
"364","72.791815","SensorNetworkProductLine"
"365","117.533042","SensorNetworkProductLine"
"366","176.75592","SensorNetworkProductLine"
"367","72.302296","SensorNetworkProductLine"
"368","100.91516","SensorNetworkProductLine"
"369","77.307891","SensorNetworkProductLine"
"370","69.10036","SensorNetworkProductLine"
"371","76.066524","SensorNetworkProductLine"
"372","68.417723","SensorNetworkProductLine"
"373","129.74362","SensorNetworkProductLine"
"374","140.765534","SensorNetworkProductLine"
"375","73.696545","SensorNetworkProductLine"
"376","70.792076","SensorNetworkProductLine"
"377","114.261203","SensorNetworkProductLine"
"378","69.525493","SensorNetworkProductLine"
"379","95.488309","SensorNetworkProductLine"
"380","69.118086","SensorNetworkProductLine"
"381","71.910203","SensorNetworkProductLine"
"382","68.536154","SensorNetworkProductLine"
"383","69.119186","SensorNetworkProductLine"
"384","88.27727","SensorNetworkProductLine"
"385","84.681382","SensorNetworkProductLine"
"386","71.101968","SensorNetworkProductLine"
"387","84.251351","SensorNetworkProductLine"
"388","68.348113","SensorNetworkProductLine"
"389","72.000656","SensorNetworkProductLine"
"390","85.421017","SensorNetworkProductLine"
"391","98.518207","SensorNetworkProductLine"
"392","77.366832","SensorNetworkProductLine"
"393","68.58197","SensorNetworkProductLine"
"394","72.231982","SensorNetworkProductLine"
"395","171.442795","SensorNetworkProductLine"
"396","131.89519","SensorNetworkProductLine"
"397","424.856885","SensorNetworkProductLine"
"398","80.08868","SensorNetworkProductLine"
"399","90.240651","SensorNetworkProductLine"
"400","83.242058","SensorNetworkProductLine"
"401","81.397734","StrategyMobileGame"
"402","69.74969","StrategyMobileGame"
"403","80.90779","StrategyMobileGame"
"404","121.766517","StrategyMobileGame"
"405","67.496739","StrategyMobileGame"
"406","69.064251","StrategyMobileGame"
"407","69.953119","StrategyMobileGame"
"408","74.506784","StrategyMobileGame"
"409","107.286765","StrategyMobileGame"
"410","85.33377","StrategyMobileGame"
"411","69.469495","StrategyMobileGame"
"412","70.805528","StrategyMobileGame"
"413","90.290604","StrategyMobileGame"
"414","68.89922","StrategyMobileGame"
"415","165.840562","StrategyMobileGame"
"416","74.52748","StrategyMobileGame"
"417","71.577673","StrategyMobileGame"
"418","78.529004","StrategyMobileGame"
"419","82.082715","StrategyMobileGame"
"420","71.01632","StrategyMobileGame"
"421","160.174689","StrategyMobileGame"
"422","78.422563","StrategyMobileGame"
"423","170.352808","StrategyMobileGame"
"424","70.352153","StrategyMobileGame"
"425","81.544247","StrategyMobileGame"
"426","69.993648","StrategyMobileGame"
"427","92.470506","StrategyMobileGame"
"428","69.559161","StrategyMobileGame"
"429","73.982057","StrategyMobileGame"
"430","73.324936","StrategyMobileGame"
"431","70.01381","StrategyMobileGame"
"432","181.995422","StrategyMobileGame"
"433","72.271407","StrategyMobileGame"
"434","69.327522","StrategyMobileGame"
"435","84.35921","StrategyMobileGame"
"436","69.631302","StrategyMobileGame"
"437","70.879422","StrategyMobileGame"
"438","72.112268","StrategyMobileGame"
"439","149.750948","StrategyMobileGame"
"440","141.955556","StrategyMobileGame"
"441","71.113711","StrategyMobileGame"
"442","155.004118","StrategyMobileGame"
"443","124.801856","StrategyMobileGame"
"444","72.730514","StrategyMobileGame"
"445","69.147112","StrategyMobileGame"
"446","73.13845","StrategyMobileGame"
"447","67.435549","StrategyMobileGame"
"448","69.15801","StrategyMobileGame"
"449","99.604522","StrategyMobileGame"
"450","72.635899","StrategyMobileGame"
"451","73.771647","StrategyMobileGame"
"452","70.307903","StrategyMobileGame"
"453","143.343531","StrategyMobileGame"
"454","173.865878","StrategyMobileGame"
"455","82.312641","StrategyMobileGame"
"456","69.675972","StrategyMobileGame"
"457","69.845579","StrategyMobileGame"
"458","188.96513","StrategyMobileGame"
"459","68.415694","StrategyMobileGame"
"460","171.634542","StrategyMobileGame"
"461","70.37352","StrategyMobileGame"
"462","112.14377","StrategyMobileGame"
"463","68.268891","StrategyMobileGame"
"464","69.962046","StrategyMobileGame"
"465","69.584739","StrategyMobileGame"
"466","74.851408","StrategyMobileGame"
"467","129.583082","StrategyMobileGame"
"468","69.544972","StrategyMobileGame"
"469","151.179838","StrategyMobileGame"
"470","83.202539","StrategyMobileGame"
"471","69.533884","StrategyMobileGame"
"472","71.303678","StrategyMobileGame"
"473","67.816715","StrategyMobileGame"
"474","70.90263","StrategyMobileGame"
"475","157.428071","StrategyMobileGame"
"476","69.29903","StrategyMobileGame"
"477","71.34986","StrategyMobileGame"
"478","72.084116","StrategyMobileGame"
"479","84.026603","StrategyMobileGame"
"480","73.056571","StrategyMobileGame"
"481","68.565123","StrategyMobileGame"
"482","74.002124","StrategyMobileGame"
"483","91.134313","StrategyMobileGame"
"484","75.230053","StrategyMobileGame"
"485","72.248178","StrategyMobileGame"
"486","107.804967","StrategyMobileGame"
"487","133.329402","StrategyMobileGame"
"488","74.04957","StrategyMobileGame"
"489","69.340267","StrategyMobileGame"
"490","75.767385","StrategyMobileGame"
"491","74.644489","StrategyMobileGame"
"492","72.488414","StrategyMobileGame"
"493","77.635358","StrategyMobileGame"
"494","73.830915","StrategyMobileGame"
"495","70.998823","StrategyMobileGame"
"496","72.383806","StrategyMobileGame"
"497","69.532926","StrategyMobileGame"
"498","70.462697","StrategyMobileGame"
"499","72.857566","StrategyMobileGame"
"500","101.574001","StrategyMobileGame"
"501","73.451344","TankWar"
"502","69.204657","TankWar"
"503","67.348183","TankWar"
"504","68.887802","TankWar"
"505","97.526945","TankWar"
"506","68.759999","TankWar"
"507","72.527493","TankWar"
"508","77.580514","TankWar"
"509","89.903617","TankWar"
"510","103.24937","TankWar"
"511","68.941807","TankWar"
"512","67.535309","TankWar"
"513","75.707808","TankWar"
"514","66.994331","TankWar"
"515","1075.045543","TankWar"
"516","91.715838","TankWar"
"517","147.951214","TankWar"
"518","73.175243","TankWar"
"519","74.667412","TankWar"
"520","70.829914","TankWar"
"521","71.847058","TankWar"
"522","124.430248","TankWar"
"523","78.755191","TankWar"
"524","77.256331","TankWar"
"525","74.49952","TankWar"
"526","78.080896","TankWar"
"527","67.999227","TankWar"
"528","69.719864","TankWar"
"529","76.262084","TankWar"
"530","92.633462","TankWar"
"531","70.861591","TankWar"
"532","68.711622","TankWar"
"533","87.267325","TankWar"
"534","70.86743","TankWar"
"535","160.61756","TankWar"
"536","76.160793","TankWar"
"537","67.146861","TankWar"
"538","72.06623","TankWar"
"539","74.976224","TankWar"
"540","68.720244","TankWar"
"541","74.017621","TankWar"
"542","67.948237","TankWar"
"543","219.198957","TankWar"
"544","66.612255","TankWar"
"545","71.396751","TankWar"
"546","80.244621","TankWar"
"547","96.780648","TankWar"
"548","73.746508","TankWar"
"549","83.476297","TankWar"
"550","150.831653","TankWar"
"551","171.363175","TankWar"
"552","71.813581","TankWar"
"553","73.662765","TankWar"
"554","69.265117","TankWar"
"555","159.439076","TankWar"
"556","70.328137","TankWar"
"557","1041.454359","TankWar"
"558","144.606858","TankWar"
"559","72.086156","TankWar"
"560","70.322383","TankWar"
"561","80.893623","TankWar"
"562","71.44579","TankWar"
"563","71.398785","TankWar"
"564","70.481476","TankWar"
"565","72.844493","TankWar"
"566","76.38907","TankWar"
"567","67.553469","TankWar"
"568","69.95673","TankWar"
"569","74.407545","TankWar"
"570","69.891847","TankWar"
"571","140.000737","TankWar"
"572","71.282831","TankWar"
"573","130.741978","TankWar"
"574","75.202676","TankWar"
"575","73.40403","TankWar"
"576","155.129623","TankWar"
"577","92.550052","TankWar"
"578","75.096981","TankWar"
"579","83.463425","TankWar"
"580","73.99691","TankWar"
"581","75.297896","TankWar"
"582","74.927773","TankWar"
"583","69.950798","TankWar"
"584","74.092375","TankWar"
"585","68.985443","TankWar"
"586","91.680409","TankWar"
"587","70.055809","TankWar"
"588","71.657957","TankWar"
"589","75.297775","TankWar"
"590","86.271684","TankWar"
"591","224.572802","TankWar"
"592","80.71469","TankWar"
"593","149.073587","TankWar"
"594","69.284476","TankWar"
"595","87.89738","TankWar"
"596","87.865513","TankWar"
"597","74.556918","TankWar"
"598","179.672132","TankWar"
"599","72.32151","TankWar"
"600","151.981081","TankWar"
"601","81.588218","MobileMedia2"
"602","74.746534","MobileMedia2"
"603","69.088251","MobileMedia2"
"604","72.868475","MobileMedia2"
"605","69.15064","MobileMedia2"
"606","104.517191","MobileMedia2"
"607","97.110956","MobileMedia2"
"608","69.90935","MobileMedia2"
"609","71.94379","MobileMedia2"
"610","104.23706","MobileMedia2"
"611","69.805025","MobileMedia2"
"612","70.160652","MobileMedia2"
"613","81.912809","MobileMedia2"
"614","73.320601","MobileMedia2"
"615","83.211609","MobileMedia2"
"616","113.275351","MobileMedia2"
"617","128.939207","MobileMedia2"
"618","106.895777","MobileMedia2"
"619","105.327038","MobileMedia2"
"620","80.567001","MobileMedia2"
"621","75.173263","MobileMedia2"
"622","71.278674","MobileMedia2"
"623","72.531957","MobileMedia2"
"624","166.484431","MobileMedia2"
"625","71.43633","MobileMedia2"
"626","72.197821","MobileMedia2"
"627","75.868195","MobileMedia2"
"628","124.172932","MobileMedia2"
"629","119.862106","MobileMedia2"
"630","112.141316","MobileMedia2"
"631","70.708849","MobileMedia2"
"632","72.799978","MobileMedia2"
"633","156.803893","MobileMedia2"
"634","123.103362","MobileMedia2"
"635","77.071353","MobileMedia2"
"636","73.914453","MobileMedia2"
"637","69.199627","MobileMedia2"
"638","68.303671","MobileMedia2"
"639","69.968639","MobileMedia2"
"640","70.863961","MobileMedia2"
"641","73.317168","MobileMedia2"
"642","73.862847","MobileMedia2"
"643","193.434127","MobileMedia2"
"644","70.638693","MobileMedia2"
"645","149.817643","MobileMedia2"
"646","93.138838","MobileMedia2"
"647","118.83977","MobileMedia2"
"648","74.343007","MobileMedia2"
"649","71.544106","MobileMedia2"
"650","69.374194","MobileMedia2"
"651","72.080862","MobileMedia2"
"652","96.754573","MobileMedia2"
"653","79.102615","MobileMedia2"
"654","67.833613","MobileMedia2"
"655","67.61899","MobileMedia2"
"656","74.203809","MobileMedia2"
"657","71.410632","MobileMedia2"
"658","70.255597","MobileMedia2"
"659","74.190416","MobileMedia2"
"660","69.538301","MobileMedia2"
"661","77.636071","MobileMedia2"
"662","81.200465","MobileMedia2"
"663","98.865407","MobileMedia2"
"664","150.109551","MobileMedia2"
"665","73.833301","MobileMedia2"
"666","71.177993","MobileMedia2"
"667","71.966452","MobileMedia2"
"668","72.65587","MobileMedia2"
"669","70.325386","MobileMedia2"
"670","79.681864","MobileMedia2"
"671","72.467946","MobileMedia2"
"672","99.091426","MobileMedia2"
"673","156.282946","MobileMedia2"
"674","101.123804","MobileMedia2"
"675","71.26748","MobileMedia2"
"676","69.428537","MobileMedia2"
"677","76.274601","MobileMedia2"
"678","74.16981","MobileMedia2"
"679","71.323927","MobileMedia2"
"680","70.494109","MobileMedia2"
"681","91.26985","MobileMedia2"
"682","91.455082","MobileMedia2"
"683","77.860826","MobileMedia2"
"684","177.433158","MobileMedia2"
"685","84.38584","MobileMedia2"
"686","71.132068","MobileMedia2"
"687","88.148714","MobileMedia2"
"688","89.911004","MobileMedia2"
"689","84.631006","MobileMedia2"
"690","81.633909","MobileMedia2"
"691","75.257532","MobileMedia2"
"692","88.581836","MobileMedia2"
"693","79.770427","MobileMedia2"
"694","73.856693","MobileMedia2"
"695","98.012315","MobileMedia2"
"696","98.186467","MobileMedia2"
"697","101.879508","MobileMedia2"
"698","74.940372","MobileMedia2"
"699","79.900879","MobileMedia2"
"700","100.845177","MobileMedia2"
"701","73.167121","MobileGuide"
"702","92.922613","MobileGuide"
"703","69.300007","MobileGuide"
"704","69.60794","MobileGuide"
"705","103.068636","MobileGuide"
"706","75.52741","MobileGuide"
"707","70.816152","MobileGuide"
"708","88.773672","MobileGuide"
"709","77.746355","MobileGuide"
"710","125.098191","MobileGuide"
"711","148.318871","MobileGuide"
"712","167.430873","MobileGuide"
"713","79.932741","MobileGuide"
"714","180.023426","MobileGuide"
"715","72.576254","MobileGuide"
"716","312.344239","MobileGuide"
"717","77.073555","MobileGuide"
"718","189.380768","MobileGuide"
"719","100.276157","MobileGuide"
"720","85.450438","MobileGuide"
"721","77.361124","MobileGuide"
"722","77.566434","MobileGuide"
"723","78.536424","MobileGuide"
"724","78.087614","MobileGuide"
"725","77.373984","MobileGuide"
"726","76.045358","MobileGuide"
"727","180.122407","MobileGuide"
"728","70.886148","MobileGuide"
"729","72.704107","MobileGuide"
"730","113.125528","MobileGuide"
"731","98.233773","MobileGuide"
"732","70.225514","MobileGuide"
"733","70.208372","MobileGuide"
"734","72.663305","MobileGuide"
"735","89.626626","MobileGuide"
"736","73.202134","MobileGuide"
"737","82.650122","MobileGuide"
"738","90.374157","MobileGuide"
"739","155.954588","MobileGuide"
"740","121.410322","MobileGuide"
"741","144.335341","MobileGuide"
"742","71.424504","MobileGuide"
"743","89.411919","MobileGuide"
"744","81.608745","MobileGuide"
"745","79.291413","MobileGuide"
"746","73.700509","MobileGuide"
"747","71.934101","MobileGuide"
"748","74.16452","MobileGuide"
"749","69.62313","MobileGuide"
"750","70.228183","MobileGuide"
"751","71.684308","MobileGuide"
"752","76.144657","MobileGuide"
"753","78.521895","MobileGuide"
"754","72.861345","MobileGuide"
"755","142.88959","MobileGuide"
"756","80.348896","MobileGuide"
"757","72.450701","MobileGuide"
"758","74.755715","MobileGuide"
"759","117.634115","MobileGuide"
"760","72.045163","MobileGuide"
"761","69.009327","MobileGuide"
"762","70.52656","MobileGuide"
"763","70.87543","MobileGuide"
"764","76.759428","MobileGuide"
"765","71.227832","MobileGuide"
"766","118.500639","MobileGuide"
"767","71.100675","MobileGuide"
"768","72.211748","MobileGuide"
"769","84.811355","MobileGuide"
"770","69.763728","MobileGuide"
"771","71.675559","MobileGuide"
"772","73.45564","MobileGuide"
"773","68.652314","MobileGuide"
"774","70.364196","MobileGuide"
"775","73.674648","MobileGuide"
"776","77.967008","MobileGuide"
"777","72.278312","MobileGuide"
"778","131.69776","MobileGuide"
"779","73.584333","MobileGuide"
"780","79.692595","MobileGuide"
"781","135.332357","MobileGuide"
"782","104.200575","MobileGuide"
"783","88.711651","MobileGuide"
"784","78.539204","MobileGuide"
"785","107.164549","MobileGuide"
"786","85.84571","MobileGuide"
"787","198.413503","MobileGuide"
"788","130.041813","MobileGuide"
"789","73.281561","MobileGuide"
"790","73.986585","MobileGuide"
"791","69.703357","MobileGuide"
"792","107.30179","MobileGuide"
"793","75.850919","MobileGuide"
"794","88.180681","MobileGuide"
"795","84.973563","MobileGuide"
"796","80.795933","MobileGuide"
"797","124.304192","MobileGuide"
"798","84.661607","MobileGuide"
"799","77.422745","MobileGuide"
"800","74.974846","MobileGuide"
"801","251.148233","SPLOT-3CNF-FM-500-50-1.00-SAT-1"
"802","221.15614","SPLOT-3CNF-FM-500-50-1.00-SAT-1"
"803","234.323467","SPLOT-3CNF-FM-500-50-1.00-SAT-1"
"804","215.959881","SPLOT-3CNF-FM-500-50-1.00-SAT-1"
"805","173.335168","SPLOT-3CNF-FM-500-50-1.00-SAT-1"
"806","218.298116","SPLOT-3CNF-FM-500-50-1.00-SAT-1"
"807","247.788359","SPLOT-3CNF-FM-500-50-1.00-SAT-1"
"808","252.210422","SPLOT-3CNF-FM-500-50-1.00-SAT-1"
"809","304.710482","SPLOT-3CNF-FM-500-50-1.00-SAT-1"
"810","258.929879","SPLOT-3CNF-FM-500-50-1.00-SAT-1"
"811","214.294801","SPLOT-3CNF-FM-500-50-1.00-SAT-1"
"812","251.726804","SPLOT-3CNF-FM-500-50-1.00-SAT-1"
"813","277.393389","SPLOT-3CNF-FM-500-50-1.00-SAT-1"
"814","259.238647","SPLOT-3CNF-FM-500-50-1.00-SAT-1"
"815","153.499631","SPLOT-3CNF-FM-500-50-1.00-SAT-1"
"816","374.695595","SPLOT-3CNF-FM-500-50-1.00-SAT-1"
"817","283.018416","SPLOT-3CNF-FM-500-50-1.00-SAT-1"
"818","213.36569","SPLOT-3CNF-FM-500-50-1.00-SAT-1"
"819","191.72085","SPLOT-3CNF-FM-500-50-1.00-SAT-1"
"820","227.840489","SPLOT-3CNF-FM-500-50-1.00-SAT-1"
"821","239.600156","SPLOT-3CNF-FM-500-50-1.00-SAT-1"
"822","341.333569","SPLOT-3CNF-FM-500-50-1.00-SAT-1"
"823","214.231515","SPLOT-3CNF-FM-500-50-1.00-SAT-1"
"824","217.482221","SPLOT-3CNF-FM-500-50-1.00-SAT-1"
"825","170.552866","SPLOT-3CNF-FM-500-50-1.00-SAT-1"
"826","222.036483","SPLOT-3CNF-FM-500-50-1.00-SAT-1"
"827","257.956385","SPLOT-3CNF-FM-500-50-1.00-SAT-1"
"828","234.053295","SPLOT-3CNF-FM-500-50-1.00-SAT-1"
"829","260.080588","SPLOT-3CNF-FM-500-50-1.00-SAT-1"
"830","222.305464","SPLOT-3CNF-FM-500-50-1.00-SAT-1"
"831","296.086875","SPLOT-3CNF-FM-500-50-1.00-SAT-1"
"832","179.815149","SPLOT-3CNF-FM-500-50-1.00-SAT-1"
"833","226.342685","SPLOT-3CNF-FM-500-50-1.00-SAT-1"
"834","293.592853","SPLOT-3CNF-FM-500-50-1.00-SAT-1"
"835","207.503497","SPLOT-3CNF-FM-500-50-1.00-SAT-1"
"836","266.706828","SPLOT-3CNF-FM-500-50-1.00-SAT-1"
"837","170.212815","SPLOT-3CNF-FM-500-50-1.00-SAT-1"
"838","242.212585","SPLOT-3CNF-FM-500-50-1.00-SAT-1"
"839","227.885887","SPLOT-3CNF-FM-500-50-1.00-SAT-1"
"840","287.608688","SPLOT-3CNF-FM-500-50-1.00-SAT-1"
"841","239.669425","SPLOT-3CNF-FM-500-50-1.00-SAT-1"
"842","218.041618","SPLOT-3CNF-FM-500-50-1.00-SAT-1"
"843","260.297504","SPLOT-3CNF-FM-500-50-1.00-SAT-1"
"844","177.784304","SPLOT-3CNF-FM-500-50-1.00-SAT-1"
"845","221.758202","SPLOT-3CNF-FM-500-50-1.00-SAT-1"
"846","218.176843","SPLOT-3CNF-FM-500-50-1.00-SAT-1"
"847","124.983335","SPLOT-3CNF-FM-500-50-1.00-SAT-1"
"848","275.065021","SPLOT-3CNF-FM-500-50-1.00-SAT-1"
"849","208.401502","SPLOT-3CNF-FM-500-50-1.00-SAT-1"
"850","213.823261","SPLOT-3CNF-FM-500-50-1.00-SAT-1"
"851","200.764284","SPLOT-3CNF-FM-500-50-1.00-SAT-1"
"852","240.670143","SPLOT-3CNF-FM-500-50-1.00-SAT-1"
"853","284.301528","SPLOT-3CNF-FM-500-50-1.00-SAT-1"
"854","327.026673","SPLOT-3CNF-FM-500-50-1.00-SAT-1"
"855","259.877952","SPLOT-3CNF-FM-500-50-1.00-SAT-1"
"856","265.508264","SPLOT-3CNF-FM-500-50-1.00-SAT-1"
"857","179.834048","SPLOT-3CNF-FM-500-50-1.00-SAT-1"
"858","217.027305","SPLOT-3CNF-FM-500-50-1.00-SAT-1"
"859","214.367113","SPLOT-3CNF-FM-500-50-1.00-SAT-1"
"860","229.845339","SPLOT-3CNF-FM-500-50-1.00-SAT-1"
"861","267.322478","SPLOT-3CNF-FM-500-50-1.00-SAT-1"
"862","208.966945","SPLOT-3CNF-FM-500-50-1.00-SAT-1"
"863","274.459069","SPLOT-3CNF-FM-500-50-1.00-SAT-1"
"864","172.422669","SPLOT-3CNF-FM-500-50-1.00-SAT-1"
"865","204.653846","SPLOT-3CNF-FM-500-50-1.00-SAT-1"
"866","253.079813","SPLOT-3CNF-FM-500-50-1.00-SAT-1"
"867","182.894566","SPLOT-3CNF-FM-500-50-1.00-SAT-1"
"868","179.956937","SPLOT-3CNF-FM-500-50-1.00-SAT-1"
"869","300.897628","SPLOT-3CNF-FM-500-50-1.00-SAT-1"
"870","230.097405","SPLOT-3CNF-FM-500-50-1.00-SAT-1"
"871","181.787459","SPLOT-3CNF-FM-500-50-1.00-SAT-1"
"872","179.533396","SPLOT-3CNF-FM-500-50-1.00-SAT-1"
"873","186.101917","SPLOT-3CNF-FM-500-50-1.00-SAT-1"
"874","265.826817","SPLOT-3CNF-FM-500-50-1.00-SAT-1"
"875","242.917069","SPLOT-3CNF-FM-500-50-1.00-SAT-1"
"876","179.325494","SPLOT-3CNF-FM-500-50-1.00-SAT-1"
"877","234.13149","SPLOT-3CNF-FM-500-50-1.00-SAT-1"
"878","271.743129","SPLOT-3CNF-FM-500-50-1.00-SAT-1"
"879","156.561849","SPLOT-3CNF-FM-500-50-1.00-SAT-1"
"880","169.91951","SPLOT-3CNF-FM-500-50-1.00-SAT-1"
"881","393.137124","SPLOT-3CNF-FM-500-50-1.00-SAT-1"
"882","320.759859","SPLOT-3CNF-FM-500-50-1.00-SAT-1"
"883","667.164369","SPLOT-3CNF-FM-500-50-1.00-SAT-1"
"884","268.98573","SPLOT-3CNF-FM-500-50-1.00-SAT-1"
"885","274.911401","SPLOT-3CNF-FM-500-50-1.00-SAT-1"
"886","236.972112","SPLOT-3CNF-FM-500-50-1.00-SAT-1"
"887","339.131472","SPLOT-3CNF-FM-500-50-1.00-SAT-1"
"888","174.598816","SPLOT-3CNF-FM-500-50-1.00-SAT-1"
"889","362.902877","SPLOT-3CNF-FM-500-50-1.00-SAT-1"
"890","190.28579","SPLOT-3CNF-FM-500-50-1.00-SAT-1"
"891","283.44909","SPLOT-3CNF-FM-500-50-1.00-SAT-1"
"892","210.96678","SPLOT-3CNF-FM-500-50-1.00-SAT-1"
"893","241.925502","SPLOT-3CNF-FM-500-50-1.00-SAT-1"
"894","223.266796","SPLOT-3CNF-FM-500-50-1.00-SAT-1"
"895","258.221659","SPLOT-3CNF-FM-500-50-1.00-SAT-1"
"896","333.442829","SPLOT-3CNF-FM-500-50-1.00-SAT-1"
"897","280.328267","SPLOT-3CNF-FM-500-50-1.00-SAT-1"
"898","443.530167","SPLOT-3CNF-FM-500-50-1.00-SAT-1"
"899","211.964538","SPLOT-3CNF-FM-500-50-1.00-SAT-1"
"900","291.30315","SPLOT-3CNF-FM-500-50-1.00-SAT-1"
