"","TIME","ALTERNATIVE"
"1","574.314746","x264ProductLine"
"2","183.531653","x264ProductLine"
"3","163.94671","x264ProductLine"
"4","159.92698","x264ProductLine"
"5","173.511628","x264ProductLine"
"6","175.192227","x264ProductLine"
"7","158.350993","x264ProductLine"
"8","180.421877","x264ProductLine"
"9","173.84691","x264ProductLine"
"10","168.766268","x264ProductLine"
"11","185.30896","x264ProductLine"
"12","150.249794","x264ProductLine"
"13","199.320495","x264ProductLine"
"14","171.799694","x264ProductLine"
"15","177.712445","x264ProductLine"
"16","161.269078","x264ProductLine"
"17","197.07152","x264ProductLine"
"18","1843.938011","x264ProductLine"
"19","173.636928","x264ProductLine"
"20","166.54552","x264ProductLine"
"21","167.598278","x264ProductLine"
"22","171.020011","x264ProductLine"
"23","206.891235","x264ProductLine"
"24","168.804185","x264ProductLine"
"25","184.28466","x264ProductLine"
"26","159.564927","x264ProductLine"
"27","176.623478","x264ProductLine"
"28","226.537895","x264ProductLine"
"29","169.174203","x264ProductLine"
"30","180.44881","x264ProductLine"
"31","167.642986","x264ProductLine"
"32","191.259184","x264ProductLine"
"33","164.323659","x264ProductLine"
"34","174.654768","x264ProductLine"
"35","167.556668","x264ProductLine"
"36","168.855369","x264ProductLine"
"37","171.888602","x264ProductLine"
"38","346.328218","x264ProductLine"
"39","166.86351","x264ProductLine"
"40","181.465794","x264ProductLine"
"41","169.866569","x264ProductLine"
"42","173.494586","x264ProductLine"
"43","169.459361","x264ProductLine"
"44","167.579236","x264ProductLine"
"45","162.016228","x264ProductLine"
"46","224.77216","x264ProductLine"
"47","159.645434","x264ProductLine"
"48","160.425168","x264ProductLine"
"49","175.439935","x264ProductLine"
"50","165.486009","x264ProductLine"
"51","198.094476","x264ProductLine"
"52","153.628067","x264ProductLine"
"53","202.419276","x264ProductLine"
"54","184.879726","x264ProductLine"
"55","185.411034","x264ProductLine"
"56","175.326192","x264ProductLine"
"57","216.257568","x264ProductLine"
"58","178.285284","x264ProductLine"
"59","166.59161","x264ProductLine"
"60","165.328676","x264ProductLine"
"61","154.269018","x264ProductLine"
"62","168.665702","x264ProductLine"
"63","167.999217","x264ProductLine"
"64","172.832576","x264ProductLine"
"65","161.145542","x264ProductLine"
"66","177.390351","x264ProductLine"
"67","149.668868","x264ProductLine"
"68","164.810268","x264ProductLine"
"69","235.095076","x264ProductLine"
"70","190.092892","x264ProductLine"
"71","201.108318","x264ProductLine"
"72","163.217643","x264ProductLine"
"73","186.579801","x264ProductLine"
"74","153.426601","x264ProductLine"
"75","178.181951","x264ProductLine"
"76","128.299426","x264ProductLine"
"77","179.252326","x264ProductLine"
"78","184.552918","x264ProductLine"
"79","176.030901","x264ProductLine"
"80","130.28041","x264ProductLine"
"81","158.576267","x264ProductLine"
"82","189.880425","x264ProductLine"
"83","186.864917","x264ProductLine"
"84","166.314834","x264ProductLine"
"85","212.353492","x264ProductLine"
"86","185.096868","x264ProductLine"
"87","155.797101","x264ProductLine"
"88","168.642976","x264ProductLine"
"89","169.421326","x264ProductLine"
"90","187.509093","x264ProductLine"
"91","160.392484","x264ProductLine"
"92","172.679843","x264ProductLine"
"93","173.412068","x264ProductLine"
"94","163.588459","x264ProductLine"
"95","186.357393","x264ProductLine"
"96","169.668018","x264ProductLine"
"97","232.490626","x264ProductLine"
"98","187.164626","x264ProductLine"
"99","188.941576","x264ProductLine"
"100","167.424151","x264ProductLine"
"101","374.465162","WgetProductLine"
"102","137.133919","WgetProductLine"
"103","213.573677","WgetProductLine"
"104","184.741977","WgetProductLine"
"105","233.085361","WgetProductLine"
"106","222.893702","WgetProductLine"
"107","195.576169","WgetProductLine"
"108","151.149836","WgetProductLine"
"109","191.885703","WgetProductLine"
"110","260.863527","WgetProductLine"
"111","306.437103","WgetProductLine"
"112","194.683453","WgetProductLine"
"113","189.517254","WgetProductLine"
"114","219.752786","WgetProductLine"
"115","219.519536","WgetProductLine"
"116","145.609768","WgetProductLine"
"117","212.444828","WgetProductLine"
"118","1224.982461","WgetProductLine"
"119","238.24781","WgetProductLine"
"120","202.938777","WgetProductLine"
"121","211.458719","WgetProductLine"
"122","194.312103","WgetProductLine"
"123","225.235594","WgetProductLine"
"124","206.344869","WgetProductLine"
"125","284.295329","WgetProductLine"
"126","195.635803","WgetProductLine"
"127","218.332286","WgetProductLine"
"128","217.378669","WgetProductLine"
"129","237.630494","WgetProductLine"
"130","192.46851","WgetProductLine"
"131","283.58036","WgetProductLine"
"132","192.864009","WgetProductLine"
"133","197.75356","WgetProductLine"
"134","214.553102","WgetProductLine"
"135","216.827427","WgetProductLine"
"136","203.759511","WgetProductLine"
"137","156.546801","WgetProductLine"
"138","196.160218","WgetProductLine"
"139","165.514952","WgetProductLine"
"140","186.268217","WgetProductLine"
"141","195.483926","WgetProductLine"
"142","244.392427","WgetProductLine"
"143","247.662793","WgetProductLine"
"144","230.147235","WgetProductLine"
"145","182.984223","WgetProductLine"
"146","191.704952","WgetProductLine"
"147","187.798617","WgetProductLine"
"148","197.24846","WgetProductLine"
"149","290.790008","WgetProductLine"
"150","188.388592","WgetProductLine"
"151","153.736134","WgetProductLine"
"152","202.688109","WgetProductLine"
"153","205.198051","WgetProductLine"
"154","194.532535","WgetProductLine"
"155","148.412584","WgetProductLine"
"156","211.391351","WgetProductLine"
"157","181.643468","WgetProductLine"
"158","204.650851","WgetProductLine"
"159","162.132934","WgetProductLine"
"160","192.787159","WgetProductLine"
"161","185.965476","WgetProductLine"
"162","186.830576","WgetProductLine"
"163","207.589684","WgetProductLine"
"164","286.419468","WgetProductLine"
"165","209.477543","WgetProductLine"
"166","185.501943","WgetProductLine"
"167","191.359793","WgetProductLine"
"168","195.971635","WgetProductLine"
"169","201.866118","WgetProductLine"
"170","167.275917","WgetProductLine"
"171","174.13561","WgetProductLine"
"172","195.627435","WgetProductLine"
"173","186.067442","WgetProductLine"
"174","208.199851","WgetProductLine"
"175","201.661084","WgetProductLine"
"176","194.897417","WgetProductLine"
"177","191.913993","WgetProductLine"
"178","187.249101","WgetProductLine"
"179","212.16996","WgetProductLine"
"180","220.583675","WgetProductLine"
"181","193.356259","WgetProductLine"
"182","192.153184","WgetProductLine"
"183","190.399392","WgetProductLine"
"184","216.575159","WgetProductLine"
"185","214.588793","WgetProductLine"
"186","207.717551","WgetProductLine"
"187","186.314335","WgetProductLine"
"188","204.455535","WgetProductLine"
"189","188.227143","WgetProductLine"
"190","149.06361","WgetProductLine"
"191","184.824834","WgetProductLine"
"192","188.678201","WgetProductLine"
"193","268.47416","WgetProductLine"
"194","197.657368","WgetProductLine"
"195","242.358409","WgetProductLine"
"196","201.022192","WgetProductLine"
"197","209.908001","WgetProductLine"
"198","224.33796","WgetProductLine"
"199","211.214726","WgetProductLine"
"200","193.156426","WgetProductLine"
"201","186.790895","BerkeleyDBMemoryversionProductLine"
"202","193.915761","BerkeleyDBMemoryversionProductLine"
"203","171.496585","BerkeleyDBMemoryversionProductLine"
"204","156.934603","BerkeleyDBMemoryversionProductLine"
"205","181.092577","BerkeleyDBMemoryversionProductLine"
"206","154.378503","BerkeleyDBMemoryversionProductLine"
"207","168.944578","BerkeleyDBMemoryversionProductLine"
"208","149.001352","BerkeleyDBMemoryversionProductLine"
"209","152.443494","BerkeleyDBMemoryversionProductLine"
"210","232.813404","BerkeleyDBMemoryversionProductLine"
"211","161.669135","BerkeleyDBMemoryversionProductLine"
"212","168.303252","BerkeleyDBMemoryversionProductLine"
"213","170.199103","BerkeleyDBMemoryversionProductLine"
"214","155.992177","BerkeleyDBMemoryversionProductLine"
"215","171.088403","BerkeleyDBMemoryversionProductLine"
"216","153.65471","BerkeleyDBMemoryversionProductLine"
"217","220.394352","BerkeleyDBMemoryversionProductLine"
"218","210.831228","BerkeleyDBMemoryversionProductLine"
"219","201.595462","BerkeleyDBMemoryversionProductLine"
"220","144.705819","BerkeleyDBMemoryversionProductLine"
"221","182.165503","BerkeleyDBMemoryversionProductLine"
"222","158.947143","BerkeleyDBMemoryversionProductLine"
"223","175.87422","BerkeleyDBMemoryversionProductLine"
"224","168.421736","BerkeleyDBMemoryversionProductLine"
"225","171.866619","BerkeleyDBMemoryversionProductLine"
"226","156.420119","BerkeleyDBMemoryversionProductLine"
"227","150.347494","BerkeleyDBMemoryversionProductLine"
"228","165.58497","BerkeleyDBMemoryversionProductLine"
"229","168.94977","BerkeleyDBMemoryversionProductLine"
"230","188.611761","BerkeleyDBMemoryversionProductLine"
"231","160.760785","BerkeleyDBMemoryversionProductLine"
"232","161.461145","BerkeleyDBMemoryversionProductLine"
"233","154.603102","BerkeleyDBMemoryversionProductLine"
"234","154.549876","BerkeleyDBMemoryversionProductLine"
"235","156.324127","BerkeleyDBMemoryversionProductLine"
"236","151.682177","BerkeleyDBMemoryversionProductLine"
"237","175.812267","BerkeleyDBMemoryversionProductLine"
"238","167.725584","BerkeleyDBMemoryversionProductLine"
"239","159.905685","BerkeleyDBMemoryversionProductLine"
"240","164.629027","BerkeleyDBMemoryversionProductLine"
"241","153.206835","BerkeleyDBMemoryversionProductLine"
"242","152.737235","BerkeleyDBMemoryversionProductLine"
"243","154.754727","BerkeleyDBMemoryversionProductLine"
"244","156.42261","BerkeleyDBMemoryversionProductLine"
"245","153.260076","BerkeleyDBMemoryversionProductLine"
"246","172.043384","BerkeleyDBMemoryversionProductLine"
"247","159.568326","BerkeleyDBMemoryversionProductLine"
"248","163.831209","BerkeleyDBMemoryversionProductLine"
"249","146.964967","BerkeleyDBMemoryversionProductLine"
"250","174.188767","BerkeleyDBMemoryversionProductLine"
"251","270.566193","BerkeleyDBMemoryversionProductLine"
"252","170.634635","BerkeleyDBMemoryversionProductLine"
"253","176.918341","BerkeleyDBMemoryversionProductLine"
"254","154.510176","BerkeleyDBMemoryversionProductLine"
"255","158.054017","BerkeleyDBMemoryversionProductLine"
"256","152.359992","BerkeleyDBMemoryversionProductLine"
"257","152.591809","BerkeleyDBMemoryversionProductLine"
"258","167.302084","BerkeleyDBMemoryversionProductLine"
"259","161.059201","BerkeleyDBMemoryversionProductLine"
"260","156.904968","BerkeleyDBMemoryversionProductLine"
"261","166.33366","BerkeleyDBMemoryversionProductLine"
"262","161.949934","BerkeleyDBMemoryversionProductLine"
"263","150.615784","BerkeleyDBMemoryversionProductLine"
"264","165.715751","BerkeleyDBMemoryversionProductLine"
"265","208.12246","BerkeleyDBMemoryversionProductLine"
"266","156.614684","BerkeleyDBMemoryversionProductLine"
"267","176.499176","BerkeleyDBMemoryversionProductLine"
"268","149.420467","BerkeleyDBMemoryversionProductLine"
"269","153.875101","BerkeleyDBMemoryversionProductLine"
"270","170.136076","BerkeleyDBMemoryversionProductLine"
"271","167.340018","BerkeleyDBMemoryversionProductLine"
"272","153.410976","BerkeleyDBMemoryversionProductLine"
"273","158.349109","BerkeleyDBMemoryversionProductLine"
"274","182.587851","BerkeleyDBMemoryversionProductLine"
"275","151.527118","BerkeleyDBMemoryversionProductLine"
"276","155.455201","BerkeleyDBMemoryversionProductLine"
"277","163.531851","BerkeleyDBMemoryversionProductLine"
"278","152.181659","BerkeleyDBMemoryversionProductLine"
"279","269.368418","BerkeleyDBMemoryversionProductLine"
"280","163.675993","BerkeleyDBMemoryversionProductLine"
"281","174.081226","BerkeleyDBMemoryversionProductLine"
"282","174.347585","BerkeleyDBMemoryversionProductLine"
"283","157.184576","BerkeleyDBMemoryversionProductLine"
"284","153.920726","BerkeleyDBMemoryversionProductLine"
"285","161.050209","BerkeleyDBMemoryversionProductLine"
"286","182.87145","BerkeleyDBMemoryversionProductLine"
"287","168.202701","BerkeleyDBMemoryversionProductLine"
"288","157.832968","BerkeleyDBMemoryversionProductLine"
"289","157.149326","BerkeleyDBMemoryversionProductLine"
"290","156.123535","BerkeleyDBMemoryversionProductLine"
"291","167.625043","BerkeleyDBMemoryversionProductLine"
"292","172.973284","BerkeleyDBMemoryversionProductLine"
"293","224.11501","BerkeleyDBMemoryversionProductLine"
"294","157.01946","BerkeleyDBMemoryversionProductLine"
"295","188.674251","BerkeleyDBMemoryversionProductLine"
"296","166.975601","BerkeleyDBMemoryversionProductLine"
"297","166.851126","BerkeleyDBMemoryversionProductLine"
"298","162.622218","BerkeleyDBMemoryversionProductLine"
"299","1208.94091","BerkeleyDBMemoryversionProductLine"
"300","1215.76416","BerkeleyDBMemoryversionProductLine"
"301","374.218897","SensorNetworkProductLine"
"302","238.039619","SensorNetworkProductLine"
"303","257.023128","SensorNetworkProductLine"
"304","228.399695","SensorNetworkProductLine"
"305","384.346043","SensorNetworkProductLine"
"306","295.844203","SensorNetworkProductLine"
"307","224.442752","SensorNetworkProductLine"
"308","217.435252","SensorNetworkProductLine"
"309","224.171361","SensorNetworkProductLine"
"310","333.368395","SensorNetworkProductLine"
"311","244.880045","SensorNetworkProductLine"
"312","239.86957","SensorNetworkProductLine"
"313","243.303753","SensorNetworkProductLine"
"314","236.321878","SensorNetworkProductLine"
"315","225.716512","SensorNetworkProductLine"
"316","235.093352","SensorNetworkProductLine"
"317","380.045636","SensorNetworkProductLine"
"318","231.286027","SensorNetworkProductLine"
"319","300.632645","SensorNetworkProductLine"
"320","240.993395","SensorNetworkProductLine"
"321","238.912302","SensorNetworkProductLine"
"322","245.223903","SensorNetworkProductLine"
"323","232.965312","SensorNetworkProductLine"
"324","235.431485","SensorNetworkProductLine"
"325","238.791153","SensorNetworkProductLine"
"326","224.348411","SensorNetworkProductLine"
"327","252.894069","SensorNetworkProductLine"
"328","360.687561","SensorNetworkProductLine"
"329","321.102771","SensorNetworkProductLine"
"330","322.217435","SensorNetworkProductLine"
"331","590.688469","SensorNetworkProductLine"
"332","245.86081","SensorNetworkProductLine"
"333","209.639861","SensorNetworkProductLine"
"334","344.374436","SensorNetworkProductLine"
"335","214.313052","SensorNetworkProductLine"
"336","227.613218","SensorNetworkProductLine"
"337","232.033862","SensorNetworkProductLine"
"338","390.139877","SensorNetworkProductLine"
"339","221.173102","SensorNetworkProductLine"
"340","220.755819","SensorNetworkProductLine"
"341","217.730676","SensorNetworkProductLine"
"342","234.062418","SensorNetworkProductLine"
"343","267.801019","SensorNetworkProductLine"
"344","247.64991","SensorNetworkProductLine"
"345","229.666619","SensorNetworkProductLine"
"346","261.998268","SensorNetworkProductLine"
"347","368.483318","SensorNetworkProductLine"
"348","223.415659","SensorNetworkProductLine"
"349","248.596209","SensorNetworkProductLine"
"350","219.593176","SensorNetworkProductLine"
"351","215.583868","SensorNetworkProductLine"
"352","238.660552","SensorNetworkProductLine"
"353","217.582034","SensorNetworkProductLine"
"354","231.546467","SensorNetworkProductLine"
"355","228.890293","SensorNetworkProductLine"
"356","226.415227","SensorNetworkProductLine"
"357","220.768901","SensorNetworkProductLine"
"358","224.778968","SensorNetworkProductLine"
"359","289.840377","SensorNetworkProductLine"
"360","212.294259","SensorNetworkProductLine"
"361","208.313851","SensorNetworkProductLine"
"362","254.66021","SensorNetworkProductLine"
"363","230.914576","SensorNetworkProductLine"
"364","218.564692","SensorNetworkProductLine"
"365","306.738592","SensorNetworkProductLine"
"366","366.415243","SensorNetworkProductLine"
"367","228.165926","SensorNetworkProductLine"
"368","292.404668","SensorNetworkProductLine"
"369","223.947234","SensorNetworkProductLine"
"370","224.856443","SensorNetworkProductLine"
"371","253.00471","SensorNetworkProductLine"
"372","224.581901","SensorNetworkProductLine"
"373","287.037234","SensorNetworkProductLine"
"374","298.382886","SensorNetworkProductLine"
"375","221.509201","SensorNetworkProductLine"
"376","237.24161","SensorNetworkProductLine"
"377","295.621077","SensorNetworkProductLine"
"378","224.364234","SensorNetworkProductLine"
"379","242.815009","SensorNetworkProductLine"
"380","225.076368","SensorNetworkProductLine"
"381","244.995417","SensorNetworkProductLine"
"382","237.04036","SensorNetworkProductLine"
"383","234.272468","SensorNetworkProductLine"
"384","238.105818","SensorNetworkProductLine"
"385","236.153109","SensorNetworkProductLine"
"386","224.658551","SensorNetworkProductLine"
"387","241.905784","SensorNetworkProductLine"
"388","208.470817","SensorNetworkProductLine"
"389","228.549043","SensorNetworkProductLine"
"390","257.950109","SensorNetworkProductLine"
"391","259.814818","SensorNetworkProductLine"
"392","227.786085","SensorNetworkProductLine"
"393","230.507967","SensorNetworkProductLine"
"394","216.856834","SensorNetworkProductLine"
"395","323.368993","SensorNetworkProductLine"
"396","295.356619","SensorNetworkProductLine"
"397","591.757093","SensorNetworkProductLine"
"398","243.698734","SensorNetworkProductLine"
"399","243.798234","SensorNetworkProductLine"
"400","251.822026","SensorNetworkProductLine"
"401","271.396587","StrategyMobileGame"
"402","250.97943","StrategyMobileGame"
"403","224.05568","StrategyMobileGame"
"404","249.349793","StrategyMobileGame"
"405","217.75977","StrategyMobileGame"
"406","246.520678","StrategyMobileGame"
"407","206.898212","StrategyMobileGame"
"408","208.383112","StrategyMobileGame"
"409","251.935504","StrategyMobileGame"
"410","219.781712","StrategyMobileGame"
"411","211.981703","StrategyMobileGame"
"412","213.134328","StrategyMobileGame"
"413","256.87517","StrategyMobileGame"
"414","206.963453","StrategyMobileGame"
"415","300.743577","StrategyMobileGame"
"416","218.391612","StrategyMobileGame"
"417","219.143853","StrategyMobileGame"
"418","208.698686","StrategyMobileGame"
"419","224.386427","StrategyMobileGame"
"420","217.977103","StrategyMobileGame"
"421","298.512986","StrategyMobileGame"
"422","217.070304","StrategyMobileGame"
"423","316.242727","StrategyMobileGame"
"424","197.705445","StrategyMobileGame"
"425","223.794187","StrategyMobileGame"
"426","211.044487","StrategyMobileGame"
"427","242.72874","StrategyMobileGame"
"428","220.798503","StrategyMobileGame"
"429","215.18682","StrategyMobileGame"
"430","224.331495","StrategyMobileGame"
"431","234.947402","StrategyMobileGame"
"432","334.857853","StrategyMobileGame"
"433","204.165027","StrategyMobileGame"
"434","206.398552","StrategyMobileGame"
"435","224.770369","StrategyMobileGame"
"436","207.497434","StrategyMobileGame"
"437","198.955652","StrategyMobileGame"
"438","210.393793","StrategyMobileGame"
"439","318.209477","StrategyMobileGame"
"440","302.283052","StrategyMobileGame"
"441","214.060302","StrategyMobileGame"
"442","289.101636","StrategyMobileGame"
"443","281.181827","StrategyMobileGame"
"444","241.736169","StrategyMobileGame"
"445","189.821444","StrategyMobileGame"
"446","239.837059","StrategyMobileGame"
"447","183.788743","StrategyMobileGame"
"448","222.447627","StrategyMobileGame"
"449","233.929726","StrategyMobileGame"
"450","209.44466","StrategyMobileGame"
"451","221.540526","StrategyMobileGame"
"452","207.774036","StrategyMobileGame"
"453","272.939501","StrategyMobileGame"
"454","292.721619","StrategyMobileGame"
"455","266.683909","StrategyMobileGame"
"456","204.500326","StrategyMobileGame"
"457","206.251142","StrategyMobileGame"
"458","355.473034","StrategyMobileGame"
"459","217.660334","StrategyMobileGame"
"460","309.396226","StrategyMobileGame"
"461","207.493326","StrategyMobileGame"
"462","248.261977","StrategyMobileGame"
"463","197.600393","StrategyMobileGame"
"464","211.26406","StrategyMobileGame"
"465","210.440276","StrategyMobileGame"
"466","198.651177","StrategyMobileGame"
"467","276.103885","StrategyMobileGame"
"468","202.986118","StrategyMobileGame"
"469","306.608685","StrategyMobileGame"
"470","248.144527","StrategyMobileGame"
"471","212.863384","StrategyMobileGame"
"472","201.091352","StrategyMobileGame"
"473","219.054559","StrategyMobileGame"
"474","209.841726","StrategyMobileGame"
"475","302.97666","StrategyMobileGame"
"476","215.233826","StrategyMobileGame"
"477","209.447677","StrategyMobileGame"
"478","234.733051","StrategyMobileGame"
"479","223.310926","StrategyMobileGame"
"480","205.079826","StrategyMobileGame"
"481","218.132902","StrategyMobileGame"
"482","192.37051","StrategyMobileGame"
"483","235.052018","StrategyMobileGame"
"484","204.269501","StrategyMobileGame"
"485","201.651743","StrategyMobileGame"
"486","245.252409","StrategyMobileGame"
"487","266.348159","StrategyMobileGame"
"488","208.469226","StrategyMobileGame"
"489","212.984409","StrategyMobileGame"
"490","222.578143","StrategyMobileGame"
"491","211.451351","StrategyMobileGame"
"492","207.094777","StrategyMobileGame"
"493","210.667209","StrategyMobileGame"
"494","219.485851","StrategyMobileGame"
"495","218.75001","StrategyMobileGame"
"496","202.594168","StrategyMobileGame"
"497","207.680118","StrategyMobileGame"
"498","208.504442","StrategyMobileGame"
"499","205.771076","StrategyMobileGame"
"500","238.48691","StrategyMobileGame"
"501","271.30057","TankWar"
"502","207.611519","TankWar"
"503","233.89017","TankWar"
"504","198.354236","TankWar"
"505","241.557394","TankWar"
"506","229.687295","TankWar"
"507","205.457395","TankWar"
"508","220.877129","TankWar"
"509","233.328868","TankWar"
"510","273.150677","TankWar"
"511","206.929178","TankWar"
"512","203.74627","TankWar"
"513","198.077393","TankWar"
"514","220.723428","TankWar"
"515","1214.169546","TankWar"
"516","249.404354","TankWar"
"517","282.939586","TankWar"
"518","197.590104","TankWar"
"519","212.599711","TankWar"
"520","223.44187","TankWar"
"521","199.508895","TankWar"
"522","268.498878","TankWar"
"523","227.208128","TankWar"
"524","210.930161","TankWar"
"525","206.898887","TankWar"
"526","211.749028","TankWar"
"527","233.081444","TankWar"
"528","230.428269","TankWar"
"529","229.61427","TankWar"
"530","214.425536","TankWar"
"531","212.05136","TankWar"
"532","197.568961","TankWar"
"533","202.686286","TankWar"
"534","221.147652","TankWar"
"535","303.178944","TankWar"
"536","222.519177","TankWar"
"537","179.428193","TankWar"
"538","210.521768","TankWar"
"539","209.317419","TankWar"
"540","218.996868","TankWar"
"541","207.722535","TankWar"
"542","206.582085","TankWar"
"543","354.906169","TankWar"
"544","216.410518","TankWar"
"545","217.889269","TankWar"
"546","224.162726","TankWar"
"547","252.67746","TankWar"
"548","219.321884","TankWar"
"549","246.435077","TankWar"
"550","287.65031","TankWar"
"551","300.879085","TankWar"
"552","216.801551","TankWar"
"553","204.557185","TankWar"
"554","209.710159","TankWar"
"555","298.10091","TankWar"
"556","208.996668","TankWar"
"557","1196.203845","TankWar"
"558","286.116168","TankWar"
"559","196.984476","TankWar"
"560","192.126351","TankWar"
"561","236.74046","TankWar"
"562","207.204576","TankWar"
"563","199.115894","TankWar"
"564","192.801185","TankWar"
"565","208.443559","TankWar"
"566","208.161051","TankWar"
"567","191.662084","TankWar"
"568","204.277536","TankWar"
"569","221.641792","TankWar"
"570","198.719201","TankWar"
"571","309.654168","TankWar"
"572","223.964352","TankWar"
"573","275.324251","TankWar"
"574","235.537268","TankWar"
"575","210.426484","TankWar"
"576","297.336084","TankWar"
"577","235.227477","TankWar"
"578","216.56771","TankWar"
"579","220.62511","TankWar"
"580","198.499927","TankWar"
"581","218.59771","TankWar"
"582","213.900152","TankWar"
"583","218.921176","TankWar"
"584","221.232968","TankWar"
"585","205.251376","TankWar"
"586","215.901068","TankWar"
"587","224.860068","TankWar"
"588","215.996852","TankWar"
"589","232.314927","TankWar"
"590","215.904835","TankWar"
"591","345.929393","TankWar"
"592","209.278576","TankWar"
"593","286.975502","TankWar"
"594","211.678743","TankWar"
"595","219.105143","TankWar"
"596","262.967718","TankWar"
"597","222.529794","TankWar"
"598","329.275393","TankWar"
"599","198.824127","TankWar"
"600","311.693585","TankWar"
"601","267.440445","MobileMedia2"
"602","234.031352","MobileMedia2"
"603","225.205753","MobileMedia2"
"604","214.224662","MobileMedia2"
"605","227.31132","MobileMedia2"
"606","245.522953","MobileMedia2"
"607","257.887528","MobileMedia2"
"608","231.571378","MobileMedia2"
"609","237.00092","MobileMedia2"
"610","279.877595","MobileMedia2"
"611","207.998194","MobileMedia2"
"612","222.980404","MobileMedia2"
"613","248.489379","MobileMedia2"
"614","251.044694","MobileMedia2"
"615","231.139308","MobileMedia2"
"616","290.999645","MobileMedia2"
"617","279.405936","MobileMedia2"
"618","252.43817","MobileMedia2"
"619","276.180569","MobileMedia2"
"620","239.884802","MobileMedia2"
"621","233.664078","MobileMedia2"
"622","212.952202","MobileMedia2"
"623","217.468653","MobileMedia2"
"624","323.993137","MobileMedia2"
"625","212.819803","MobileMedia2"
"626","213.113228","MobileMedia2"
"627","240.83697","MobileMedia2"
"628","274.72142","MobileMedia2"
"629","273.638579","MobileMedia2"
"630","268.140178","MobileMedia2"
"631","226.774577","MobileMedia2"
"632","218.645519","MobileMedia2"
"633","289.754285","MobileMedia2"
"634","310.464734","MobileMedia2"
"635","221.699702","MobileMedia2"
"636","225.075235","MobileMedia2"
"637","211.994793","MobileMedia2"
"638","215.900236","MobileMedia2"
"639","245.04006","MobileMedia2"
"640","213.327794","MobileMedia2"
"641","219.623478","MobileMedia2"
"642","232.175252","MobileMedia2"
"643","343.009702","MobileMedia2"
"644","208.702327","MobileMedia2"
"645","304.040093","MobileMedia2"
"646","250.135401","MobileMedia2"
"647","275.166468","MobileMedia2"
"648","208.520384","MobileMedia2"
"649","205.970759","MobileMedia2"
"650","220.568359","MobileMedia2"
"651","224.440944","MobileMedia2"
"652","235.360935","MobileMedia2"
"653","230.803327","MobileMedia2"
"654","202.406193","MobileMedia2"
"655","222.983968","MobileMedia2"
"656","210.616268","MobileMedia2"
"657","247.551318","MobileMedia2"
"658","208.711934","MobileMedia2"
"659","217.664043","MobileMedia2"
"660","213.966251","MobileMedia2"
"661","246.639627","MobileMedia2"
"662","234.049202","MobileMedia2"
"663","241.871168","MobileMedia2"
"664","286.307418","MobileMedia2"
"665","222.176693","MobileMedia2"
"666","224.901493","MobileMedia2"
"667","217.543527","MobileMedia2"
"668","224.033943","MobileMedia2"
"669","211.307559","MobileMedia2"
"670","229.61456","MobileMedia2"
"671","246.902285","MobileMedia2"
"672","263.874493","MobileMedia2"
"673","324.651019","MobileMedia2"
"674","266.460894","MobileMedia2"
"675","208.872043","MobileMedia2"
"676","209.977427","MobileMedia2"
"677","234.176011","MobileMedia2"
"678","234.585861","MobileMedia2"
"679","212.836435","MobileMedia2"
"680","232.064084","MobileMedia2"
"681","224.151276","MobileMedia2"
"682","240.772886","MobileMedia2"
"683","224.350444","MobileMedia2"
"684","318.873902","MobileMedia2"
"685","225.309843","MobileMedia2"
"686","222.573009","MobileMedia2"
"687","244.693902","MobileMedia2"
"688","234.860193","MobileMedia2"
"689","261.152901","MobileMedia2"
"690","231.875151","MobileMedia2"
"691","247.863486","MobileMedia2"
"692","233.478251","MobileMedia2"
"693","254.51631","MobileMedia2"
"694","240.388086","MobileMedia2"
"695","251.044061","MobileMedia2"
"696","262.369734","MobileMedia2"
"697","249.037092","MobileMedia2"
"698","210.579618","MobileMedia2"
"699","208.424585","MobileMedia2"
"700","244.339794","MobileMedia2"
"701","270.052929","MobileGuide"
"702","310.068386","MobileGuide"
"703","241.656586","MobileGuide"
"704","237.080862","MobileGuide"
"705","316.211212","MobileGuide"
"706","260.763945","MobileGuide"
"707","227.634603","MobileGuide"
"708","265.990719","MobileGuide"
"709","262.141911","MobileGuide"
"710","315.011787","MobileGuide"
"711","319.584495","MobileGuide"
"712","327.558169","MobileGuide"
"713","276.226445","MobileGuide"
"714","336.35642","MobileGuide"
"715","228.531737","MobileGuide"
"716","475.750795","MobileGuide"
"717","233.050028","MobileGuide"
"718","372.20481","MobileGuide"
"719","279.678012","MobileGuide"
"720","249.420712","MobileGuide"
"721","267.575069","MobileGuide"
"722","236.91582","MobileGuide"
"723","244.410745","MobileGuide"
"724","245.608412","MobileGuide"
"725","229.093886","MobileGuide"
"726","268.872996","MobileGuide"
"727","340.447104","MobileGuide"
"728","222.148379","MobileGuide"
"729","245.058187","MobileGuide"
"730","277.167666","MobileGuide"
"731","318.397736","MobileGuide"
"732","244.461952","MobileGuide"
"733","221.788944","MobileGuide"
"734","236.438477","MobileGuide"
"735","251.511344","MobileGuide"
"736","228.538127","MobileGuide"
"737","225.368827","MobileGuide"
"738","253.08516","MobileGuide"
"739","364.004611","MobileGuide"
"740","301.607778","MobileGuide"
"741","345.612052","MobileGuide"
"742","221.799678","MobileGuide"
"743","246.128921","MobileGuide"
"744","224.891868","MobileGuide"
"745","239.820709","MobileGuide"
"746","243.615809","MobileGuide"
"747","239.215618","MobileGuide"
"748","225.725402","MobileGuide"
"749","212.138836","MobileGuide"
"750","239.955277","MobileGuide"
"751","257.022692","MobileGuide"
"752","235.510434","MobileGuide"
"753","246.391318","MobileGuide"
"754","224.038318","MobileGuide"
"755","332.620677","MobileGuide"
"756","242.758351","MobileGuide"
"757","235.25076","MobileGuide"
"758","221.941585","MobileGuide"
"759","273.385901","MobileGuide"
"760","236.903992","MobileGuide"
"761","238.05796","MobileGuide"
"762","227.781393","MobileGuide"
"763","241.612219","MobileGuide"
"764","231.384676","MobileGuide"
"765","243.799802","MobileGuide"
"766","276.130685","MobileGuide"
"767","243.34431","MobileGuide"
"768","240.573126","MobileGuide"
"769","262.780526","MobileGuide"
"770","228.786277","MobileGuide"
"771","230.39426","MobileGuide"
"772","233.267893","MobileGuide"
"773","226.932735","MobileGuide"
"774","218.610835","MobileGuide"
"775","216.798151","MobileGuide"
"776","242.312194","MobileGuide"
"777","242.099759","MobileGuide"
"778","344.356577","MobileGuide"
"779","235.334518","MobileGuide"
"780","227.272368","MobileGuide"
"781","310.507926","MobileGuide"
"782","269.112777","MobileGuide"
"783","278.830043","MobileGuide"
"784","226.869902","MobileGuide"
"785","287.065853","MobileGuide"
"786","256.711535","MobileGuide"
"787","357.073234","MobileGuide"
"788","276.721336","MobileGuide"
"789","238.201459","MobileGuide"
"790","256.343361","MobileGuide"
"791","234.366285","MobileGuide"
"792","272.862868","MobileGuide"
"793","234.423993","MobileGuide"
"794","245.145859","MobileGuide"
"795","259.841585","MobileGuide"
"796","258.247263","MobileGuide"
"797","310.691551","MobileGuide"
"798","250.190202","MobileGuide"
"799","234.310861","MobileGuide"
"800","253.239869","MobileGuide"
"801","1786.02571","SPLOT-3CNF-FM-500-50-1.00-SAT-1"
"802","1881.168619","SPLOT-3CNF-FM-500-50-1.00-SAT-1"
"803","1701.38337","SPLOT-3CNF-FM-500-50-1.00-SAT-1"
"804","1715.350411","SPLOT-3CNF-FM-500-50-1.00-SAT-1"
"805","1718.842227","SPLOT-3CNF-FM-500-50-1.00-SAT-1"
"806","1969.331761","SPLOT-3CNF-FM-500-50-1.00-SAT-1"
"807","1678.368411","SPLOT-3CNF-FM-500-50-1.00-SAT-1"
"808","1794.960461","SPLOT-3CNF-FM-500-50-1.00-SAT-1"
"809","1858.759369","SPLOT-3CNF-FM-500-50-1.00-SAT-1"
"810","1897.579344","SPLOT-3CNF-FM-500-50-1.00-SAT-1"
"811","1641.457662","SPLOT-3CNF-FM-500-50-1.00-SAT-1"
"812","1809.432261","SPLOT-3CNF-FM-500-50-1.00-SAT-1"
"813","1907.671043","SPLOT-3CNF-FM-500-50-1.00-SAT-1"
"814","1748.465261","SPLOT-3CNF-FM-500-50-1.00-SAT-1"
"815","1682.543527","SPLOT-3CNF-FM-500-50-1.00-SAT-1"
"816","1987.15666","SPLOT-3CNF-FM-500-50-1.00-SAT-1"
"817","1934.731246","SPLOT-3CNF-FM-500-50-1.00-SAT-1"
"818","1831.646445","SPLOT-3CNF-FM-500-50-1.00-SAT-1"
"819","1723.837307","SPLOT-3CNF-FM-500-50-1.00-SAT-1"
"820","1727.796136","SPLOT-3CNF-FM-500-50-1.00-SAT-1"
"821","1748.050753","SPLOT-3CNF-FM-500-50-1.00-SAT-1"
"822","1853.577069","SPLOT-3CNF-FM-500-50-1.00-SAT-1"
"823","1699.17817","SPLOT-3CNF-FM-500-50-1.00-SAT-1"
"824","1823.616452","SPLOT-3CNF-FM-500-50-1.00-SAT-1"
"825","1595.499236","SPLOT-3CNF-FM-500-50-1.00-SAT-1"
"826","1674.039918","SPLOT-3CNF-FM-500-50-1.00-SAT-1"
"827","1871.747886","SPLOT-3CNF-FM-500-50-1.00-SAT-1"
"828","1886.043286","SPLOT-3CNF-FM-500-50-1.00-SAT-1"
"829","1697.201368","SPLOT-3CNF-FM-500-50-1.00-SAT-1"
"830","1884.16112","SPLOT-3CNF-FM-500-50-1.00-SAT-1"
"831","1872.495477","SPLOT-3CNF-FM-500-50-1.00-SAT-1"
"832","1690.504027","SPLOT-3CNF-FM-500-50-1.00-SAT-1"
"833","1708.186093","SPLOT-3CNF-FM-500-50-1.00-SAT-1"
"834","2013.933852","SPLOT-3CNF-FM-500-50-1.00-SAT-1"
"835","1738.43225","SPLOT-3CNF-FM-500-50-1.00-SAT-1"
"836","1830.193494","SPLOT-3CNF-FM-500-50-1.00-SAT-1"
"837","1702.725676","SPLOT-3CNF-FM-500-50-1.00-SAT-1"
"838","1770.161627","SPLOT-3CNF-FM-500-50-1.00-SAT-1"
"839","1867.187826","SPLOT-3CNF-FM-500-50-1.00-SAT-1"
"840","1769.340051","SPLOT-3CNF-FM-500-50-1.00-SAT-1"
"841","1661.738535","SPLOT-3CNF-FM-500-50-1.00-SAT-1"
"842","1785.974459","SPLOT-3CNF-FM-500-50-1.00-SAT-1"
"843","1829.118101","SPLOT-3CNF-FM-500-50-1.00-SAT-1"
"844","1595.790746","SPLOT-3CNF-FM-500-50-1.00-SAT-1"
"845","1655.411317","SPLOT-3CNF-FM-500-50-1.00-SAT-1"
"846","1791.790842","SPLOT-3CNF-FM-500-50-1.00-SAT-1"
"847","1670.262209","SPLOT-3CNF-FM-500-50-1.00-SAT-1"
"848","1854.133092","SPLOT-3CNF-FM-500-50-1.00-SAT-1"
"849","1720.898575","SPLOT-3CNF-FM-500-50-1.00-SAT-1"
"850","1775.680642","SPLOT-3CNF-FM-500-50-1.00-SAT-1"
"851","1715.038667","SPLOT-3CNF-FM-500-50-1.00-SAT-1"
"852","1682.815509","SPLOT-3CNF-FM-500-50-1.00-SAT-1"
"853","1811.562416","SPLOT-3CNF-FM-500-50-1.00-SAT-1"
"854","1911.812584","SPLOT-3CNF-FM-500-50-1.00-SAT-1"
"855","1911.337809","SPLOT-3CNF-FM-500-50-1.00-SAT-1"
"856","1786.088493","SPLOT-3CNF-FM-500-50-1.00-SAT-1"
"857","1705.26635","SPLOT-3CNF-FM-500-50-1.00-SAT-1"
"858","1707.79105","SPLOT-3CNF-FM-500-50-1.00-SAT-1"
"859","1768.133441","SPLOT-3CNF-FM-500-50-1.00-SAT-1"
"860","1728.571701","SPLOT-3CNF-FM-500-50-1.00-SAT-1"
"861","1874.673","SPLOT-3CNF-FM-500-50-1.00-SAT-1"
"862","1778.535967","SPLOT-3CNF-FM-500-50-1.00-SAT-1"
"863","1911.960309","SPLOT-3CNF-FM-500-50-1.00-SAT-1"
"864","1696.864667","SPLOT-3CNF-FM-500-50-1.00-SAT-1"
"865","1753.603884","SPLOT-3CNF-FM-500-50-1.00-SAT-1"
"866","1858.7017","SPLOT-3CNF-FM-500-50-1.00-SAT-1"
"867","1635.40155","SPLOT-3CNF-FM-500-50-1.00-SAT-1"
"868","1744.844901","SPLOT-3CNF-FM-500-50-1.00-SAT-1"
"869","1895.915919","SPLOT-3CNF-FM-500-50-1.00-SAT-1"
"870","1728.840458","SPLOT-3CNF-FM-500-50-1.00-SAT-1"
"871","1724.381676","SPLOT-3CNF-FM-500-50-1.00-SAT-1"
"872","1675.7758","SPLOT-3CNF-FM-500-50-1.00-SAT-1"
"873","1761.713917","SPLOT-3CNF-FM-500-50-1.00-SAT-1"
"874","1809.253817","SPLOT-3CNF-FM-500-50-1.00-SAT-1"
"875","1761.394551","SPLOT-3CNF-FM-500-50-1.00-SAT-1"
"876","1732.402767","SPLOT-3CNF-FM-500-50-1.00-SAT-1"
"877","1708.807184","SPLOT-3CNF-FM-500-50-1.00-SAT-1"
"878","1869.617592","SPLOT-3CNF-FM-500-50-1.00-SAT-1"
"879","1606.766184","SPLOT-3CNF-FM-500-50-1.00-SAT-1"
"880","1681.032376","SPLOT-3CNF-FM-500-50-1.00-SAT-1"
"881","1960.670465","SPLOT-3CNF-FM-500-50-1.00-SAT-1"
"882","1917.231024","SPLOT-3CNF-FM-500-50-1.00-SAT-1"
"883","2172.080834","SPLOT-3CNF-FM-500-50-1.00-SAT-1"
"884","1745.973267","SPLOT-3CNF-FM-500-50-1.00-SAT-1"
"885","1770.66465","SPLOT-3CNF-FM-500-50-1.00-SAT-1"
"886","1817.652776","SPLOT-3CNF-FM-500-50-1.00-SAT-1"
"887","2036.025701","SPLOT-3CNF-FM-500-50-1.00-SAT-1"
"888","1732.935558","SPLOT-3CNF-FM-500-50-1.00-SAT-1"
"889","2008.664784","SPLOT-3CNF-FM-500-50-1.00-SAT-1"
"890","1742.537276","SPLOT-3CNF-FM-500-50-1.00-SAT-1"
"891","1740.150075","SPLOT-3CNF-FM-500-50-1.00-SAT-1"
"892","1760.864943","SPLOT-3CNF-FM-500-50-1.00-SAT-1"
"893","1763.301433","SPLOT-3CNF-FM-500-50-1.00-SAT-1"
"894","1732.550776","SPLOT-3CNF-FM-500-50-1.00-SAT-1"
"895","1688.141342","SPLOT-3CNF-FM-500-50-1.00-SAT-1"
"896","1910.508601","SPLOT-3CNF-FM-500-50-1.00-SAT-1"
"897","1747.5281","SPLOT-3CNF-FM-500-50-1.00-SAT-1"
"898","1957.456825","SPLOT-3CNF-FM-500-50-1.00-SAT-1"
"899","1810.507466","SPLOT-3CNF-FM-500-50-1.00-SAT-1"
"900","1958.982592","SPLOT-3CNF-FM-500-50-1.00-SAT-1"
