"","TIME","ALTERNATIVE"
"1","23.048545","x264ProductLine"
"2","9.363152","x264ProductLine"
"3","15.309431","x264ProductLine"
"4","32.77174","x264ProductLine"
"5","23.632115","x264ProductLine"
"6","8.458555","x264ProductLine"
"7","7.431463","x264ProductLine"
"8","6.835495","x264ProductLine"
"9","22.263894","x264ProductLine"
"10","9.642359","x264ProductLine"
"11","90.295326","x264ProductLine"
"12","7.256251","x264ProductLine"
"13","9.031539","x264ProductLine"
"14","6.866617","x264ProductLine"
"15","10.16724","x264ProductLine"
"16","8.364635","x264ProductLine"
"17","19.145247","x264ProductLine"
"18","7.156298","x264ProductLine"
"19","8.860115","x264ProductLine"
"20","8.892567","x264ProductLine"
"21","18.931944","x264ProductLine"
"22","29.599675","x264ProductLine"
"23","19.984302","x264ProductLine"
"24","7.295956","x264ProductLine"
"25","20.101999","x264ProductLine"
"26","84.652791","x264ProductLine"
"27","8.890426","x264ProductLine"
"28","33.134084","x264ProductLine"
"29","7.944551","x264ProductLine"
"30","9.567913","x264ProductLine"
"31","14.368539","x264ProductLine"
"32","14.218689","x264ProductLine"
"33","6.989912","x264ProductLine"
"34","12.549893","x264ProductLine"
"35","15.509795","x264ProductLine"
"36","7.833455","x264ProductLine"
"37","7.165858","x264ProductLine"
"38","18.506701","x264ProductLine"
"39","20.425615","x264ProductLine"
"40","7.492544","x264ProductLine"
"41","26.179397","x264ProductLine"
"42","9.396392","x264ProductLine"
"43","7.457872","x264ProductLine"
"44","6.94211","x264ProductLine"
"45","27.274473","x264ProductLine"
"46","6.651903","x264ProductLine"
"47","18.833994","x264ProductLine"
"48","13.246587","x264ProductLine"
"49","8.918969","x264ProductLine"
"50","6.66692","x264ProductLine"
"51","24.805287","x264ProductLine"
"52","8.972375","x264ProductLine"
"53","18.595743","x264ProductLine"
"54","7.504307","x264ProductLine"
"55","12.072074","x264ProductLine"
"56","22.438172","x264ProductLine"
"57","7.675111","x264ProductLine"
"58","6.827693","x264ProductLine"
"59","18.759851","x264ProductLine"
"60","28.015304","x264ProductLine"
"61","11.492611","x264ProductLine"
"62","8.458744","x264ProductLine"
"63","7.54588","x264ProductLine"
"64","85.170148","x264ProductLine"
"65","17.418064","x264ProductLine"
"66","20.063368","x264ProductLine"
"67","20.037986","x264ProductLine"
"68","9.316479","x264ProductLine"
"69","18.812161","x264ProductLine"
"70","19.964085","x264ProductLine"
"71","33.113817","x264ProductLine"
"72","7.482923","x264ProductLine"
"73","67.457184","x264ProductLine"
"74","6.491938","x264ProductLine"
"75","13.227125","x264ProductLine"
"76","23.067968","x264ProductLine"
"77","8.062203","x264ProductLine"
"78","27.652338","x264ProductLine"
"79","10.264481","x264ProductLine"
"80","19.510138","x264ProductLine"
"81","9.413727","x264ProductLine"
"82","23.593968","x264ProductLine"
"83","36.453218","x264ProductLine"
"84","6.856268","x264ProductLine"
"85","9.165572","x264ProductLine"
"86","10.489397","x264ProductLine"
"87","24.885648","x264ProductLine"
"88","12.081032","x264ProductLine"
"89","77.359942","x264ProductLine"
"90","19.43635","x264ProductLine"
"91","13.924825","x264ProductLine"
"92","28.765777","x264ProductLine"
"93","20.253073","x264ProductLine"
"94","7.788909","x264ProductLine"
"95","10.878453","x264ProductLine"
"96","9.219696","x264ProductLine"
"97","9.841227","x264ProductLine"
"98","21.404745","x264ProductLine"
"99","9.979318","x264ProductLine"
"100","6.671816","x264ProductLine"
"101","112.722876","WgetProductLine"
"102","11.163879","WgetProductLine"
"103","7.784341","WgetProductLine"
"104","7.215189","WgetProductLine"
"105","8.422709","WgetProductLine"
"106","9.230287","WgetProductLine"
"107","65.091153","WgetProductLine"
"108","10.675789","WgetProductLine"
"109","16.353955","WgetProductLine"
"110","6.999623","WgetProductLine"
"111","7.377419","WgetProductLine"
"112","73.766489","WgetProductLine"
"113","8.714402","WgetProductLine"
"114","10.465557","WgetProductLine"
"115","7.433843","WgetProductLine"
"116","13.241686","WgetProductLine"
"117","12.808204","WgetProductLine"
"118","8.321137","WgetProductLine"
"119","11.856637","WgetProductLine"
"120","12.051919","WgetProductLine"
"121","9.956341","WgetProductLine"
"122","7.378675","WgetProductLine"
"123","7.131471","WgetProductLine"
"124","8.611684","WgetProductLine"
"125","8.773391","WgetProductLine"
"126","7.614128","WgetProductLine"
"127","7.210271","WgetProductLine"
"128","11.501652","WgetProductLine"
"129","8.294335","WgetProductLine"
"130","6.78032","WgetProductLine"
"131","8.612869","WgetProductLine"
"132","27.381174","WgetProductLine"
"133","12.949294","WgetProductLine"
"134","8.954914","WgetProductLine"
"135","8.042968","WgetProductLine"
"136","8.434405","WgetProductLine"
"137","7.674945","WgetProductLine"
"138","7.350888","WgetProductLine"
"139","9.443983","WgetProductLine"
"140","7.963255","WgetProductLine"
"141","8.6254","WgetProductLine"
"142","87.886632","WgetProductLine"
"143","13.245882","WgetProductLine"
"144","21.820913","WgetProductLine"
"145","9.405277","WgetProductLine"
"146","6.635145","WgetProductLine"
"147","7.382314","WgetProductLine"
"148","10.614581","WgetProductLine"
"149","9.746677","WgetProductLine"
"150","7.182968","WgetProductLine"
"151","12.347387","WgetProductLine"
"152","8.292598","WgetProductLine"
"153","18.311538","WgetProductLine"
"154","10.399275","WgetProductLine"
"155","11.014217","WgetProductLine"
"156","7.904972","WgetProductLine"
"157","9.904471","WgetProductLine"
"158","8.092748","WgetProductLine"
"159","15.43805","WgetProductLine"
"160","15.561161","WgetProductLine"
"161","11.207121","WgetProductLine"
"162","12.518349","WgetProductLine"
"163","7.013953","WgetProductLine"
"164","6.913297","WgetProductLine"
"165","7.257434","WgetProductLine"
"166","6.88989","WgetProductLine"
"167","11.811917","WgetProductLine"
"168","6.721311","WgetProductLine"
"169","19.000485","WgetProductLine"
"170","18.932009","WgetProductLine"
"171","9.935209","WgetProductLine"
"172","8.891639","WgetProductLine"
"173","10.245814","WgetProductLine"
"174","15.013474","WgetProductLine"
"175","7.000496","WgetProductLine"
"176","20.261943","WgetProductLine"
"177","8.547426","WgetProductLine"
"178","6.81977","WgetProductLine"
"179","11.780171","WgetProductLine"
"180","8.729014","WgetProductLine"
"181","6.346072","WgetProductLine"
"182","6.694791","WgetProductLine"
"183","7.544961","WgetProductLine"
"184","7.439616","WgetProductLine"
"185","10.288203","WgetProductLine"
"186","7.574021","WgetProductLine"
"187","20.603052","WgetProductLine"
"188","11.536823","WgetProductLine"
"189","11.49062","WgetProductLine"
"190","9.032297","WgetProductLine"
"191","11.739334","WgetProductLine"
"192","9.240755","WgetProductLine"
"193","7.535105","WgetProductLine"
"194","9.265539","WgetProductLine"
"195","10.064859","WgetProductLine"
"196","7.152055","WgetProductLine"
"197","6.786862","WgetProductLine"
"198","9.581695","WgetProductLine"
"199","6.651054","WgetProductLine"
"200","7.464974","WgetProductLine"
"201","11.300344","BerkeleyDBMemoryversionProductLine"
"202","11.29166","BerkeleyDBMemoryversionProductLine"
"203","7.483209","BerkeleyDBMemoryversionProductLine"
"204","9.629283","BerkeleyDBMemoryversionProductLine"
"205","6.910938","BerkeleyDBMemoryversionProductLine"
"206","9.115455","BerkeleyDBMemoryversionProductLine"
"207","6.84626","BerkeleyDBMemoryversionProductLine"
"208","12.669462","BerkeleyDBMemoryversionProductLine"
"209","7.580142","BerkeleyDBMemoryversionProductLine"
"210","7.833072","BerkeleyDBMemoryversionProductLine"
"211","17.892684","BerkeleyDBMemoryversionProductLine"
"212","12.035052","BerkeleyDBMemoryversionProductLine"
"213","7.338859","BerkeleyDBMemoryversionProductLine"
"214","13.61602","BerkeleyDBMemoryversionProductLine"
"215","14.290565","BerkeleyDBMemoryversionProductLine"
"216","7.539176","BerkeleyDBMemoryversionProductLine"
"217","6.822162","BerkeleyDBMemoryversionProductLine"
"218","7.819161","BerkeleyDBMemoryversionProductLine"
"219","11.795978","BerkeleyDBMemoryversionProductLine"
"220","7.608685","BerkeleyDBMemoryversionProductLine"
"221","7.050425","BerkeleyDBMemoryversionProductLine"
"222","11.078797","BerkeleyDBMemoryversionProductLine"
"223","7.468449","BerkeleyDBMemoryversionProductLine"
"224","11.209535","BerkeleyDBMemoryversionProductLine"
"225","10.302955","BerkeleyDBMemoryversionProductLine"
"226","12.005727","BerkeleyDBMemoryversionProductLine"
"227","7.04592","BerkeleyDBMemoryversionProductLine"
"228","6.372556","BerkeleyDBMemoryversionProductLine"
"229","20.441806","BerkeleyDBMemoryversionProductLine"
"230","8.614522","BerkeleyDBMemoryversionProductLine"
"231","10.455148","BerkeleyDBMemoryversionProductLine"
"232","26.549588","BerkeleyDBMemoryversionProductLine"
"233","7.118068","BerkeleyDBMemoryversionProductLine"
"234","13.266433","BerkeleyDBMemoryversionProductLine"
"235","7.560836","BerkeleyDBMemoryversionProductLine"
"236","11.161417","BerkeleyDBMemoryversionProductLine"
"237","8.823501","BerkeleyDBMemoryversionProductLine"
"238","10.484546","BerkeleyDBMemoryversionProductLine"
"239","10.23465","BerkeleyDBMemoryversionProductLine"
"240","7.039829","BerkeleyDBMemoryversionProductLine"
"241","7.652165","BerkeleyDBMemoryversionProductLine"
"242","10.123191","BerkeleyDBMemoryversionProductLine"
"243","7.948564","BerkeleyDBMemoryversionProductLine"
"244","12.095265","BerkeleyDBMemoryversionProductLine"
"245","9.024742","BerkeleyDBMemoryversionProductLine"
"246","7.653486","BerkeleyDBMemoryversionProductLine"
"247","6.424852","BerkeleyDBMemoryversionProductLine"
"248","10.665028","BerkeleyDBMemoryversionProductLine"
"249","7.77975","BerkeleyDBMemoryversionProductLine"
"250","8.292409","BerkeleyDBMemoryversionProductLine"
"251","8.306813","BerkeleyDBMemoryversionProductLine"
"252","9.702712","BerkeleyDBMemoryversionProductLine"
"253","9.609243","BerkeleyDBMemoryversionProductLine"
"254","6.647465","BerkeleyDBMemoryversionProductLine"
"255","10.513564","BerkeleyDBMemoryversionProductLine"
"256","8.075736","BerkeleyDBMemoryversionProductLine"
"257","12.80448","BerkeleyDBMemoryversionProductLine"
"258","9.567997","BerkeleyDBMemoryversionProductLine"
"259","9.120166","BerkeleyDBMemoryversionProductLine"
"260","8.673112","BerkeleyDBMemoryversionProductLine"
"261","7.793811","BerkeleyDBMemoryversionProductLine"
"262","8.405575","BerkeleyDBMemoryversionProductLine"
"263","7.799515","BerkeleyDBMemoryversionProductLine"
"264","11.254175","BerkeleyDBMemoryversionProductLine"
"265","10.569175","BerkeleyDBMemoryversionProductLine"
"266","10.006756","BerkeleyDBMemoryversionProductLine"
"267","31.570274","BerkeleyDBMemoryversionProductLine"
"268","11.271065","BerkeleyDBMemoryversionProductLine"
"269","8.403604","BerkeleyDBMemoryversionProductLine"
"270","7.529802","BerkeleyDBMemoryversionProductLine"
"271","6.914584","BerkeleyDBMemoryversionProductLine"
"272","11.510365","BerkeleyDBMemoryversionProductLine"
"273","10.160731","BerkeleyDBMemoryversionProductLine"
"274","8.591804","BerkeleyDBMemoryversionProductLine"
"275","16.698647","BerkeleyDBMemoryversionProductLine"
"276","13.123152","BerkeleyDBMemoryversionProductLine"
"277","8.013372","BerkeleyDBMemoryversionProductLine"
"278","7.038662","BerkeleyDBMemoryversionProductLine"
"279","17.363664","BerkeleyDBMemoryversionProductLine"
"280","9.472886","BerkeleyDBMemoryversionProductLine"
"281","13.200989","BerkeleyDBMemoryversionProductLine"
"282","7.39485","BerkeleyDBMemoryversionProductLine"
"283","10.712905","BerkeleyDBMemoryversionProductLine"
"284","6.446024","BerkeleyDBMemoryversionProductLine"
"285","13.760611","BerkeleyDBMemoryversionProductLine"
"286","9.707824","BerkeleyDBMemoryversionProductLine"
"287","20.158571","BerkeleyDBMemoryversionProductLine"
"288","11.238118","BerkeleyDBMemoryversionProductLine"
"289","7.679647","BerkeleyDBMemoryversionProductLine"
"290","20.498279","BerkeleyDBMemoryversionProductLine"
"291","7.354514","BerkeleyDBMemoryversionProductLine"
"292","8.328704","BerkeleyDBMemoryversionProductLine"
"293","9.60287","BerkeleyDBMemoryversionProductLine"
"294","7.472601","BerkeleyDBMemoryversionProductLine"
"295","8.293235","BerkeleyDBMemoryversionProductLine"
"296","7.610682","BerkeleyDBMemoryversionProductLine"
"297","10.48997","BerkeleyDBMemoryversionProductLine"
"298","8.638111","BerkeleyDBMemoryversionProductLine"
"299","7.796978","BerkeleyDBMemoryversionProductLine"
"300","9.454724","BerkeleyDBMemoryversionProductLine"
"301","8.202522","SensorNetworkProductLine"
"302","8.568211","SensorNetworkProductLine"
"303","8.623164","SensorNetworkProductLine"
"304","120.130808","SensorNetworkProductLine"
"305","7.856112","SensorNetworkProductLine"
"306","12.630826","SensorNetworkProductLine"
"307","89.432165","SensorNetworkProductLine"
"308","15.968823","SensorNetworkProductLine"
"309","112.154359","SensorNetworkProductLine"
"310","10.940055","SensorNetworkProductLine"
"311","16.179972","SensorNetworkProductLine"
"312","76.555121","SensorNetworkProductLine"
"313","43.058931","SensorNetworkProductLine"
"314","9.125764","SensorNetworkProductLine"
"315","31.192417","SensorNetworkProductLine"
"316","8.81653","SensorNetworkProductLine"
"317","7.773813","SensorNetworkProductLine"
"318","11.605068","SensorNetworkProductLine"
"319","10.658769","SensorNetworkProductLine"
"320","8.195534","SensorNetworkProductLine"
"321","9.21942","SensorNetworkProductLine"
"322","11.640235","SensorNetworkProductLine"
"323","8.330369","SensorNetworkProductLine"
"324","45.98594","SensorNetworkProductLine"
"325","7.731427","SensorNetworkProductLine"
"326","7.010931","SensorNetworkProductLine"
"327","8.17078","SensorNetworkProductLine"
"328","8.621807","SensorNetworkProductLine"
"329","8.931195","SensorNetworkProductLine"
"330","11.870924","SensorNetworkProductLine"
"331","132.177154","SensorNetworkProductLine"
"332","20.591081","SensorNetworkProductLine"
"333","10.477342","SensorNetworkProductLine"
"334","126.752044","SensorNetworkProductLine"
"335","98.55715","SensorNetworkProductLine"
"336","30.176708","SensorNetworkProductLine"
"337","10.033215","SensorNetworkProductLine"
"338","116.854021","SensorNetworkProductLine"
"339","6.643462","SensorNetworkProductLine"
"340","7.446737","SensorNetworkProductLine"
"341","13.714934","SensorNetworkProductLine"
"342","9.380116","SensorNetworkProductLine"
"343","7.387957","SensorNetworkProductLine"
"344","100.85104","SensorNetworkProductLine"
"345","122.947882","SensorNetworkProductLine"
"346","9.786224","SensorNetworkProductLine"
"347","10.098863","SensorNetworkProductLine"
"348","9.405339","SensorNetworkProductLine"
"349","133.331946","SensorNetworkProductLine"
"350","8.223831","SensorNetworkProductLine"
"351","74.638885","SensorNetworkProductLine"
"352","10.453723","SensorNetworkProductLine"
"353","9.842192","SensorNetworkProductLine"
"354","7.902219","SensorNetworkProductLine"
"355","50.4237","SensorNetworkProductLine"
"356","7.413934","SensorNetworkProductLine"
"357","40.452842","SensorNetworkProductLine"
"358","11.612487","SensorNetworkProductLine"
"359","13.074516","SensorNetworkProductLine"
"360","8.327985","SensorNetworkProductLine"
"361","10.18826","SensorNetworkProductLine"
"362","10.12774","SensorNetworkProductLine"
"363","6.693232","SensorNetworkProductLine"
"364","9.41498","SensorNetworkProductLine"
"365","133.694982","SensorNetworkProductLine"
"366","10.184746","SensorNetworkProductLine"
"367","7.566049","SensorNetworkProductLine"
"368","7.396315","SensorNetworkProductLine"
"369","105.131552","SensorNetworkProductLine"
"370","20.517126","SensorNetworkProductLine"
"371","8.194832","SensorNetworkProductLine"
"372","9.200887","SensorNetworkProductLine"
"373","12.630119","SensorNetworkProductLine"
"374","10.833844","SensorNetworkProductLine"
"375","9.150004","SensorNetworkProductLine"
"376","9.46382","SensorNetworkProductLine"
"377","14.077105","SensorNetworkProductLine"
"378","8.349659","SensorNetworkProductLine"
"379","7.420924","SensorNetworkProductLine"
"380","8.669683","SensorNetworkProductLine"
"381","6.96981","SensorNetworkProductLine"
"382","8.301871","SensorNetworkProductLine"
"383","10.495774","SensorNetworkProductLine"
"384","7.184677","SensorNetworkProductLine"
"385","34.85905","SensorNetworkProductLine"
"386","14.561045","SensorNetworkProductLine"
"387","7.267784","SensorNetworkProductLine"
"388","10.694964","SensorNetworkProductLine"
"389","7.707107","SensorNetworkProductLine"
"390","75.737612","SensorNetworkProductLine"
"391","8.949595","SensorNetworkProductLine"
"392","119.552074","SensorNetworkProductLine"
"393","6.89394","SensorNetworkProductLine"
"394","7.133923","SensorNetworkProductLine"
"395","31.322529","SensorNetworkProductLine"
"396","7.817247","SensorNetworkProductLine"
"397","10.862278","SensorNetworkProductLine"
"398","8.162141","SensorNetworkProductLine"
"399","14.321753","SensorNetworkProductLine"
"400","8.220704","SensorNetworkProductLine"
"401","14.218064","StrategyMobileGame"
"402","12.775528","StrategyMobileGame"
"403","8.14764","StrategyMobileGame"
"404","88.48748","StrategyMobileGame"
"405","67.803697","StrategyMobileGame"
"406","17.51963","StrategyMobileGame"
"407","11.580024","StrategyMobileGame"
"408","16.63954","StrategyMobileGame"
"409","7.424196","StrategyMobileGame"
"410","11.506991","StrategyMobileGame"
"411","10.681771","StrategyMobileGame"
"412","13.31171","StrategyMobileGame"
"413","9.484021","StrategyMobileGame"
"414","7.24341","StrategyMobileGame"
"415","7.452174","StrategyMobileGame"
"416","7.347924","StrategyMobileGame"
"417","7.088774","StrategyMobileGame"
"418","7.94808","StrategyMobileGame"
"419","10.557155","StrategyMobileGame"
"420","7.290896","StrategyMobileGame"
"421","10.971069","StrategyMobileGame"
"422","10.614287","StrategyMobileGame"
"423","10.734718","StrategyMobileGame"
"424","7.913746","StrategyMobileGame"
"425","10.810625","StrategyMobileGame"
"426","6.877394","StrategyMobileGame"
"427","123.572236","StrategyMobileGame"
"428","9.298622","StrategyMobileGame"
"429","8.864423","StrategyMobileGame"
"430","7.727192","StrategyMobileGame"
"431","10.142328","StrategyMobileGame"
"432","7.46764","StrategyMobileGame"
"433","9.577856","StrategyMobileGame"
"434","8.79361","StrategyMobileGame"
"435","9.181","StrategyMobileGame"
"436","14.2941","StrategyMobileGame"
"437","11.277577","StrategyMobileGame"
"438","10.248526","StrategyMobileGame"
"439","19.877599","StrategyMobileGame"
"440","9.793353","StrategyMobileGame"
"441","8.514496","StrategyMobileGame"
"442","11.962421","StrategyMobileGame"
"443","74.156305","StrategyMobileGame"
"444","8.313039","StrategyMobileGame"
"445","20.338439","StrategyMobileGame"
"446","9.005932","StrategyMobileGame"
"447","8.451711","StrategyMobileGame"
"448","7.662296","StrategyMobileGame"
"449","7.833255","StrategyMobileGame"
"450","7.881693","StrategyMobileGame"
"451","12.346901","StrategyMobileGame"
"452","7.616681","StrategyMobileGame"
"453","100.684352","StrategyMobileGame"
"454","9.092982","StrategyMobileGame"
"455","7.309935","StrategyMobileGame"
"456","7.738694","StrategyMobileGame"
"457","8.412798","StrategyMobileGame"
"458","11.272139","StrategyMobileGame"
"459","12.558245","StrategyMobileGame"
"460","10.770229","StrategyMobileGame"
"461","13.382013","StrategyMobileGame"
"462","9.251308","StrategyMobileGame"
"463","8.336357","StrategyMobileGame"
"464","20.843182","StrategyMobileGame"
"465","11.348228","StrategyMobileGame"
"466","104.868972","StrategyMobileGame"
"467","16.332239","StrategyMobileGame"
"468","7.975526","StrategyMobileGame"
"469","9.346809","StrategyMobileGame"
"470","8.263302","StrategyMobileGame"
"471","8.786666","StrategyMobileGame"
"472","12.509769","StrategyMobileGame"
"473","9.090944","StrategyMobileGame"
"474","10.98803","StrategyMobileGame"
"475","19.646797","StrategyMobileGame"
"476","7.224375","StrategyMobileGame"
"477","23.241434","StrategyMobileGame"
"478","15.839768","StrategyMobileGame"
"479","10.631923","StrategyMobileGame"
"480","8.68177","StrategyMobileGame"
"481","7.633766","StrategyMobileGame"
"482","8.276134","StrategyMobileGame"
"483","9.353575","StrategyMobileGame"
"484","14.983235","StrategyMobileGame"
"485","8.600994","StrategyMobileGame"
"486","11.226948","StrategyMobileGame"
"487","11.337485","StrategyMobileGame"
"488","10.963118","StrategyMobileGame"
"489","14.452423","StrategyMobileGame"
"490","83.432371","StrategyMobileGame"
"491","7.496754","StrategyMobileGame"
"492","9.673536","StrategyMobileGame"
"493","8.730228","StrategyMobileGame"
"494","9.078609","StrategyMobileGame"
"495","8.731711","StrategyMobileGame"
"496","8.66281","StrategyMobileGame"
"497","144.9572","StrategyMobileGame"
"498","8.606057","StrategyMobileGame"
"499","7.740165","StrategyMobileGame"
"500","12.224623","StrategyMobileGame"
"501","10.20321","TankWar"
"502","135.645291","TankWar"
"503","8.305931","TankWar"
"504","14.992058","TankWar"
"505","14.13305","TankWar"
"506","7.933951","TankWar"
"507","8.868412","TankWar"
"508","16.589509","TankWar"
"509","7.8455","TankWar"
"510","15.627542","TankWar"
"511","14.530596","TankWar"
"512","8.636102","TankWar"
"513","8.058263","TankWar"
"514","7.064617","TankWar"
"515","11.180548","TankWar"
"516","11.445782","TankWar"
"517","22.056345","TankWar"
"518","16.163802","TankWar"
"519","8.858868","TankWar"
"520","135.155562","TankWar"
"521","11.043076","TankWar"
"522","96.601635","TankWar"
"523","6.94614","TankWar"
"524","14.790207","TankWar"
"525","11.306275","TankWar"
"526","11.178913","TankWar"
"527","17.567738","TankWar"
"528","7.184216","TankWar"
"529","8.332545","TankWar"
"530","14.025555","TankWar"
"531","8.620551","TankWar"
"532","11.294889","TankWar"
"533","131.660329","TankWar"
"534","7.596717","TankWar"
"535","10.536952","TankWar"
"536","7.652834","TankWar"
"537","8.513421","TankWar"
"538","7.888959","TankWar"
"539","9.799361","TankWar"
"540","11.206577","TankWar"
"541","10.76165","TankWar"
"542","8.766521","TankWar"
"543","91.273336","TankWar"
"544","7.245432","TankWar"
"545","7.580981","TankWar"
"546","9.169835","TankWar"
"547","54.552465","TankWar"
"548","13.659793","TankWar"
"549","7.937423","TankWar"
"550","11.278161","TankWar"
"551","11.80553","TankWar"
"552","7.475697","TankWar"
"553","11.83961","TankWar"
"554","9.067945","TankWar"
"555","7.646874","TankWar"
"556","7.814226","TankWar"
"557","22.103435","TankWar"
"558","7.547866","TankWar"
"559","9.811705","TankWar"
"560","19.239948","TankWar"
"561","12.336401","TankWar"
"562","11.63642","TankWar"
"563","20.770625","TankWar"
"564","20.876616","TankWar"
"565","8.155383","TankWar"
"566","9.145746","TankWar"
"567","8.119356","TankWar"
"568","20.157768","TankWar"
"569","10.115842","TankWar"
"570","12.285267","TankWar"
"571","9.467996","TankWar"
"572","11.143747","TankWar"
"573","7.162767","TankWar"
"574","11.487947","TankWar"
"575","15.259783","TankWar"
"576","8.57164","TankWar"
"577","11.262393","TankWar"
"578","7.961061","TankWar"
"579","7.464044","TankWar"
"580","25.605071","TankWar"
"581","9.229432","TankWar"
"582","10.901552","TankWar"
"583","10.268673","TankWar"
"584","19.141916","TankWar"
"585","7.718253","TankWar"
"586","8.38896","TankWar"
"587","8.384216","TankWar"
"588","10.329537","TankWar"
"589","7.767233","TankWar"
"590","9.265496","TankWar"
"591","7.760063","TankWar"
"592","11.672933","TankWar"
"593","8.182184","TankWar"
"594","19.581214","TankWar"
"595","9.212471","TankWar"
"596","7.680997","TankWar"
"597","7.111799","TankWar"
"598","22.208296","TankWar"
"599","13.673958","TankWar"
"600","138.447607","TankWar"
"601","11.248787","MobileMedia2"
"602","8.211672","MobileMedia2"
"603","8.52147","MobileMedia2"
"604","12.958681","MobileMedia2"
"605","21.033246","MobileMedia2"
"606","13.686055","MobileMedia2"
"607","49.55827","MobileMedia2"
"608","10.066012","MobileMedia2"
"609","8.628019","MobileMedia2"
"610","11.145051","MobileMedia2"
"611","9.454752","MobileMedia2"
"612","17.761028","MobileMedia2"
"613","64.673919","MobileMedia2"
"614","78.465963","MobileMedia2"
"615","14.638692","MobileMedia2"
"616","15.373519","MobileMedia2"
"617","10.285055","MobileMedia2"
"618","9.375348","MobileMedia2"
"619","9.119053","MobileMedia2"
"620","22.134417","MobileMedia2"
"621","8.885832","MobileMedia2"
"622","83.738479","MobileMedia2"
"623","14.893741","MobileMedia2"
"624","11.162334","MobileMedia2"
"625","95.014372","MobileMedia2"
"626","8.83146","MobileMedia2"
"627","33.306176","MobileMedia2"
"628","8.605306","MobileMedia2"
"629","123.744953","MobileMedia2"
"630","7.072715","MobileMedia2"
"631","9.897377","MobileMedia2"
"632","8.05744","MobileMedia2"
"633","78.881643","MobileMedia2"
"634","8.369918","MobileMedia2"
"635","10.584932","MobileMedia2"
"636","20.478057","MobileMedia2"
"637","14.306671","MobileMedia2"
"638","8.288281","MobileMedia2"
"639","11.73289","MobileMedia2"
"640","8.017338","MobileMedia2"
"641","12.123273","MobileMedia2"
"642","38.95723","MobileMedia2"
"643","8.373031","MobileMedia2"
"644","8.928749","MobileMedia2"
"645","8.681448","MobileMedia2"
"646","14.321865","MobileMedia2"
"647","12.887638","MobileMedia2"
"648","123.327951","MobileMedia2"
"649","7.625931","MobileMedia2"
"650","106.959971","MobileMedia2"
"651","19.759566","MobileMedia2"
"652","9.014753","MobileMedia2"
"653","8.869144","MobileMedia2"
"654","23.395398","MobileMedia2"
"655","11.074384","MobileMedia2"
"656","14.758726","MobileMedia2"
"657","41.437809","MobileMedia2"
"658","112.884972","MobileMedia2"
"659","7.509737","MobileMedia2"
"660","11.326711","MobileMedia2"
"661","103.889515","MobileMedia2"
"662","7.913411","MobileMedia2"
"663","19.065879","MobileMedia2"
"664","10.25342","MobileMedia2"
"665","12.719542","MobileMedia2"
"666","7.498788","MobileMedia2"
"667","9.842642","MobileMedia2"
"668","10.123145","MobileMedia2"
"669","9.266751","MobileMedia2"
"670","9.727441","MobileMedia2"
"671","74.858988","MobileMedia2"
"672","8.336731","MobileMedia2"
"673","110.509918","MobileMedia2"
"674","11.463422","MobileMedia2"
"675","7.310193","MobileMedia2"
"676","11.810441","MobileMedia2"
"677","14.838635","MobileMedia2"
"678","11.923541","MobileMedia2"
"679","111.676806","MobileMedia2"
"680","10.395068","MobileMedia2"
"681","8.520345","MobileMedia2"
"682","10.065395","MobileMedia2"
"683","77.867626","MobileMedia2"
"684","9.226367","MobileMedia2"
"685","11.387925","MobileMedia2"
"686","7.933969","MobileMedia2"
"687","9.097751","MobileMedia2"
"688","12.451865","MobileMedia2"
"689","9.402552","MobileMedia2"
"690","9.10884","MobileMedia2"
"691","9.897645","MobileMedia2"
"692","14.451508","MobileMedia2"
"693","10.358884","MobileMedia2"
"694","13.075138","MobileMedia2"
"695","34.7661","MobileMedia2"
"696","13.772484","MobileMedia2"
"697","26.967646","MobileMedia2"
"698","9.68954","MobileMedia2"
"699","8.110393","MobileMedia2"
"700","89.111485","MobileMedia2"
"701","118.573456","MobileGuide"
"702","12.574001","MobileGuide"
"703","10.527978","MobileGuide"
"704","8.742504","MobileGuide"
"705","16.296754","MobileGuide"
"706","15.621711","MobileGuide"
"707","15.143896","MobileGuide"
"708","9.961892","MobileGuide"
"709","48.245209","MobileGuide"
"710","20.522355","MobileGuide"
"711","7.760612","MobileGuide"
"712","133.385503","MobileGuide"
"713","11.151096","MobileGuide"
"714","12.076989","MobileGuide"
"715","41.820109","MobileGuide"
"716","7.267276","MobileGuide"
"717","21.053533","MobileGuide"
"718","8.869505","MobileGuide"
"719","8.395696","MobileGuide"
"720","7.164883","MobileGuide"
"721","102.377163","MobileGuide"
"722","8.102876","MobileGuide"
"723","10.69998","MobileGuide"
"724","8.847764","MobileGuide"
"725","12.487327","MobileGuide"
"726","10.105293","MobileGuide"
"727","15.080382","MobileGuide"
"728","48.263923","MobileGuide"
"729","80.971157","MobileGuide"
"730","16.399554","MobileGuide"
"731","51.219928","MobileGuide"
"732","10.189382","MobileGuide"
"733","7.357074","MobileGuide"
"734","34.394705","MobileGuide"
"735","42.960738","MobileGuide"
"736","23.526202","MobileGuide"
"737","13.087238","MobileGuide"
"738","52.404855","MobileGuide"
"739","10.108779","MobileGuide"
"740","17.308958","MobileGuide"
"741","8.585404","MobileGuide"
"742","8.120599","MobileGuide"
"743","14.768508","MobileGuide"
"744","12.57088","MobileGuide"
"745","10.52592","MobileGuide"
"746","8.474997","MobileGuide"
"747","10.594575","MobileGuide"
"748","8.447291","MobileGuide"
"749","39.546897","MobileGuide"
"750","10.507133","MobileGuide"
"751","7.827641","MobileGuide"
"752","10.304334","MobileGuide"
"753","9.928636","MobileGuide"
"754","9.498625","MobileGuide"
"755","57.097526","MobileGuide"
"756","14.718236","MobileGuide"
"757","10.524051","MobileGuide"
"758","70.839867","MobileGuide"
"759","8.82495","MobileGuide"
"760","72.576089","MobileGuide"
"761","92.565717","MobileGuide"
"762","17.287564","MobileGuide"
"763","8.422877","MobileGuide"
"764","10.8587","MobileGuide"
"765","17.30477","MobileGuide"
"766","8.101774","MobileGuide"
"767","11.538788","MobileGuide"
"768","51.847855","MobileGuide"
"769","61.353845","MobileGuide"
"770","29.662036","MobileGuide"
"771","83.485761","MobileGuide"
"772","80.799665","MobileGuide"
"773","88.874178","MobileGuide"
"774","11.380393","MobileGuide"
"775","9.973626","MobileGuide"
"776","14.900766","MobileGuide"
"777","8.411284","MobileGuide"
"778","24.367378","MobileGuide"
"779","10.422832","MobileGuide"
"780","9.628427","MobileGuide"
"781","90.109276","MobileGuide"
"782","7.736172","MobileGuide"
"783","15.996688","MobileGuide"
"784","96.081257","MobileGuide"
"785","22.718139","MobileGuide"
"786","8.615528","MobileGuide"
"787","7.325204","MobileGuide"
"788","93.428315","MobileGuide"
"789","8.569407","MobileGuide"
"790","12.224686","MobileGuide"
"791","13.525903","MobileGuide"
"792","15.465357","MobileGuide"
"793","10.270528","MobileGuide"
"794","12.045864","MobileGuide"
"795","9.619408","MobileGuide"
"796","107.90246","MobileGuide"
"797","57.612373","MobileGuide"
"798","123.778115","MobileGuide"
"799","20.755412","MobileGuide"
"800","7.891607","MobileGuide"
"801","71.3236","SPLOT-3CNF-FM-500-50-1.00-SAT-1"
"802","127.661407","SPLOT-3CNF-FM-500-50-1.00-SAT-1"
"803","69.395031","SPLOT-3CNF-FM-500-50-1.00-SAT-1"
"804","93.162823","SPLOT-3CNF-FM-500-50-1.00-SAT-1"
"805","88.718575","SPLOT-3CNF-FM-500-50-1.00-SAT-1"
"806","61.087601","SPLOT-3CNF-FM-500-50-1.00-SAT-1"
"807","117.760793","SPLOT-3CNF-FM-500-50-1.00-SAT-1"
"808","134.034647","SPLOT-3CNF-FM-500-50-1.00-SAT-1"
"809","65.443485","SPLOT-3CNF-FM-500-50-1.00-SAT-1"
"810","101.980178","SPLOT-3CNF-FM-500-50-1.00-SAT-1"
"811","136.24927","SPLOT-3CNF-FM-500-50-1.00-SAT-1"
"812","86.289373","SPLOT-3CNF-FM-500-50-1.00-SAT-1"
"813","59.356122","SPLOT-3CNF-FM-500-50-1.00-SAT-1"
"814","139.470581","SPLOT-3CNF-FM-500-50-1.00-SAT-1"
"815","95.997949","SPLOT-3CNF-FM-500-50-1.00-SAT-1"
"816","106.558433","SPLOT-3CNF-FM-500-50-1.00-SAT-1"
"817","85.196968","SPLOT-3CNF-FM-500-50-1.00-SAT-1"
"818","90.215015","SPLOT-3CNF-FM-500-50-1.00-SAT-1"
"819","63.950958","SPLOT-3CNF-FM-500-50-1.00-SAT-1"
"820","23.238796","SPLOT-3CNF-FM-500-50-1.00-SAT-1"
"821","118.564984","SPLOT-3CNF-FM-500-50-1.00-SAT-1"
"822","125.877873","SPLOT-3CNF-FM-500-50-1.00-SAT-1"
"823","59.557243","SPLOT-3CNF-FM-500-50-1.00-SAT-1"
"824","108.341233","SPLOT-3CNF-FM-500-50-1.00-SAT-1"
"825","139.715057","SPLOT-3CNF-FM-500-50-1.00-SAT-1"
"826","115.085155","SPLOT-3CNF-FM-500-50-1.00-SAT-1"
"827","72.685289","SPLOT-3CNF-FM-500-50-1.00-SAT-1"
"828","123.782817","SPLOT-3CNF-FM-500-50-1.00-SAT-1"
"829","69.035145","SPLOT-3CNF-FM-500-50-1.00-SAT-1"
"830","161.638543","SPLOT-3CNF-FM-500-50-1.00-SAT-1"
"831","78.435541","SPLOT-3CNF-FM-500-50-1.00-SAT-1"
"832","58.989524","SPLOT-3CNF-FM-500-50-1.00-SAT-1"
"833","61.476033","SPLOT-3CNF-FM-500-50-1.00-SAT-1"
"834","15.673986","SPLOT-3CNF-FM-500-50-1.00-SAT-1"
"835","134.151036","SPLOT-3CNF-FM-500-50-1.00-SAT-1"
"836","80.50844","SPLOT-3CNF-FM-500-50-1.00-SAT-1"
"837","31.443379","SPLOT-3CNF-FM-500-50-1.00-SAT-1"
"838","125.867796","SPLOT-3CNF-FM-500-50-1.00-SAT-1"
"839","53.184851","SPLOT-3CNF-FM-500-50-1.00-SAT-1"
"840","79.600248","SPLOT-3CNF-FM-500-50-1.00-SAT-1"
"841","81.675002","SPLOT-3CNF-FM-500-50-1.00-SAT-1"
"842","85.431604","SPLOT-3CNF-FM-500-50-1.00-SAT-1"
"843","84.6145","SPLOT-3CNF-FM-500-50-1.00-SAT-1"
"844","63.898506","SPLOT-3CNF-FM-500-50-1.00-SAT-1"
"845","73.775315","SPLOT-3CNF-FM-500-50-1.00-SAT-1"
"846","91.786002","SPLOT-3CNF-FM-500-50-1.00-SAT-1"
"847","58.899899","SPLOT-3CNF-FM-500-50-1.00-SAT-1"
"848","114.344432","SPLOT-3CNF-FM-500-50-1.00-SAT-1"
"849","93.155974","SPLOT-3CNF-FM-500-50-1.00-SAT-1"
"850","136.78365","SPLOT-3CNF-FM-500-50-1.00-SAT-1"
"851","48.264148","SPLOT-3CNF-FM-500-50-1.00-SAT-1"
"852","76.59604","SPLOT-3CNF-FM-500-50-1.00-SAT-1"
"853","146.226017","SPLOT-3CNF-FM-500-50-1.00-SAT-1"
"854","108.984917","SPLOT-3CNF-FM-500-50-1.00-SAT-1"
"855","132.35341","SPLOT-3CNF-FM-500-50-1.00-SAT-1"
"856","64.386194","SPLOT-3CNF-FM-500-50-1.00-SAT-1"
"857","89.806709","SPLOT-3CNF-FM-500-50-1.00-SAT-1"
"858","94.79985","SPLOT-3CNF-FM-500-50-1.00-SAT-1"
"859","135.19884","SPLOT-3CNF-FM-500-50-1.00-SAT-1"
"860","117.438541","SPLOT-3CNF-FM-500-50-1.00-SAT-1"
"861","141.66525","SPLOT-3CNF-FM-500-50-1.00-SAT-1"
"862","124.108678","SPLOT-3CNF-FM-500-50-1.00-SAT-1"
"863","133.138531","SPLOT-3CNF-FM-500-50-1.00-SAT-1"
"864","131.581426","SPLOT-3CNF-FM-500-50-1.00-SAT-1"
"865","82.59915","SPLOT-3CNF-FM-500-50-1.00-SAT-1"
"866","101.957694","SPLOT-3CNF-FM-500-50-1.00-SAT-1"
"867","99.508486","SPLOT-3CNF-FM-500-50-1.00-SAT-1"
"868","54.07851","SPLOT-3CNF-FM-500-50-1.00-SAT-1"
"869","62.261162","SPLOT-3CNF-FM-500-50-1.00-SAT-1"
"870","112.711919","SPLOT-3CNF-FM-500-50-1.00-SAT-1"
"871","103.467318","SPLOT-3CNF-FM-500-50-1.00-SAT-1"
"872","74.988372","SPLOT-3CNF-FM-500-50-1.00-SAT-1"
"873","96.711294","SPLOT-3CNF-FM-500-50-1.00-SAT-1"
"874","135.723921","SPLOT-3CNF-FM-500-50-1.00-SAT-1"
"875","108.019933","SPLOT-3CNF-FM-500-50-1.00-SAT-1"
"876","107.022162","SPLOT-3CNF-FM-500-50-1.00-SAT-1"
"877","96.445511","SPLOT-3CNF-FM-500-50-1.00-SAT-1"
"878","115.772592","SPLOT-3CNF-FM-500-50-1.00-SAT-1"
"879","112.374372","SPLOT-3CNF-FM-500-50-1.00-SAT-1"
"880","44.523582","SPLOT-3CNF-FM-500-50-1.00-SAT-1"
"881","119.105046","SPLOT-3CNF-FM-500-50-1.00-SAT-1"
"882","135.03779","SPLOT-3CNF-FM-500-50-1.00-SAT-1"
"883","113.341662","SPLOT-3CNF-FM-500-50-1.00-SAT-1"
"884","49.068677","SPLOT-3CNF-FM-500-50-1.00-SAT-1"
"885","155.084293","SPLOT-3CNF-FM-500-50-1.00-SAT-1"
"886","29.452363","SPLOT-3CNF-FM-500-50-1.00-SAT-1"
"887","126.155461","SPLOT-3CNF-FM-500-50-1.00-SAT-1"
"888","205.520231","SPLOT-3CNF-FM-500-50-1.00-SAT-1"
"889","14.423053","SPLOT-3CNF-FM-500-50-1.00-SAT-1"
"890","127.652611","SPLOT-3CNF-FM-500-50-1.00-SAT-1"
"891","97.155517","SPLOT-3CNF-FM-500-50-1.00-SAT-1"
"892","87.669471","SPLOT-3CNF-FM-500-50-1.00-SAT-1"
"893","100.65075","SPLOT-3CNF-FM-500-50-1.00-SAT-1"
"894","86.319565","SPLOT-3CNF-FM-500-50-1.00-SAT-1"
"895","64.46288","SPLOT-3CNF-FM-500-50-1.00-SAT-1"
"896","131.375237","SPLOT-3CNF-FM-500-50-1.00-SAT-1"
"897","82.36952","SPLOT-3CNF-FM-500-50-1.00-SAT-1"
"898","76.541494","SPLOT-3CNF-FM-500-50-1.00-SAT-1"
"899","73.858261","SPLOT-3CNF-FM-500-50-1.00-SAT-1"
"900","61.107455","SPLOT-3CNF-FM-500-50-1.00-SAT-1"
