"","TIME","ALTERNATIVE"
"1","177.300155","x264ProductLine"
"2","96.769838","x264ProductLine"
"3","111.115777","x264ProductLine"
"4","117.43376","x264ProductLine"
"5","108.252086","x264ProductLine"
"6","91.661718","x264ProductLine"
"7","107.189507","x264ProductLine"
"8","95.761747","x264ProductLine"
"9","106.322452","x264ProductLine"
"10","88.345788","x264ProductLine"
"11","217.880527","x264ProductLine"
"12","72.249296","x264ProductLine"
"13","96.28996","x264ProductLine"
"14","85.169536","x264ProductLine"
"15","122.33027","x264ProductLine"
"16","100.056528","x264ProductLine"
"17","177.532774","x264ProductLine"
"18","96.921442","x264ProductLine"
"19","93.360284","x264ProductLine"
"20","92.857624","x264ProductLine"
"21","101.277887","x264ProductLine"
"22","114.630603","x264ProductLine"
"23","157.233444","x264ProductLine"
"24","93.110021","x264ProductLine"
"25","174.966112","x264ProductLine"
"26","226.789443","x264ProductLine"
"27","93.263943","x264ProductLine"
"28","133.750126","x264ProductLine"
"29","96.691144","x264ProductLine"
"30","112.122472","x264ProductLine"
"31","93.901385","x264ProductLine"
"32","97.900968","x264ProductLine"
"33","94.391018","x264ProductLine"
"34","92.00155","x264ProductLine"
"35","101.010106","x264ProductLine"
"36","94.241291","x264ProductLine"
"37","100.957768","x264ProductLine"
"38","96.853008","x264ProductLine"
"39","144.374332","x264ProductLine"
"40","94.675988","x264ProductLine"
"41","107.724172","x264ProductLine"
"42","96.426905","x264ProductLine"
"43","92.326044","x264ProductLine"
"44","90.28289","x264ProductLine"
"45","103.806851","x264ProductLine"
"46","82.313328","x264ProductLine"
"47","153.001088","x264ProductLine"
"48","77.905708","x264ProductLine"
"49","93.128615","x264ProductLine"
"50","86.196893","x264ProductLine"
"51","112.898889","x264ProductLine"
"52","145.163497","x264ProductLine"
"53","106.98833","x264ProductLine"
"54","88.293399","x264ProductLine"
"55","97.647713","x264ProductLine"
"56","166.36848","x264ProductLine"
"57","101.483782","x264ProductLine"
"58","86.206392","x264ProductLine"
"59","87.514354","x264ProductLine"
"60","119.094427","x264ProductLine"
"61","87.859548","x264ProductLine"
"62","98.947413","x264ProductLine"
"63","80.222367","x264ProductLine"
"64","203.523603","x264ProductLine"
"65","96.153953","x264ProductLine"
"66","113.075651","x264ProductLine"
"67","102.420935","x264ProductLine"
"68","88.761469","x264ProductLine"
"69","97.446813","x264ProductLine"
"70","104.925952","x264ProductLine"
"71","115.013504","x264ProductLine"
"72","83.924899","x264ProductLine"
"73","203.831646","x264ProductLine"
"74","82.683843","x264ProductLine"
"75","94.140622","x264ProductLine"
"76","125.421282","x264ProductLine"
"77","95.16865","x264ProductLine"
"78","111.293745","x264ProductLine"
"79","96.859151","x264ProductLine"
"80","95.066812","x264ProductLine"
"81","76.101985","x264ProductLine"
"82","118.353868","x264ProductLine"
"83","129.162893","x264ProductLine"
"84","86.368839","x264ProductLine"
"85","90.506755","x264ProductLine"
"86","107.188025","x264ProductLine"
"87","101.237822","x264ProductLine"
"88","90.624118","x264ProductLine"
"89","225.840552","x264ProductLine"
"90","109.319311","x264ProductLine"
"91","109.297179","x264ProductLine"
"92","169.453128","x264ProductLine"
"93","92.602876","x264ProductLine"
"94","90.256686","x264ProductLine"
"95","81.554644","x264ProductLine"
"96","102.519389","x264ProductLine"
"97","87.239383","x264ProductLine"
"98","100.486214","x264ProductLine"
"99","91.342389","x264ProductLine"
"100","83.991405","x264ProductLine"
"101","247.606138","WgetProductLine"
"102","115.664827","WgetProductLine"
"103","118.378995","WgetProductLine"
"104","123.946821","WgetProductLine"
"105","107.272649","WgetProductLine"
"106","112.164532","WgetProductLine"
"107","194.069291","WgetProductLine"
"108","131.228495","WgetProductLine"
"109","113.648959","WgetProductLine"
"110","87.349505","WgetProductLine"
"111","125.325861","WgetProductLine"
"112","190.689412","WgetProductLine"
"113","115.97688","WgetProductLine"
"114","119.250043","WgetProductLine"
"115","109.336744","WgetProductLine"
"116","99.085292","WgetProductLine"
"117","103.894189","WgetProductLine"
"118","119.731175","WgetProductLine"
"119","97.683724","WgetProductLine"
"120","84.571594","WgetProductLine"
"121","104.224825","WgetProductLine"
"122","114.318839","WgetProductLine"
"123","115.003972","WgetProductLine"
"124","110.543081","WgetProductLine"
"125","116.328919","WgetProductLine"
"126","115.173292","WgetProductLine"
"127","110.325807","WgetProductLine"
"128","123.24887","WgetProductLine"
"129","103.044872","WgetProductLine"
"130","135.920143","WgetProductLine"
"131","114.970942","WgetProductLine"
"132","139.465702","WgetProductLine"
"133","115.319738","WgetProductLine"
"134","115.327007","WgetProductLine"
"135","117.549448","WgetProductLine"
"136","110.051431","WgetProductLine"
"137","109.927728","WgetProductLine"
"138","76.210189","WgetProductLine"
"139","93.688787","WgetProductLine"
"140","103.203372","WgetProductLine"
"141","120.393765","WgetProductLine"
"142","255.212639","WgetProductLine"
"143","108.160523","WgetProductLine"
"144","116.372622","WgetProductLine"
"145","99.876103","WgetProductLine"
"146","138.794086","WgetProductLine"
"147","120.251547","WgetProductLine"
"148","117.724438","WgetProductLine"
"149","116.486051","WgetProductLine"
"150","102.663771","WgetProductLine"
"151","96.025671","WgetProductLine"
"152","100.1244","WgetProductLine"
"153","128.615751","WgetProductLine"
"154","129.532516","WgetProductLine"
"155","118.480867","WgetProductLine"
"156","116.065349","WgetProductLine"
"157","96.111239","WgetProductLine"
"158","114.975988","WgetProductLine"
"159","119.244604","WgetProductLine"
"160","127.606858","WgetProductLine"
"161","97.468996","WgetProductLine"
"162","118.557462","WgetProductLine"
"163","118.134469","WgetProductLine"
"164","119.385652","WgetProductLine"
"165","100.71708","WgetProductLine"
"166","108.604968","WgetProductLine"
"167","113.469567","WgetProductLine"
"168","86.928946","WgetProductLine"
"169","106.739625","WgetProductLine"
"170","122.813302","WgetProductLine"
"171","126.487228","WgetProductLine"
"172","97.084197","WgetProductLine"
"173","112.989937","WgetProductLine"
"174","93.315653","WgetProductLine"
"175","92.181768","WgetProductLine"
"176","144.367228","WgetProductLine"
"177","112.799162","WgetProductLine"
"178","115.638118","WgetProductLine"
"179","120.189812","WgetProductLine"
"180","107.950687","WgetProductLine"
"181","112.857685","WgetProductLine"
"182","97.87324","WgetProductLine"
"183","109.101174","WgetProductLine"
"184","98.488025","WgetProductLine"
"185","125.721438","WgetProductLine"
"186","116.162125","WgetProductLine"
"187","208.843508","WgetProductLine"
"188","114.250683","WgetProductLine"
"189","138.46846","WgetProductLine"
"190","121.098993","WgetProductLine"
"191","116.420065","WgetProductLine"
"192","113.336145","WgetProductLine"
"193","119.130787","WgetProductLine"
"194","110.162068","WgetProductLine"
"195","95.645271","WgetProductLine"
"196","110.137325","WgetProductLine"
"197","90.400851","WgetProductLine"
"198","114.575195","WgetProductLine"
"199","104.361107","WgetProductLine"
"200","92.514548","WgetProductLine"
"201","86.959883","BerkeleyDBMemoryversionProductLine"
"202","91.164315","BerkeleyDBMemoryversionProductLine"
"203","78.939134","BerkeleyDBMemoryversionProductLine"
"204","85.658129","BerkeleyDBMemoryversionProductLine"
"205","84.016454","BerkeleyDBMemoryversionProductLine"
"206","89.820557","BerkeleyDBMemoryversionProductLine"
"207","80.34826","BerkeleyDBMemoryversionProductLine"
"208","87.492677","BerkeleyDBMemoryversionProductLine"
"209","84.33208","BerkeleyDBMemoryversionProductLine"
"210","77.34876","BerkeleyDBMemoryversionProductLine"
"211","91.495632","BerkeleyDBMemoryversionProductLine"
"212","88.55465","BerkeleyDBMemoryversionProductLine"
"213","79.318248","BerkeleyDBMemoryversionProductLine"
"214","89.401122","BerkeleyDBMemoryversionProductLine"
"215","91.650348","BerkeleyDBMemoryversionProductLine"
"216","82.240004","BerkeleyDBMemoryversionProductLine"
"217","89.128062","BerkeleyDBMemoryversionProductLine"
"218","81.78106","BerkeleyDBMemoryversionProductLine"
"219","94.236303","BerkeleyDBMemoryversionProductLine"
"220","81.374894","BerkeleyDBMemoryversionProductLine"
"221","80.515984","BerkeleyDBMemoryversionProductLine"
"222","95.800657","BerkeleyDBMemoryversionProductLine"
"223","91.337968","BerkeleyDBMemoryversionProductLine"
"224","88.344542","BerkeleyDBMemoryversionProductLine"
"225","91.013906","BerkeleyDBMemoryversionProductLine"
"226","79.679155","BerkeleyDBMemoryversionProductLine"
"227","89.60957","BerkeleyDBMemoryversionProductLine"
"228","87.838153","BerkeleyDBMemoryversionProductLine"
"229","95.920105","BerkeleyDBMemoryversionProductLine"
"230","85.263813","BerkeleyDBMemoryversionProductLine"
"231","82.866163","BerkeleyDBMemoryversionProductLine"
"232","112.461016","BerkeleyDBMemoryversionProductLine"
"233","79.886795","BerkeleyDBMemoryversionProductLine"
"234","84.889719","BerkeleyDBMemoryversionProductLine"
"235","88.136358","BerkeleyDBMemoryversionProductLine"
"236","98.487514","BerkeleyDBMemoryversionProductLine"
"237","86.801364","BerkeleyDBMemoryversionProductLine"
"238","83.036962","BerkeleyDBMemoryversionProductLine"
"239","78.527323","BerkeleyDBMemoryversionProductLine"
"240","83.377642","BerkeleyDBMemoryversionProductLine"
"241","88.706371","BerkeleyDBMemoryversionProductLine"
"242","90.411147","BerkeleyDBMemoryversionProductLine"
"243","82.701938","BerkeleyDBMemoryversionProductLine"
"244","82.186249","BerkeleyDBMemoryversionProductLine"
"245","83.632967","BerkeleyDBMemoryversionProductLine"
"246","84.660489","BerkeleyDBMemoryversionProductLine"
"247","80.477842","BerkeleyDBMemoryversionProductLine"
"248","81.064692","BerkeleyDBMemoryversionProductLine"
"249","82.102569","BerkeleyDBMemoryversionProductLine"
"250","85.614918","BerkeleyDBMemoryversionProductLine"
"251","87.771823","BerkeleyDBMemoryversionProductLine"
"252","78.193156","BerkeleyDBMemoryversionProductLine"
"253","84.660165","BerkeleyDBMemoryversionProductLine"
"254","84.576655","BerkeleyDBMemoryversionProductLine"
"255","93.008166","BerkeleyDBMemoryversionProductLine"
"256","86.027135","BerkeleyDBMemoryversionProductLine"
"257","86.38639","BerkeleyDBMemoryversionProductLine"
"258","79.677337","BerkeleyDBMemoryversionProductLine"
"259","83.442026","BerkeleyDBMemoryversionProductLine"
"260","82.584385","BerkeleyDBMemoryversionProductLine"
"261","84.934086","BerkeleyDBMemoryversionProductLine"
"262","86.366248","BerkeleyDBMemoryversionProductLine"
"263","85.500703","BerkeleyDBMemoryversionProductLine"
"264","83.641388","BerkeleyDBMemoryversionProductLine"
"265","78.949386","BerkeleyDBMemoryversionProductLine"
"266","81.545393","BerkeleyDBMemoryversionProductLine"
"267","107.878753","BerkeleyDBMemoryversionProductLine"
"268","84.046863","BerkeleyDBMemoryversionProductLine"
"269","90.486523","BerkeleyDBMemoryversionProductLine"
"270","83.591127","BerkeleyDBMemoryversionProductLine"
"271","74.54936","BerkeleyDBMemoryversionProductLine"
"272","82.467401","BerkeleyDBMemoryversionProductLine"
"273","80.542769","BerkeleyDBMemoryversionProductLine"
"274","81.996021","BerkeleyDBMemoryversionProductLine"
"275","102.093049","BerkeleyDBMemoryversionProductLine"
"276","87.245896","BerkeleyDBMemoryversionProductLine"
"277","82.823513","BerkeleyDBMemoryversionProductLine"
"278","75.957936","BerkeleyDBMemoryversionProductLine"
"279","95.401504","BerkeleyDBMemoryversionProductLine"
"280","87.228128","BerkeleyDBMemoryversionProductLine"
"281","90.815714","BerkeleyDBMemoryversionProductLine"
"282","80.356219","BerkeleyDBMemoryversionProductLine"
"283","86.546024","BerkeleyDBMemoryversionProductLine"
"284","81.23523","BerkeleyDBMemoryversionProductLine"
"285","88.110616","BerkeleyDBMemoryversionProductLine"
"286","77.679781","BerkeleyDBMemoryversionProductLine"
"287","94.061992","BerkeleyDBMemoryversionProductLine"
"288","85.881999","BerkeleyDBMemoryversionProductLine"
"289","82.190876","BerkeleyDBMemoryversionProductLine"
"290","94.500717","BerkeleyDBMemoryversionProductLine"
"291","86.267252","BerkeleyDBMemoryversionProductLine"
"292","77.972283","BerkeleyDBMemoryversionProductLine"
"293","81.669401","BerkeleyDBMemoryversionProductLine"
"294","87.742898","BerkeleyDBMemoryversionProductLine"
"295","80.903647","BerkeleyDBMemoryversionProductLine"
"296","78.440726","BerkeleyDBMemoryversionProductLine"
"297","86.678926","BerkeleyDBMemoryversionProductLine"
"298","78.311546","BerkeleyDBMemoryversionProductLine"
"299","87.552007","BerkeleyDBMemoryversionProductLine"
"300","79.10083","BerkeleyDBMemoryversionProductLine"
"301","145.565046","SensorNetworkProductLine"
"302","135.57729","SensorNetworkProductLine"
"303","149.326192","SensorNetworkProductLine"
"304","245.743497","SensorNetworkProductLine"
"305","146.952472","SensorNetworkProductLine"
"306","128.675609","SensorNetworkProductLine"
"307","218.57955","SensorNetworkProductLine"
"308","141.833288","SensorNetworkProductLine"
"309","236.274625","SensorNetworkProductLine"
"310","139.76137","SensorNetworkProductLine"
"311","158.861077","SensorNetworkProductLine"
"312","213.524414","SensorNetworkProductLine"
"313","270.139338","SensorNetworkProductLine"
"314","151.419316","SensorNetworkProductLine"
"315","178.747178","SensorNetworkProductLine"
"316","158.167708","SensorNetworkProductLine"
"317","146.272847","SensorNetworkProductLine"
"318","134.895855","SensorNetworkProductLine"
"319","142.340891","SensorNetworkProductLine"
"320","145.453951","SensorNetworkProductLine"
"321","138.370332","SensorNetworkProductLine"
"322","151.502638","SensorNetworkProductLine"
"323","131.15042","SensorNetworkProductLine"
"324","182.759198","SensorNetworkProductLine"
"325","149.445515","SensorNetworkProductLine"
"326","136.615164","SensorNetworkProductLine"
"327","139.979272","SensorNetworkProductLine"
"328","134.721477","SensorNetworkProductLine"
"329","148.744606","SensorNetworkProductLine"
"330","155.560632","SensorNetworkProductLine"
"331","265.422589","SensorNetworkProductLine"
"332","142.260438","SensorNetworkProductLine"
"333","143.820299","SensorNetworkProductLine"
"334","271.33539","SensorNetworkProductLine"
"335","236.172529","SensorNetworkProductLine"
"336","167.317857","SensorNetworkProductLine"
"337","147.824365","SensorNetworkProductLine"
"338","251.042321","SensorNetworkProductLine"
"339","137.902711","SensorNetworkProductLine"
"340","140.738833","SensorNetworkProductLine"
"341","150.856893","SensorNetworkProductLine"
"342","132.585685","SensorNetworkProductLine"
"343","157.798653","SensorNetworkProductLine"
"344","239.832143","SensorNetworkProductLine"
"345","245.616117","SensorNetworkProductLine"
"346","132.75873","SensorNetworkProductLine"
"347","137.496467","SensorNetworkProductLine"
"348","149.669907","SensorNetworkProductLine"
"349","271.802706","SensorNetworkProductLine"
"350","171.448285","SensorNetworkProductLine"
"351","220.267028","SensorNetworkProductLine"
"352","136.626222","SensorNetworkProductLine"
"353","151.539736","SensorNetworkProductLine"
"354","144.836155","SensorNetworkProductLine"
"355","194.769326","SensorNetworkProductLine"
"356","140.569913","SensorNetworkProductLine"
"357","166.834329","SensorNetworkProductLine"
"358","136.801031","SensorNetworkProductLine"
"359","147.761608","SensorNetworkProductLine"
"360","133.859321","SensorNetworkProductLine"
"361","149.622197","SensorNetworkProductLine"
"362","132.889849","SensorNetworkProductLine"
"363","137.508463","SensorNetworkProductLine"
"364","143.534167","SensorNetworkProductLine"
"365","273.792805","SensorNetworkProductLine"
"366","153.850443","SensorNetworkProductLine"
"367","135.156779","SensorNetworkProductLine"
"368","140.335517","SensorNetworkProductLine"
"369","240.14557","SensorNetworkProductLine"
"370","157.942939","SensorNetworkProductLine"
"371","145.493712","SensorNetworkProductLine"
"372","112.721881","SensorNetworkProductLine"
"373","191.89254","SensorNetworkProductLine"
"374","141.431044","SensorNetworkProductLine"
"375","146.370456","SensorNetworkProductLine"
"376","137.466132","SensorNetworkProductLine"
"377","144.684486","SensorNetworkProductLine"
"378","132.993307","SensorNetworkProductLine"
"379","131.400984","SensorNetworkProductLine"
"380","148.368054","SensorNetworkProductLine"
"381","136.449301","SensorNetworkProductLine"
"382","142.347415","SensorNetworkProductLine"
"383","139.490062","SensorNetworkProductLine"
"384","139.029518","SensorNetworkProductLine"
"385","175.792781","SensorNetworkProductLine"
"386","145.02738","SensorNetworkProductLine"
"387","140.858576","SensorNetworkProductLine"
"388","138.433213","SensorNetworkProductLine"
"389","135.97812","SensorNetworkProductLine"
"390","224.993173","SensorNetworkProductLine"
"391","146.946682","SensorNetworkProductLine"
"392","251.04992","SensorNetworkProductLine"
"393","138.373268","SensorNetworkProductLine"
"394","134.136254","SensorNetworkProductLine"
"395","167.889455","SensorNetworkProductLine"
"396","155.988108","SensorNetworkProductLine"
"397","149.371795","SensorNetworkProductLine"
"398","137.12531","SensorNetworkProductLine"
"399","139.682146","SensorNetworkProductLine"
"400","148.449977","SensorNetworkProductLine"
"401","115.910408","StrategyMobileGame"
"402","119.855575","StrategyMobileGame"
"403","125.518252","StrategyMobileGame"
"404","218.408871","StrategyMobileGame"
"405","186.354367","StrategyMobileGame"
"406","128.535842","StrategyMobileGame"
"407","134.603723","StrategyMobileGame"
"408","136.608577","StrategyMobileGame"
"409","121.718059","StrategyMobileGame"
"410","128.69541","StrategyMobileGame"
"411","129.221492","StrategyMobileGame"
"412","127.635278","StrategyMobileGame"
"413","126.540644","StrategyMobileGame"
"414","132.199324","StrategyMobileGame"
"415","121.263762","StrategyMobileGame"
"416","122.072423","StrategyMobileGame"
"417","136.441814","StrategyMobileGame"
"418","129.191884","StrategyMobileGame"
"419","135.231147","StrategyMobileGame"
"420","132.213487","StrategyMobileGame"
"421","136.04075","StrategyMobileGame"
"422","134.758463","StrategyMobileGame"
"423","129.129229","StrategyMobileGame"
"424","120.519561","StrategyMobileGame"
"425","131.05269","StrategyMobileGame"
"426","105.415888","StrategyMobileGame"
"427","253.110601","StrategyMobileGame"
"428","125.478702","StrategyMobileGame"
"429","131.291137","StrategyMobileGame"
"430","123.342545","StrategyMobileGame"
"431","130.247336","StrategyMobileGame"
"432","143.349517","StrategyMobileGame"
"433","128.783024","StrategyMobileGame"
"434","133.046306","StrategyMobileGame"
"435","129.317584","StrategyMobileGame"
"436","124.45878","StrategyMobileGame"
"437","130.525378","StrategyMobileGame"
"438","126.805496","StrategyMobileGame"
"439","146.246251","StrategyMobileGame"
"440","129.547254","StrategyMobileGame"
"441","120.751556","StrategyMobileGame"
"442","134.10643","StrategyMobileGame"
"443","289.59672","StrategyMobileGame"
"444","126.657639","StrategyMobileGame"
"445","128.225942","StrategyMobileGame"
"446","114.761936","StrategyMobileGame"
"447","124.648994","StrategyMobileGame"
"448","129.233261","StrategyMobileGame"
"449","119.090756","StrategyMobileGame"
"450","134.280703","StrategyMobileGame"
"451","129.398442","StrategyMobileGame"
"452","126.123983","StrategyMobileGame"
"453","214.773172","StrategyMobileGame"
"454","130.062406","StrategyMobileGame"
"455","132.600946","StrategyMobileGame"
"456","128.580526","StrategyMobileGame"
"457","125.54222","StrategyMobileGame"
"458","128.10222","StrategyMobileGame"
"459","125.082786","StrategyMobileGame"
"460","136.674087","StrategyMobileGame"
"461","134.235684","StrategyMobileGame"
"462","125.276985","StrategyMobileGame"
"463","128.999681","StrategyMobileGame"
"464","128.298952","StrategyMobileGame"
"465","117.799152","StrategyMobileGame"
"466","219.416278","StrategyMobileGame"
"467","137.448815","StrategyMobileGame"
"468","128.403839","StrategyMobileGame"
"469","127.344568","StrategyMobileGame"
"470","126.601101","StrategyMobileGame"
"471","136.321897","StrategyMobileGame"
"472","123.783812","StrategyMobileGame"
"473","134.236825","StrategyMobileGame"
"474","133.860388","StrategyMobileGame"
"475","130.202344","StrategyMobileGame"
"476","119.091751","StrategyMobileGame"
"477","148.909097","StrategyMobileGame"
"478","130.669922","StrategyMobileGame"
"479","129.873334","StrategyMobileGame"
"480","112.053589","StrategyMobileGame"
"481","134.907915","StrategyMobileGame"
"482","119.160189","StrategyMobileGame"
"483","131.071253","StrategyMobileGame"
"484","129.572864","StrategyMobileGame"
"485","129.393754","StrategyMobileGame"
"486","130.325769","StrategyMobileGame"
"487","126.304642","StrategyMobileGame"
"488","129.811429","StrategyMobileGame"
"489","121.849333","StrategyMobileGame"
"490","211.23343","StrategyMobileGame"
"491","122.11568","StrategyMobileGame"
"492","137.557953","StrategyMobileGame"
"493","131.177493","StrategyMobileGame"
"494","138.50113","StrategyMobileGame"
"495","126.719534","StrategyMobileGame"
"496","128.366645","StrategyMobileGame"
"497","262.429555","StrategyMobileGame"
"498","124.52453","StrategyMobileGame"
"499","129.303334","StrategyMobileGame"
"500","133.728748","StrategyMobileGame"
"501","140.564205","TankWar"
"502","255.553859","TankWar"
"503","124.041018","TankWar"
"504","139.697486","TankWar"
"505","128.754123","TankWar"
"506","115.464255","TankWar"
"507","164.281274","TankWar"
"508","131.935199","TankWar"
"509","120.549982","TankWar"
"510","137.416853","TankWar"
"511","126.249211","TankWar"
"512","128.593065","TankWar"
"513","130.165535","TankWar"
"514","133.578714","TankWar"
"515","128.546497","TankWar"
"516","135.229624","TankWar"
"517","157.267375","TankWar"
"518","124.206597","TankWar"
"519","129.157398","TankWar"
"520","254.471505","TankWar"
"521","129.718734","TankWar"
"522","221.962389","TankWar"
"523","135.830011","TankWar"
"524","141.778203","TankWar"
"525","127.590893","TankWar"
"526","131.679032","TankWar"
"527","133.454521","TankWar"
"528","120.389356","TankWar"
"529","126.007928","TankWar"
"530","125.858402","TankWar"
"531","126.178041","TankWar"
"532","130.308801","TankWar"
"533","252.444227","TankWar"
"534","117.979891","TankWar"
"535","120.944072","TankWar"
"536","125.932562","TankWar"
"537","128.531346","TankWar"
"538","122.798986","TankWar"
"539","137.586382","TankWar"
"540","130.093316","TankWar"
"541","119.405681","TankWar"
"542","126.330852","TankWar"
"543","217.320032","TankWar"
"544","123.238181","TankWar"
"545","138.687411","TankWar"
"546","121.510612","TankWar"
"547","175.413915","TankWar"
"548","124.321188","TankWar"
"549","128.954196","TankWar"
"550","128.11951","TankWar"
"551","124.497844","TankWar"
"552","122.510549","TankWar"
"553","132.684339","TankWar"
"554","148.841168","TankWar"
"555","123.620168","TankWar"
"556","125.236689","TankWar"
"557","143.735834","TankWar"
"558","134.628008","TankWar"
"559","128.787823","TankWar"
"560","131.318295","TankWar"
"561","124.675367","TankWar"
"562","125.505164","TankWar"
"563","128.123995","TankWar"
"564","147.093068","TankWar"
"565","120.118243","TankWar"
"566","129.526614","TankWar"
"567","122.126409","TankWar"
"568","142.442486","TankWar"
"569","123.844401","TankWar"
"570","135.878368","TankWar"
"571","131.712647","TankWar"
"572","128.989577","TankWar"
"573","122.595697","TankWar"
"574","131.886856","TankWar"
"575","124.604011","TankWar"
"576","124.321589","TankWar"
"577","119.049248","TankWar"
"578","126.57105","TankWar"
"579","125.350563","TankWar"
"580","139.651116","TankWar"
"581","120.455405","TankWar"
"582","132.206101","TankWar"
"583","129.150158","TankWar"
"584","185.523433","TankWar"
"585","134.649655","TankWar"
"586","118.456689","TankWar"
"587","118.410133","TankWar"
"588","125.753357","TankWar"
"589","117.601446","TankWar"
"590","170.242583","TankWar"
"591","122.501613","TankWar"
"592","127.384414","TankWar"
"593","124.307588","TankWar"
"594","188.768645","TankWar"
"595","132.109125","TankWar"
"596","126.390225","TankWar"
"597","120.706184","TankWar"
"598","153.516545","TankWar"
"599","142.110993","TankWar"
"600","257.773809","TankWar"
"601","134.905673","MobileMedia2"
"602","128.906953","MobileMedia2"
"603","143.232553","MobileMedia2"
"604","137.402516","MobileMedia2"
"605","145.331874","MobileMedia2"
"606","143.424253","MobileMedia2"
"607","176.026888","MobileMedia2"
"608","147.026961","MobileMedia2"
"609","133.657211","MobileMedia2"
"610","143.253145","MobileMedia2"
"611","131.097854","MobileMedia2"
"612","144.419511","MobileMedia2"
"613","188.35585","MobileMedia2"
"614","310.799631","MobileMedia2"
"615","144.264458","MobileMedia2"
"616","138.435513","MobileMedia2"
"617","137.41777","MobileMedia2"
"618","134.963728","MobileMedia2"
"619","117.733067","MobileMedia2"
"620","146.736485","MobileMedia2"
"621","132.465879","MobileMedia2"
"622","227.665344","MobileMedia2"
"623","139.662438","MobileMedia2"
"624","133.516076","MobileMedia2"
"625","216.314574","MobileMedia2"
"626","132.034911","MobileMedia2"
"627","161.205832","MobileMedia2"
"628","133.143017","MobileMedia2"
"629","250.087193","MobileMedia2"
"630","147.858758","MobileMedia2"
"631","131.584246","MobileMedia2"
"632","149.498054","MobileMedia2"
"633","314.654516","MobileMedia2"
"634","131.121118","MobileMedia2"
"635","133.957633","MobileMedia2"
"636","163.71241","MobileMedia2"
"637","143.192366","MobileMedia2"
"638","132.459573","MobileMedia2"
"639","135.370975","MobileMedia2"
"640","129.077449","MobileMedia2"
"641","136.822139","MobileMedia2"
"642","165.63855","MobileMedia2"
"643","141.659543","MobileMedia2"
"644","127.466981","MobileMedia2"
"645","130.492324","MobileMedia2"
"646","141.390686","MobileMedia2"
"647","128.951636","MobileMedia2"
"648","246.78006","MobileMedia2"
"649","126.198779","MobileMedia2"
"650","239.162624","MobileMedia2"
"651","148.811916","MobileMedia2"
"652","152.30733","MobileMedia2"
"653","137.335218","MobileMedia2"
"654","145.320998","MobileMedia2"
"655","129.634413","MobileMedia2"
"656","143.434859","MobileMedia2"
"657","168.497528","MobileMedia2"
"658","266.295683","MobileMedia2"
"659","127.61161","MobileMedia2"
"660","147.497189","MobileMedia2"
"661","235.088353","MobileMedia2"
"662","136.908399","MobileMedia2"
"663","152.525081","MobileMedia2"
"664","133.92003","MobileMedia2"
"665","146.427275","MobileMedia2"
"666","137.507301","MobileMedia2"
"667","131.141408","MobileMedia2"
"668","135.632094","MobileMedia2"
"669","118.235575","MobileMedia2"
"670","132.950578","MobileMedia2"
"671","199.547571","MobileMedia2"
"672","127.770368","MobileMedia2"
"673","242.262725","MobileMedia2"
"674","135.397276","MobileMedia2"
"675","136.376238","MobileMedia2"
"676","133.404492","MobileMedia2"
"677","141.847858","MobileMedia2"
"678","125.566055","MobileMedia2"
"679","232.32755","MobileMedia2"
"680","120.855107","MobileMedia2"
"681","123.055062","MobileMedia2"
"682","129.109078","MobileMedia2"
"683","203.458581","MobileMedia2"
"684","130.731368","MobileMedia2"
"685","129.995941","MobileMedia2"
"686","132.219206","MobileMedia2"
"687","130.556632","MobileMedia2"
"688","140.770736","MobileMedia2"
"689","134.087818","MobileMedia2"
"690","130.712456","MobileMedia2"
"691","130.877716","MobileMedia2"
"692","138.908245","MobileMedia2"
"693","130.232424","MobileMedia2"
"694","149.646208","MobileMedia2"
"695","202.666374","MobileMedia2"
"696","136.517405","MobileMedia2"
"697","152.594197","MobileMedia2"
"698","133.463463","MobileMedia2"
"699","133.150084","MobileMedia2"
"700","221.023082","MobileMedia2"
"701","263.790235","MobileGuide"
"702","135.125393","MobileGuide"
"703","151.465071","MobileGuide"
"704","146.00164","MobileGuide"
"705","163.319842","MobileGuide"
"706","137.626953","MobileGuide"
"707","164.177591","MobileGuide"
"708","148.99741","MobileGuide"
"709","193.49687","MobileGuide"
"710","151.147613","MobileGuide"
"711","151.188631","MobileGuide"
"712","279.487392","MobileGuide"
"713","148.456941","MobileGuide"
"714","145.881868","MobileGuide"
"715","182.982357","MobileGuide"
"716","142.726935","MobileGuide"
"717","149.516581","MobileGuide"
"718","133.553971","MobileGuide"
"719","137.5031","MobileGuide"
"720","143.58964","MobileGuide"
"721","251.208551","MobileGuide"
"722","151.672487","MobileGuide"
"723","144.917568","MobileGuide"
"724","151.81914","MobileGuide"
"725","140.931247","MobileGuide"
"726","150.357197","MobileGuide"
"727","142.906085","MobileGuide"
"728","194.815349","MobileGuide"
"729","220.915609","MobileGuide"
"730","161.787","MobileGuide"
"731","186.836666","MobileGuide"
"732","153.86428","MobileGuide"
"733","140.623335","MobileGuide"
"734","173.133848","MobileGuide"
"735","186.975151","MobileGuide"
"736","157.564078","MobileGuide"
"737","141.648699","MobileGuide"
"738","202.817632","MobileGuide"
"739","160.693234","MobileGuide"
"740","146.376745","MobileGuide"
"741","144.729424","MobileGuide"
"742","155.001106","MobileGuide"
"743","161.732689","MobileGuide"
"744","151.156264","MobileGuide"
"745","157.986623","MobileGuide"
"746","149.730691","MobileGuide"
"747","151.25088","MobileGuide"
"748","134.528025","MobileGuide"
"749","184.146753","MobileGuide"
"750","137.421141","MobileGuide"
"751","144.208648","MobileGuide"
"752","145.89187","MobileGuide"
"753","148.221604","MobileGuide"
"754","194.989765","MobileGuide"
"755","196.312126","MobileGuide"
"756","154.68741","MobileGuide"
"757","140.946575","MobileGuide"
"758","213.633127","MobileGuide"
"759","155.672788","MobileGuide"
"760","209.555419","MobileGuide"
"761","236.792169","MobileGuide"
"762","168.455108","MobileGuide"
"763","169.817856","MobileGuide"
"764","136.799262","MobileGuide"
"765","160.186818","MobileGuide"
"766","151.63182","MobileGuide"
"767","147.019365","MobileGuide"
"768","199.616952","MobileGuide"
"769","197.275192","MobileGuide"
"770","171.136118","MobileGuide"
"771","225.020476","MobileGuide"
"772","232.00345","MobileGuide"
"773","229.701605","MobileGuide"
"774","150.970921","MobileGuide"
"775","159.028618","MobileGuide"
"776","158.162749","MobileGuide"
"777","144.33439","MobileGuide"
"778","164.87504","MobileGuide"
"779","142.517427","MobileGuide"
"780","145.416922","MobileGuide"
"781","230.948044","MobileGuide"
"782","157.846945","MobileGuide"
"783","142.908083","MobileGuide"
"784","232.524552","MobileGuide"
"785","162.389283","MobileGuide"
"786","146.425273","MobileGuide"
"787","140.669667","MobileGuide"
"788","220.498444","MobileGuide"
"789","147.590116","MobileGuide"
"790","156.24439","MobileGuide"
"791","139.605837","MobileGuide"
"792","161.250327","MobileGuide"
"793","142.609669","MobileGuide"
"794","151.635012","MobileGuide"
"795","156.475656","MobileGuide"
"796","239.698339","MobileGuide"
"797","204.022275","MobileGuide"
"798","276.718779","MobileGuide"
"799","159.210959","MobileGuide"
"800","149.843118","MobileGuide"
"801","1381.508875","SPLOT-3CNF-FM-500-50-1.00-SAT-1"
"802","1472.660226","SPLOT-3CNF-FM-500-50-1.00-SAT-1"
"803","1502.775777","SPLOT-3CNF-FM-500-50-1.00-SAT-1"
"804","1469.497574","SPLOT-3CNF-FM-500-50-1.00-SAT-1"
"805","1379.35801","SPLOT-3CNF-FM-500-50-1.00-SAT-1"
"806","1369.513963","SPLOT-3CNF-FM-500-50-1.00-SAT-1"
"807","1440.781466","SPLOT-3CNF-FM-500-50-1.00-SAT-1"
"808","1417.604653","SPLOT-3CNF-FM-500-50-1.00-SAT-1"
"809","1364.748027","SPLOT-3CNF-FM-500-50-1.00-SAT-1"
"810","1436.023101","SPLOT-3CNF-FM-500-50-1.00-SAT-1"
"811","1515.994362","SPLOT-3CNF-FM-500-50-1.00-SAT-1"
"812","1503.238232","SPLOT-3CNF-FM-500-50-1.00-SAT-1"
"813","1366.205793","SPLOT-3CNF-FM-500-50-1.00-SAT-1"
"814","1449.905663","SPLOT-3CNF-FM-500-50-1.00-SAT-1"
"815","1395.084283","SPLOT-3CNF-FM-500-50-1.00-SAT-1"
"816","1518.874819","SPLOT-3CNF-FM-500-50-1.00-SAT-1"
"817","1366.270477","SPLOT-3CNF-FM-500-50-1.00-SAT-1"
"818","1427.257478","SPLOT-3CNF-FM-500-50-1.00-SAT-1"
"819","1372.42903","SPLOT-3CNF-FM-500-50-1.00-SAT-1"
"820","1392.485701","SPLOT-3CNF-FM-500-50-1.00-SAT-1"
"821","1502.707541","SPLOT-3CNF-FM-500-50-1.00-SAT-1"
"822","1387.094967","SPLOT-3CNF-FM-500-50-1.00-SAT-1"
"823","1362.085062","SPLOT-3CNF-FM-500-50-1.00-SAT-1"
"824","1376.058551","SPLOT-3CNF-FM-500-50-1.00-SAT-1"
"825","1406.359684","SPLOT-3CNF-FM-500-50-1.00-SAT-1"
"826","1465.253663","SPLOT-3CNF-FM-500-50-1.00-SAT-1"
"827","1451.443132","SPLOT-3CNF-FM-500-50-1.00-SAT-1"
"828","1446.710396","SPLOT-3CNF-FM-500-50-1.00-SAT-1"
"829","1379.144894","SPLOT-3CNF-FM-500-50-1.00-SAT-1"
"830","1555.077731","SPLOT-3CNF-FM-500-50-1.00-SAT-1"
"831","1392.711263","SPLOT-3CNF-FM-500-50-1.00-SAT-1"
"832","1314.530765","SPLOT-3CNF-FM-500-50-1.00-SAT-1"
"833","1391.354734","SPLOT-3CNF-FM-500-50-1.00-SAT-1"
"834","1318.065971","SPLOT-3CNF-FM-500-50-1.00-SAT-1"
"835","1426.353139","SPLOT-3CNF-FM-500-50-1.00-SAT-1"
"836","1435.223809","SPLOT-3CNF-FM-500-50-1.00-SAT-1"
"837","1422.281409","SPLOT-3CNF-FM-500-50-1.00-SAT-1"
"838","1492.216726","SPLOT-3CNF-FM-500-50-1.00-SAT-1"
"839","1335.635421","SPLOT-3CNF-FM-500-50-1.00-SAT-1"
"840","1417.705673","SPLOT-3CNF-FM-500-50-1.00-SAT-1"
"841","1381.07235","SPLOT-3CNF-FM-500-50-1.00-SAT-1"
"842","1381.194679","SPLOT-3CNF-FM-500-50-1.00-SAT-1"
"843","1345.971634","SPLOT-3CNF-FM-500-50-1.00-SAT-1"
"844","1414.348743","SPLOT-3CNF-FM-500-50-1.00-SAT-1"
"845","1339.378305","SPLOT-3CNF-FM-500-50-1.00-SAT-1"
"846","1384.747201","SPLOT-3CNF-FM-500-50-1.00-SAT-1"
"847","1372.39571","SPLOT-3CNF-FM-500-50-1.00-SAT-1"
"848","1517.812794","SPLOT-3CNF-FM-500-50-1.00-SAT-1"
"849","1373.436909","SPLOT-3CNF-FM-500-50-1.00-SAT-1"
"850","1492.755105","SPLOT-3CNF-FM-500-50-1.00-SAT-1"
"851","1338.69813","SPLOT-3CNF-FM-500-50-1.00-SAT-1"
"852","1409.539287","SPLOT-3CNF-FM-500-50-1.00-SAT-1"
"853","1412.812415","SPLOT-3CNF-FM-500-50-1.00-SAT-1"
"854","1401.167141","SPLOT-3CNF-FM-500-50-1.00-SAT-1"
"855","1476.761997","SPLOT-3CNF-FM-500-50-1.00-SAT-1"
"856","1452.277345","SPLOT-3CNF-FM-500-50-1.00-SAT-1"
"857","1398.987859","SPLOT-3CNF-FM-500-50-1.00-SAT-1"
"858","1490.630111","SPLOT-3CNF-FM-500-50-1.00-SAT-1"
"859","1488.044162","SPLOT-3CNF-FM-500-50-1.00-SAT-1"
"860","1379.571982","SPLOT-3CNF-FM-500-50-1.00-SAT-1"
"861","1382.083562","SPLOT-3CNF-FM-500-50-1.00-SAT-1"
"862","1475.734325","SPLOT-3CNF-FM-500-50-1.00-SAT-1"
"863","1431.519744","SPLOT-3CNF-FM-500-50-1.00-SAT-1"
"864","1501.185784","SPLOT-3CNF-FM-500-50-1.00-SAT-1"
"865","1391.237946","SPLOT-3CNF-FM-500-50-1.00-SAT-1"
"866","1487.453003","SPLOT-3CNF-FM-500-50-1.00-SAT-1"
"867","1499.336411","SPLOT-3CNF-FM-500-50-1.00-SAT-1"
"868","1386.231832","SPLOT-3CNF-FM-500-50-1.00-SAT-1"
"869","1384.311883","SPLOT-3CNF-FM-500-50-1.00-SAT-1"
"870","1404.680709","SPLOT-3CNF-FM-500-50-1.00-SAT-1"
"871","1351.394326","SPLOT-3CNF-FM-500-50-1.00-SAT-1"
"872","1370.658407","SPLOT-3CNF-FM-500-50-1.00-SAT-1"
"873","1364.78013","SPLOT-3CNF-FM-500-50-1.00-SAT-1"
"874","1402.981959","SPLOT-3CNF-FM-500-50-1.00-SAT-1"
"875","1511.105099","SPLOT-3CNF-FM-500-50-1.00-SAT-1"
"876","1410.738075","SPLOT-3CNF-FM-500-50-1.00-SAT-1"
"877","1520.821766","SPLOT-3CNF-FM-500-50-1.00-SAT-1"
"878","1401.552539","SPLOT-3CNF-FM-500-50-1.00-SAT-1"
"879","1460.804878","SPLOT-3CNF-FM-500-50-1.00-SAT-1"
"880","1371.469665","SPLOT-3CNF-FM-500-50-1.00-SAT-1"
"881","1470.64054","SPLOT-3CNF-FM-500-50-1.00-SAT-1"
"882","1389.322267","SPLOT-3CNF-FM-500-50-1.00-SAT-1"
"883","1391.571536","SPLOT-3CNF-FM-500-50-1.00-SAT-1"
"884","1364.907443","SPLOT-3CNF-FM-500-50-1.00-SAT-1"
"885","1449.602247","SPLOT-3CNF-FM-500-50-1.00-SAT-1"
"886","1358.260625","SPLOT-3CNF-FM-500-50-1.00-SAT-1"
"887","1402.331875","SPLOT-3CNF-FM-500-50-1.00-SAT-1"
"888","1474.691151","SPLOT-3CNF-FM-500-50-1.00-SAT-1"
"889","1310.31732","SPLOT-3CNF-FM-500-50-1.00-SAT-1"
"890","1452.484903","SPLOT-3CNF-FM-500-50-1.00-SAT-1"
"891","1479.244198","SPLOT-3CNF-FM-500-50-1.00-SAT-1"
"892","1381.827987","SPLOT-3CNF-FM-500-50-1.00-SAT-1"
"893","1388.965968","SPLOT-3CNF-FM-500-50-1.00-SAT-1"
"894","1438.498781","SPLOT-3CNF-FM-500-50-1.00-SAT-1"
"895","1368.193797","SPLOT-3CNF-FM-500-50-1.00-SAT-1"
"896","1438.473365","SPLOT-3CNF-FM-500-50-1.00-SAT-1"
"897","1380.901299","SPLOT-3CNF-FM-500-50-1.00-SAT-1"
"898","1366.787451","SPLOT-3CNF-FM-500-50-1.00-SAT-1"
"899","1363.121217","SPLOT-3CNF-FM-500-50-1.00-SAT-1"
"900","1382.629509","SPLOT-3CNF-FM-500-50-1.00-SAT-1"
