"","TIME","ALTERNATIVE"
"1","306.557464","x264ProductLine"
"2","125.469251","x264ProductLine"
"3","408.138718","x264ProductLine"
"4","119.785064","x264ProductLine"
"5","117.228738","x264ProductLine"
"6","122.428187","x264ProductLine"
"7","113.98581","x264ProductLine"
"8","120.920616","x264ProductLine"
"9","125.786521","x264ProductLine"
"10","1161.390494","x264ProductLine"
"11","121.708384","x264ProductLine"
"12","116.864696","x264ProductLine"
"13","133.118629","x264ProductLine"
"14","117.998597","x264ProductLine"
"15","115.178936","x264ProductLine"
"16","123.617145","x264ProductLine"
"17","114.394107","x264ProductLine"
"18","123.570459","x264ProductLine"
"19","115.766768","x264ProductLine"
"20","121.015272","x264ProductLine"
"21","123.778089","x264ProductLine"
"22","122.148182","x264ProductLine"
"23","127.49481","x264ProductLine"
"24","123.802672","x264ProductLine"
"25","125.942975","x264ProductLine"
"26","119.322914","x264ProductLine"
"27","114.89005","x264ProductLine"
"28","118.505786","x264ProductLine"
"29","128.165943","x264ProductLine"
"30","114.046023","x264ProductLine"
"31","122.298106","x264ProductLine"
"32","122.578556","x264ProductLine"
"33","122.685557","x264ProductLine"
"34","127.047683","x264ProductLine"
"35","119.361866","x264ProductLine"
"36","136.260591","x264ProductLine"
"37","133.61157","x264ProductLine"
"38","119.950539","x264ProductLine"
"39","114.484788","x264ProductLine"
"40","122.245988","x264ProductLine"
"41","116.758948","x264ProductLine"
"42","133.526239","x264ProductLine"
"43","117.341698","x264ProductLine"
"44","117.756743","x264ProductLine"
"45","122.856133","x264ProductLine"
"46","126.124313","x264ProductLine"
"47","130.528197","x264ProductLine"
"48","120.268919","x264ProductLine"
"49","118.950573","x264ProductLine"
"50","116.071972","x264ProductLine"
"51","122.190868","x264ProductLine"
"52","116.366549","x264ProductLine"
"53","127.941563","x264ProductLine"
"54","125.631106","x264ProductLine"
"55","119.778127","x264ProductLine"
"56","115.028003","x264ProductLine"
"57","119.875374","x264ProductLine"
"58","116.115174","x264ProductLine"
"59","125.364095","x264ProductLine"
"60","135.82844","x264ProductLine"
"61","123.054158","x264ProductLine"
"62","120.742864","x264ProductLine"
"63","127.463918","x264ProductLine"
"64","123.315829","x264ProductLine"
"65","124.318886","x264ProductLine"
"66","124.939463","x264ProductLine"
"67","120.150644","x264ProductLine"
"68","122.021611","x264ProductLine"
"69","133.98289","x264ProductLine"
"70","118.246521","x264ProductLine"
"71","120.60495","x264ProductLine"
"72","134.581934","x264ProductLine"
"73","118.460475","x264ProductLine"
"74","132.783603","x264ProductLine"
"75","133.739645","x264ProductLine"
"76","130.590317","x264ProductLine"
"77","124.187702","x264ProductLine"
"78","115.368668","x264ProductLine"
"79","125.752922","x264ProductLine"
"80","115.854795","x264ProductLine"
"81","124.852319","x264ProductLine"
"82","118.910225","x264ProductLine"
"83","123.275272","x264ProductLine"
"84","130.091426","x264ProductLine"
"85","125.701714","x264ProductLine"
"86","400.295158","x264ProductLine"
"87","127.207489","x264ProductLine"
"88","128.273668","x264ProductLine"
"89","135.366746","x264ProductLine"
"90","120.83905","x264ProductLine"
"91","120.839274","x264ProductLine"
"92","114.346349","x264ProductLine"
"93","117.737752","x264ProductLine"
"94","121.837036","x264ProductLine"
"95","136.160212","x264ProductLine"
"96","124.554531","x264ProductLine"
"97","126.93473","x264ProductLine"
"98","116.818879","x264ProductLine"
"99","131.876624","x264ProductLine"
"100","129.963582","x264ProductLine"
"101","114.377567","WgetProductLine"
"102","108.919975","WgetProductLine"
"103","123.141312","WgetProductLine"
"104","122.954918","WgetProductLine"
"105","113.385503","WgetProductLine"
"106","118.091217","WgetProductLine"
"107","109.731586","WgetProductLine"
"108","116.058541","WgetProductLine"
"109","123.449061","WgetProductLine"
"110","111.542693","WgetProductLine"
"111","166.53519","WgetProductLine"
"112","125.282245","WgetProductLine"
"113","111.171765","WgetProductLine"
"114","128.01571","WgetProductLine"
"115","119.36189","WgetProductLine"
"116","115.434946","WgetProductLine"
"117","181.997867","WgetProductLine"
"118","113.085206","WgetProductLine"
"119","138.031535","WgetProductLine"
"120","150.435294","WgetProductLine"
"121","119.00136","WgetProductLine"
"122","120.268769","WgetProductLine"
"123","127.984751","WgetProductLine"
"124","116.045302","WgetProductLine"
"125","121.423098","WgetProductLine"
"126","116.885988","WgetProductLine"
"127","127.989408","WgetProductLine"
"128","124.044827","WgetProductLine"
"129","115.351393","WgetProductLine"
"130","115.869193","WgetProductLine"
"131","126.013967","WgetProductLine"
"132","125.220525","WgetProductLine"
"133","114.074504","WgetProductLine"
"134","121.406918","WgetProductLine"
"135","119.108564","WgetProductLine"
"136","116.733215","WgetProductLine"
"137","110.518134","WgetProductLine"
"138","116.214028","WgetProductLine"
"139","113.879776","WgetProductLine"
"140","111.233979","WgetProductLine"
"141","118.900767","WgetProductLine"
"142","120.899042","WgetProductLine"
"143","119.276384","WgetProductLine"
"144","114.583393","WgetProductLine"
"145","149.343821","WgetProductLine"
"146","115.802767","WgetProductLine"
"147","123.582652","WgetProductLine"
"148","112.789117","WgetProductLine"
"149","123.181771","WgetProductLine"
"150","117.481147","WgetProductLine"
"151","170.548951","WgetProductLine"
"152","116.852537","WgetProductLine"
"153","121.972187","WgetProductLine"
"154","119.715987","WgetProductLine"
"155","121.813981","WgetProductLine"
"156","113.608885","WgetProductLine"
"157","122.5894","WgetProductLine"
"158","117.749579","WgetProductLine"
"159","113.382347","WgetProductLine"
"160","124.752747","WgetProductLine"
"161","118.333179","WgetProductLine"
"162","114.890596","WgetProductLine"
"163","117.067117","WgetProductLine"
"164","121.947489","WgetProductLine"
"165","131.255181","WgetProductLine"
"166","119.237504","WgetProductLine"
"167","124.826061","WgetProductLine"
"168","115.656638","WgetProductLine"
"169","133.286109","WgetProductLine"
"170","115.537618","WgetProductLine"
"171","111.30759","WgetProductLine"
"172","133.35315","WgetProductLine"
"173","114.796644","WgetProductLine"
"174","114.150239","WgetProductLine"
"175","117.006793","WgetProductLine"
"176","110.405756","WgetProductLine"
"177","113.972044","WgetProductLine"
"178","111.532705","WgetProductLine"
"179","172.613673","WgetProductLine"
"180","115.2557","WgetProductLine"
"181","122.388665","WgetProductLine"
"182","160.769305","WgetProductLine"
"183","117.933008","WgetProductLine"
"184","124.660688","WgetProductLine"
"185","120.754686","WgetProductLine"
"186","114.505175","WgetProductLine"
"187","124.70662","WgetProductLine"
"188","120.944788","WgetProductLine"
"189","119.956952","WgetProductLine"
"190","115.755296","WgetProductLine"
"191","115.147815","WgetProductLine"
"192","123.277873","WgetProductLine"
"193","120.213817","WgetProductLine"
"194","113.537316","WgetProductLine"
"195","117.478824","WgetProductLine"
"196","120.525692","WgetProductLine"
"197","119.035174","WgetProductLine"
"198","116.723583","WgetProductLine"
"199","119.896457","WgetProductLine"
"200","120.614136","WgetProductLine"
"201","137.741411","BerkeleyDBMemoryversionProductLine"
"202","120.742088","BerkeleyDBMemoryversionProductLine"
"203","129.830962","BerkeleyDBMemoryversionProductLine"
"204","116.026301","BerkeleyDBMemoryversionProductLine"
"205","118.003233","BerkeleyDBMemoryversionProductLine"
"206","130.764568","BerkeleyDBMemoryversionProductLine"
"207","123.755245","BerkeleyDBMemoryversionProductLine"
"208","127.801434","BerkeleyDBMemoryversionProductLine"
"209","125.694734","BerkeleyDBMemoryversionProductLine"
"210","134.31009","BerkeleyDBMemoryversionProductLine"
"211","135.687821","BerkeleyDBMemoryversionProductLine"
"212","127.307048","BerkeleyDBMemoryversionProductLine"
"213","126.260347","BerkeleyDBMemoryversionProductLine"
"214","135.739335","BerkeleyDBMemoryversionProductLine"
"215","121.649016","BerkeleyDBMemoryversionProductLine"
"216","121.037471","BerkeleyDBMemoryversionProductLine"
"217","117.863074","BerkeleyDBMemoryversionProductLine"
"218","121.506461","BerkeleyDBMemoryversionProductLine"
"219","143.865574","BerkeleyDBMemoryversionProductLine"
"220","126.501266","BerkeleyDBMemoryversionProductLine"
"221","140.415361","BerkeleyDBMemoryversionProductLine"
"222","122.614228","BerkeleyDBMemoryversionProductLine"
"223","124.399672","BerkeleyDBMemoryversionProductLine"
"224","132.008258","BerkeleyDBMemoryversionProductLine"
"225","133.720895","BerkeleyDBMemoryversionProductLine"
"226","117.496884","BerkeleyDBMemoryversionProductLine"
"227","135.633131","BerkeleyDBMemoryversionProductLine"
"228","128.919614","BerkeleyDBMemoryversionProductLine"
"229","125.726974","BerkeleyDBMemoryversionProductLine"
"230","115.796431","BerkeleyDBMemoryversionProductLine"
"231","125.2157","BerkeleyDBMemoryversionProductLine"
"232","119.453513","BerkeleyDBMemoryversionProductLine"
"233","125.850325","BerkeleyDBMemoryversionProductLine"
"234","128.048015","BerkeleyDBMemoryversionProductLine"
"235","125.044382","BerkeleyDBMemoryversionProductLine"
"236","136.694828","BerkeleyDBMemoryversionProductLine"
"237","130.060545","BerkeleyDBMemoryversionProductLine"
"238","120.247106","BerkeleyDBMemoryversionProductLine"
"239","123.867873","BerkeleyDBMemoryversionProductLine"
"240","232.617599","BerkeleyDBMemoryversionProductLine"
"241","124.513607","BerkeleyDBMemoryversionProductLine"
"242","134.482327","BerkeleyDBMemoryversionProductLine"
"243","125.78169","BerkeleyDBMemoryversionProductLine"
"244","119.381792","BerkeleyDBMemoryversionProductLine"
"245","126.371559","BerkeleyDBMemoryversionProductLine"
"246","143.887459","BerkeleyDBMemoryversionProductLine"
"247","129.593986","BerkeleyDBMemoryversionProductLine"
"248","119.47187","BerkeleyDBMemoryversionProductLine"
"249","133.16325","BerkeleyDBMemoryversionProductLine"
"250","131.558005","BerkeleyDBMemoryversionProductLine"
"251","127.827706","BerkeleyDBMemoryversionProductLine"
"252","132.105564","BerkeleyDBMemoryversionProductLine"
"253","141.072082","BerkeleyDBMemoryversionProductLine"
"254","125.057604","BerkeleyDBMemoryversionProductLine"
"255","121.130376","BerkeleyDBMemoryversionProductLine"
"256","127.338628","BerkeleyDBMemoryversionProductLine"
"257","127.85496","BerkeleyDBMemoryversionProductLine"
"258","119.424901","BerkeleyDBMemoryversionProductLine"
"259","228.539941","BerkeleyDBMemoryversionProductLine"
"260","118.885459","BerkeleyDBMemoryversionProductLine"
"261","1105.657282","BerkeleyDBMemoryversionProductLine"
"262","125.07338","BerkeleyDBMemoryversionProductLine"
"263","130.900513","BerkeleyDBMemoryversionProductLine"
"264","136.350761","BerkeleyDBMemoryversionProductLine"
"265","123.486251","BerkeleyDBMemoryversionProductLine"
"266","125.581557","BerkeleyDBMemoryversionProductLine"
"267","138.992108","BerkeleyDBMemoryversionProductLine"
"268","136.87861","BerkeleyDBMemoryversionProductLine"
"269","137.019748","BerkeleyDBMemoryversionProductLine"
"270","130.306346","BerkeleyDBMemoryversionProductLine"
"271","139.559036","BerkeleyDBMemoryversionProductLine"
"272","121.572183","BerkeleyDBMemoryversionProductLine"
"273","118.101977","BerkeleyDBMemoryversionProductLine"
"274","119.872562","BerkeleyDBMemoryversionProductLine"
"275","127.580209","BerkeleyDBMemoryversionProductLine"
"276","120.909865","BerkeleyDBMemoryversionProductLine"
"277","1097.630627","BerkeleyDBMemoryversionProductLine"
"278","129.748647","BerkeleyDBMemoryversionProductLine"
"279","127.807459","BerkeleyDBMemoryversionProductLine"
"280","127.159615","BerkeleyDBMemoryversionProductLine"
"281","115.951073","BerkeleyDBMemoryversionProductLine"
"282","120.606204","BerkeleyDBMemoryversionProductLine"
"283","128.992367","BerkeleyDBMemoryversionProductLine"
"284","129.507374","BerkeleyDBMemoryversionProductLine"
"285","122.790092","BerkeleyDBMemoryversionProductLine"
"286","126.038747","BerkeleyDBMemoryversionProductLine"
"287","121.532668","BerkeleyDBMemoryversionProductLine"
"288","133.15507","BerkeleyDBMemoryversionProductLine"
"289","120.790652","BerkeleyDBMemoryversionProductLine"
"290","232.596569","BerkeleyDBMemoryversionProductLine"
"291","126.582664","BerkeleyDBMemoryversionProductLine"
"292","130.459984","BerkeleyDBMemoryversionProductLine"
"293","129.978902","BerkeleyDBMemoryversionProductLine"
"294","127.557697","BerkeleyDBMemoryversionProductLine"
"295","124.302757","BerkeleyDBMemoryversionProductLine"
"296","119.427734","BerkeleyDBMemoryversionProductLine"
"297","131.596851","BerkeleyDBMemoryversionProductLine"
"298","123.852972","BerkeleyDBMemoryversionProductLine"
"299","126.773548","BerkeleyDBMemoryversionProductLine"
"300","135.124944","BerkeleyDBMemoryversionProductLine"
"301","129.24011","SensorNetworkProductLine"
"302","150.735235","SensorNetworkProductLine"
"303","146.870267","SensorNetworkProductLine"
"304","142.169687","SensorNetworkProductLine"
"305","140.29986","SensorNetworkProductLine"
"306","454.790279","SensorNetworkProductLine"
"307","164.025422","SensorNetworkProductLine"
"308","141.520516","SensorNetworkProductLine"
"309","135.268289","SensorNetworkProductLine"
"310","146.32239","SensorNetworkProductLine"
"311","145.804535","SensorNetworkProductLine"
"312","163.11679","SensorNetworkProductLine"
"313","135.89793","SensorNetworkProductLine"
"314","158.710997","SensorNetworkProductLine"
"315","133.612829","SensorNetworkProductLine"
"316","138.552524","SensorNetworkProductLine"
"317","153.188828","SensorNetworkProductLine"
"318","155.099146","SensorNetworkProductLine"
"319","138.475176","SensorNetworkProductLine"
"320","153.438317","SensorNetworkProductLine"
"321","150.78432","SensorNetworkProductLine"
"322","164.472951","SensorNetworkProductLine"
"323","158.760583","SensorNetworkProductLine"
"324","142.706985","SensorNetworkProductLine"
"325","149.743804","SensorNetworkProductLine"
"326","140.295356","SensorNetworkProductLine"
"327","141.019432","SensorNetworkProductLine"
"328","157.17143","SensorNetworkProductLine"
"329","137.298829","SensorNetworkProductLine"
"330","135.974901","SensorNetworkProductLine"
"331","138.449784","SensorNetworkProductLine"
"332","152.905169","SensorNetworkProductLine"
"333","152.493875","SensorNetworkProductLine"
"334","145.914664","SensorNetworkProductLine"
"335","146.418119","SensorNetworkProductLine"
"336","150.748714","SensorNetworkProductLine"
"337","137.033999","SensorNetworkProductLine"
"338","149.24184","SensorNetworkProductLine"
"339","139.770006","SensorNetworkProductLine"
"340","145.214369","SensorNetworkProductLine"
"341","147.775351","SensorNetworkProductLine"
"342","147.007894","SensorNetworkProductLine"
"343","140.221349","SensorNetworkProductLine"
"344","139.698818","SensorNetworkProductLine"
"345","142.488685","SensorNetworkProductLine"
"346","148.239303","SensorNetworkProductLine"
"347","152.013903","SensorNetworkProductLine"
"348","142.858997","SensorNetworkProductLine"
"349","149.589613","SensorNetworkProductLine"
"350","142.89926","SensorNetworkProductLine"
"351","150.596953","SensorNetworkProductLine"
"352","139.459013","SensorNetworkProductLine"
"353","139.087909","SensorNetworkProductLine"
"354","148.32958","SensorNetworkProductLine"
"355","137.95856","SensorNetworkProductLine"
"356","154.331181","SensorNetworkProductLine"
"357","141.49219","SensorNetworkProductLine"
"358","146.839094","SensorNetworkProductLine"
"359","142.681952","SensorNetworkProductLine"
"360","147.097149","SensorNetworkProductLine"
"361","161.747872","SensorNetworkProductLine"
"362","150.210386","SensorNetworkProductLine"
"363","149.069061","SensorNetworkProductLine"
"364","135.779043","SensorNetworkProductLine"
"365","150.730871","SensorNetworkProductLine"
"366","157.935192","SensorNetworkProductLine"
"367","155.685145","SensorNetworkProductLine"
"368","139.318956","SensorNetworkProductLine"
"369","136.438698","SensorNetworkProductLine"
"370","158.037968","SensorNetworkProductLine"
"371","141.871887","SensorNetworkProductLine"
"372","174.401117","SensorNetworkProductLine"
"373","138.21773","SensorNetworkProductLine"
"374","142.085937","SensorNetworkProductLine"
"375","141.990445","SensorNetworkProductLine"
"376","152.996186","SensorNetworkProductLine"
"377","139.05465","SensorNetworkProductLine"
"378","147.259361","SensorNetworkProductLine"
"379","148.792949","SensorNetworkProductLine"
"380","157.646459","SensorNetworkProductLine"
"381","137.413717","SensorNetworkProductLine"
"382","142.441912","SensorNetworkProductLine"
"383","143.500103","SensorNetworkProductLine"
"384","146.069429","SensorNetworkProductLine"
"385","152.711017","SensorNetworkProductLine"
"386","140.668862","SensorNetworkProductLine"
"387","145.580943","SensorNetworkProductLine"
"388","143.160397","SensorNetworkProductLine"
"389","153.48748","SensorNetworkProductLine"
"390","144.66655","SensorNetworkProductLine"
"391","139.080724","SensorNetworkProductLine"
"392","141.948379","SensorNetworkProductLine"
"393","139.926665","SensorNetworkProductLine"
"394","139.591756","SensorNetworkProductLine"
"395","140.132997","SensorNetworkProductLine"
"396","145.957644","SensorNetworkProductLine"
"397","151.564934","SensorNetworkProductLine"
"398","143.354763","SensorNetworkProductLine"
"399","143.130333","SensorNetworkProductLine"
"400","137.369619","SensorNetworkProductLine"
"401","162.021036","StrategyMobileGame"
"402","168.484157","StrategyMobileGame"
"403","156.318647","StrategyMobileGame"
"404","158.506755","StrategyMobileGame"
"405","155.769789","StrategyMobileGame"
"406","171.062564","StrategyMobileGame"
"407","158.631132","StrategyMobileGame"
"408","169.840495","StrategyMobileGame"
"409","158.446729","StrategyMobileGame"
"410","165.203507","StrategyMobileGame"
"411","170.009661","StrategyMobileGame"
"412","172.047176","StrategyMobileGame"
"413","157.254771","StrategyMobileGame"
"414","159.92573","StrategyMobileGame"
"415","163.303252","StrategyMobileGame"
"416","182.139726","StrategyMobileGame"
"417","164.608523","StrategyMobileGame"
"418","173.409181","StrategyMobileGame"
"419","156.509831","StrategyMobileGame"
"420","177.318287","StrategyMobileGame"
"421","153.846837","StrategyMobileGame"
"422","163.510095","StrategyMobileGame"
"423","169.029713","StrategyMobileGame"
"424","168.902163","StrategyMobileGame"
"425","188.195919","StrategyMobileGame"
"426","159.517646","StrategyMobileGame"
"427","159.766577","StrategyMobileGame"
"428","170.570166","StrategyMobileGame"
"429","164.096527","StrategyMobileGame"
"430","169.712085","StrategyMobileGame"
"431","160.366133","StrategyMobileGame"
"432","164.097755","StrategyMobileGame"
"433","161.261045","StrategyMobileGame"
"434","156.229371","StrategyMobileGame"
"435","164.925808","StrategyMobileGame"
"436","171.581867","StrategyMobileGame"
"437","161.36223","StrategyMobileGame"
"438","172.470771","StrategyMobileGame"
"439","154.255209","StrategyMobileGame"
"440","187.766224","StrategyMobileGame"
"441","159.357632","StrategyMobileGame"
"442","161.189096","StrategyMobileGame"
"443","157.323129","StrategyMobileGame"
"444","163.554898","StrategyMobileGame"
"445","164.648566","StrategyMobileGame"
"446","176.524956","StrategyMobileGame"
"447","166.191407","StrategyMobileGame"
"448","176.888213","StrategyMobileGame"
"449","168.147525","StrategyMobileGame"
"450","160.409475","StrategyMobileGame"
"451","166.742477","StrategyMobileGame"
"452","153.629256","StrategyMobileGame"
"453","178.488094","StrategyMobileGame"
"454","173.387297","StrategyMobileGame"
"455","163.346915","StrategyMobileGame"
"456","161.829723","StrategyMobileGame"
"457","167.576895","StrategyMobileGame"
"458","168.906726","StrategyMobileGame"
"459","159.149018","StrategyMobileGame"
"460","165.129825","StrategyMobileGame"
"461","162.288111","StrategyMobileGame"
"462","170.54885","StrategyMobileGame"
"463","164.072215","StrategyMobileGame"
"464","154.289914","StrategyMobileGame"
"465","163.338616","StrategyMobileGame"
"466","160.810934","StrategyMobileGame"
"467","205.650828","StrategyMobileGame"
"468","171.068362","StrategyMobileGame"
"469","157.435497","StrategyMobileGame"
"470","174.176906","StrategyMobileGame"
"471","162.718397","StrategyMobileGame"
"472","188.920141","StrategyMobileGame"
"473","158.527341","StrategyMobileGame"
"474","176.799498","StrategyMobileGame"
"475","158.506637","StrategyMobileGame"
"476","170.157537","StrategyMobileGame"
"477","155.386983","StrategyMobileGame"
"478","157.656697","StrategyMobileGame"
"479","177.506179","StrategyMobileGame"
"480","163.608588","StrategyMobileGame"
"481","152.318723","StrategyMobileGame"
"482","168.393125","StrategyMobileGame"
"483","164.118178","StrategyMobileGame"
"484","164.535258","StrategyMobileGame"
"485","182.598455","StrategyMobileGame"
"486","164.324013","StrategyMobileGame"
"487","190.376214","StrategyMobileGame"
"488","166.565918","StrategyMobileGame"
"489","159.074214","StrategyMobileGame"
"490","162.406273","StrategyMobileGame"
"491","170.760625","StrategyMobileGame"
"492","162.4946","StrategyMobileGame"
"493","169.196664","StrategyMobileGame"
"494","155.345309","StrategyMobileGame"
"495","156.678938","StrategyMobileGame"
"496","174.585065","StrategyMobileGame"
"497","151.374228","StrategyMobileGame"
"498","154.204897","StrategyMobileGame"
"499","162.298432","StrategyMobileGame"
"500","170.806574","StrategyMobileGame"
"501","163.634461","TankWar"
"502","159.526673","TankWar"
"503","169.354066","TankWar"
"504","186.731507","TankWar"
"505","244.659937","TankWar"
"506","160.571944","TankWar"
"507","173.436137","TankWar"
"508","183.345291","TankWar"
"509","161.623047","TankWar"
"510","168.744873","TankWar"
"511","169.354113","TankWar"
"512","176.619566","TankWar"
"513","174.13538","TankWar"
"514","164.734205","TankWar"
"515","209.875748","TankWar"
"516","171.949888","TankWar"
"517","160.326379","TankWar"
"518","183.559782","TankWar"
"519","181.628728","TankWar"
"520","163.561611","TankWar"
"521","172.643147","TankWar"
"522","201.935572","TankWar"
"523","198.170074","TankWar"
"524","168.802243","TankWar"
"525","170.38742","TankWar"
"526","179.414147","TankWar"
"527","196.627616","TankWar"
"528","170.360792","TankWar"
"529","168.805493","TankWar"
"530","165.850956","TankWar"
"531","166.247204","TankWar"
"532","171.541268","TankWar"
"533","183.99396","TankWar"
"534","182.872111","TankWar"
"535","170.166311","TankWar"
"536","185.387865","TankWar"
"537","172.777575","TankWar"
"538","191.863706","TankWar"
"539","166.57479","TankWar"
"540","165.043961","TankWar"
"541","178.081945","TankWar"
"542","206.0593","TankWar"
"543","162.459801","TankWar"
"544","160.213892","TankWar"
"545","180.224605","TankWar"
"546","176.082495","TankWar"
"547","163.388421","TankWar"
"548","174.580988","TankWar"
"549","179.657107","TankWar"
"550","170.430368","TankWar"
"551","171.838148","TankWar"
"552","175.112678","TankWar"
"553","173.223289","TankWar"
"554","176.639028","TankWar"
"555","169.429421","TankWar"
"556","171.126487","TankWar"
"557","176.491801","TankWar"
"558","188.979662","TankWar"
"559","170.206172","TankWar"
"560","168.097996","TankWar"
"561","175.398773","TankWar"
"562","175.846842","TankWar"
"563","169.859673","TankWar"
"564","165.559635","TankWar"
"565","160.719616","TankWar"
"566","187.003844","TankWar"
"567","175.508953","TankWar"
"568","215.124846","TankWar"
"569","169.155051","TankWar"
"570","172.166689","TankWar"
"571","175.573158","TankWar"
"572","191.038825","TankWar"
"573","172.762034","TankWar"
"574","175.735201","TankWar"
"575","182.638273","TankWar"
"576","169.484659","TankWar"
"577","164.949251","TankWar"
"578","196.499001","TankWar"
"579","178.87691","TankWar"
"580","165.352819","TankWar"
"581","167.366596","TankWar"
"582","164.743694","TankWar"
"583","169.494813","TankWar"
"584","178.678791","TankWar"
"585","168.298623","TankWar"
"586","179.334147","TankWar"
"587","162.176457","TankWar"
"588","176.44244","TankWar"
"589","188.148449","TankWar"
"590","175.985047","TankWar"
"591","184.077729","TankWar"
"592","186.142234","TankWar"
"593","182.498906","TankWar"
"594","162.798785","TankWar"
"595","164.630489","TankWar"
"596","173.533138","TankWar"
"597","186.377286","TankWar"
"598","170.196857","TankWar"
"599","163.046279","TankWar"
"600","173.23274","TankWar"
"601","197.761586","MobileMedia2"
"602","183.192091","MobileMedia2"
"603","185.676865","MobileMedia2"
"604","188.464938","MobileMedia2"
"605","1175.519145","MobileMedia2"
"606","192.03918","MobileMedia2"
"607","182.307649","MobileMedia2"
"608","185.655283","MobileMedia2"
"609","183.9618","MobileMedia2"
"610","201.421325","MobileMedia2"
"611","183.999828","MobileMedia2"
"612","185.274021","MobileMedia2"
"613","183.577856","MobileMedia2"
"614","184.230845","MobileMedia2"
"615","195.609396","MobileMedia2"
"616","189.567944","MobileMedia2"
"617","178.37172","MobileMedia2"
"618","178.504629","MobileMedia2"
"619","193.004953","MobileMedia2"
"620","193.073444","MobileMedia2"
"621","180.394975","MobileMedia2"
"622","185.370862","MobileMedia2"
"623","194.330116","MobileMedia2"
"624","191.113664","MobileMedia2"
"625","223.521016","MobileMedia2"
"626","182.628361","MobileMedia2"
"627","183.650922","MobileMedia2"
"628","206.79573","MobileMedia2"
"629","205.876148","MobileMedia2"
"630","191.119909","MobileMedia2"
"631","180.596458","MobileMedia2"
"632","206.665965","MobileMedia2"
"633","210.777402","MobileMedia2"
"634","184.731138","MobileMedia2"
"635","192.988827","MobileMedia2"
"636","193.849436","MobileMedia2"
"637","194.56323","MobileMedia2"
"638","185.370908","MobileMedia2"
"639","187.494445","MobileMedia2"
"640","178.074257","MobileMedia2"
"641","194.129215","MobileMedia2"
"642","184.796591","MobileMedia2"
"643","199.767933","MobileMedia2"
"644","188.575512","MobileMedia2"
"645","184.033151","MobileMedia2"
"646","192.618059","MobileMedia2"
"647","181.917394","MobileMedia2"
"648","209.139249","MobileMedia2"
"649","191.874705","MobileMedia2"
"650","178.33647","MobileMedia2"
"651","215.061574","MobileMedia2"
"652","183.237179","MobileMedia2"
"653","191.716208","MobileMedia2"
"654","184.680631","MobileMedia2"
"655","186.632014","MobileMedia2"
"656","199.37572","MobileMedia2"
"657","179.54721","MobileMedia2"
"658","185.478783","MobileMedia2"
"659","193.100559","MobileMedia2"
"660","187.284643","MobileMedia2"
"661","186.949857","MobileMedia2"
"662","175.992386","MobileMedia2"
"663","194.715571","MobileMedia2"
"664","212.218739","MobileMedia2"
"665","183.075478","MobileMedia2"
"666","194.494878","MobileMedia2"
"667","186.765316","MobileMedia2"
"668","191.170926","MobileMedia2"
"669","186.504977","MobileMedia2"
"670","181.017587","MobileMedia2"
"671","187.6515","MobileMedia2"
"672","184.758306","MobileMedia2"
"673","183.4596","MobileMedia2"
"674","193.514145","MobileMedia2"
"675","196.097051","MobileMedia2"
"676","190.358629","MobileMedia2"
"677","191.923379","MobileMedia2"
"678","198.024628","MobileMedia2"
"679","197.455359","MobileMedia2"
"680","183.857158","MobileMedia2"
"681","193.932245","MobileMedia2"
"682","182.100059","MobileMedia2"
"683","188.215568","MobileMedia2"
"684","197.007656","MobileMedia2"
"685","199.472479","MobileMedia2"
"686","194.82307","MobileMedia2"
"687","205.904462","MobileMedia2"
"688","188.454871","MobileMedia2"
"689","208.244199","MobileMedia2"
"690","182.146313","MobileMedia2"
"691","229.900992","MobileMedia2"
"692","194.974503","MobileMedia2"
"693","195.337673","MobileMedia2"
"694","181.520401","MobileMedia2"
"695","183.272325","MobileMedia2"
"696","203.537315","MobileMedia2"
"697","186.994319","MobileMedia2"
"698","197.181822","MobileMedia2"
"699","174.815386","MobileMedia2"
"700","186.028952","MobileMedia2"
"701","184.498677","MobileGuide"
"702","203.181555","MobileGuide"
"703","227.949058","MobileGuide"
"704","306.686524","MobileGuide"
"705","189.19586","MobileGuide"
"706","187.825903","MobileGuide"
"707","187.327378","MobileGuide"
"708","187.41776","MobileGuide"
"709","201.487954","MobileGuide"
"710","189.492813","MobileGuide"
"711","192.373155","MobileGuide"
"712","195.055869","MobileGuide"
"713","186.069402","MobileGuide"
"714","184.927706","MobileGuide"
"715","198.511656","MobileGuide"
"716","189.637957","MobileGuide"
"717","180.958493","MobileGuide"
"718","1204.6288","MobileGuide"
"719","208.173047","MobileGuide"
"720","189.315491","MobileGuide"
"721","189.882362","MobileGuide"
"722","223.902372","MobileGuide"
"723","193.35587","MobileGuide"
"724","212.967445","MobileGuide"
"725","225.225009","MobileGuide"
"726","207.226871","MobileGuide"
"727","261.796517","MobileGuide"
"728","187.477701","MobileGuide"
"729","271.422911","MobileGuide"
"730","197.74797","MobileGuide"
"731","213.96383","MobileGuide"
"732","224.908854","MobileGuide"
"733","220.595098","MobileGuide"
"734","192.461779","MobileGuide"
"735","182.609994","MobileGuide"
"736","191.508871","MobileGuide"
"737","200.612428","MobileGuide"
"738","191.771129","MobileGuide"
"739","198.33533","MobileGuide"
"740","203.277393","MobileGuide"
"741","191.049364","MobileGuide"
"742","192.642949","MobileGuide"
"743","197.383036","MobileGuide"
"744","183.770129","MobileGuide"
"745","204.960148","MobileGuide"
"746","194.406564","MobileGuide"
"747","183.80557","MobileGuide"
"748","187.322629","MobileGuide"
"749","214.016753","MobileGuide"
"750","233.760086","MobileGuide"
"751","209.781358","MobileGuide"
"752","192.110093","MobileGuide"
"753","192.887144","MobileGuide"
"754","187.361962","MobileGuide"
"755","204.600023","MobileGuide"
"756","188.986558","MobileGuide"
"757","223.589","MobileGuide"
"758","226.819459","MobileGuide"
"759","191.961893","MobileGuide"
"760","193.442206","MobileGuide"
"761","187.649745","MobileGuide"
"762","196.305406","MobileGuide"
"763","189.765094","MobileGuide"
"764","183.046898","MobileGuide"
"765","195.897956","MobileGuide"
"766","201.095884","MobileGuide"
"767","194.807673","MobileGuide"
"768","189.517784","MobileGuide"
"769","192.522367","MobileGuide"
"770","219.541754","MobileGuide"
"771","202.632858","MobileGuide"
"772","193.661907","MobileGuide"
"773","185.788301","MobileGuide"
"774","209.932934","MobileGuide"
"775","197.588441","MobileGuide"
"776","189.818419","MobileGuide"
"777","183.905815","MobileGuide"
"778","191.098944","MobileGuide"
"779","221.287295","MobileGuide"
"780","195.979731","MobileGuide"
"781","186.482662","MobileGuide"
"782","185.3723","MobileGuide"
"783","190.111116","MobileGuide"
"784","191.699258","MobileGuide"
"785","183.930651","MobileGuide"
"786","191.73125","MobileGuide"
"787","221.387545","MobileGuide"
"788","193.991068","MobileGuide"
"789","202.618712","MobileGuide"
"790","200.512049","MobileGuide"
"791","182.406521","MobileGuide"
"792","193.379348","MobileGuide"
"793","196.652006","MobileGuide"
"794","294.085893","MobileGuide"
"795","190.825361","MobileGuide"
"796","189.020701","MobileGuide"
"797","268.539898","MobileGuide"
"798","191.022147","MobileGuide"
"799","183.568354","MobileGuide"
"800","200.037075","MobileGuide"
"801","1791.936303","SPLOT-3CNF-FM-500-50-1.00-SAT-1"
"802","1837.06104","SPLOT-3CNF-FM-500-50-1.00-SAT-1"
"803","1882.334536","SPLOT-3CNF-FM-500-50-1.00-SAT-1"
"804","1880.095708","SPLOT-3CNF-FM-500-50-1.00-SAT-1"
"805","1758.083589","SPLOT-3CNF-FM-500-50-1.00-SAT-1"
"806","1759.139599","SPLOT-3CNF-FM-500-50-1.00-SAT-1"
"807","1900.315476","SPLOT-3CNF-FM-500-50-1.00-SAT-1"
"808","1870.712513","SPLOT-3CNF-FM-500-50-1.00-SAT-1"
"809","1778.959353","SPLOT-3CNF-FM-500-50-1.00-SAT-1"
"810","1744.769092","SPLOT-3CNF-FM-500-50-1.00-SAT-1"
"811","1910.90535","SPLOT-3CNF-FM-500-50-1.00-SAT-1"
"812","1920.907129","SPLOT-3CNF-FM-500-50-1.00-SAT-1"
"813","1795.655882","SPLOT-3CNF-FM-500-50-1.00-SAT-1"
"814","1896.332829","SPLOT-3CNF-FM-500-50-1.00-SAT-1"
"815","1840.838273","SPLOT-3CNF-FM-500-50-1.00-SAT-1"
"816","1831.986157","SPLOT-3CNF-FM-500-50-1.00-SAT-1"
"817","1757.456321","SPLOT-3CNF-FM-500-50-1.00-SAT-1"
"818","2036.916903","SPLOT-3CNF-FM-500-50-1.00-SAT-1"
"819","1874.72703","SPLOT-3CNF-FM-500-50-1.00-SAT-1"
"820","1923.31306","SPLOT-3CNF-FM-500-50-1.00-SAT-1"
"821","1661.570344","SPLOT-3CNF-FM-500-50-1.00-SAT-1"
"822","1894.980698","SPLOT-3CNF-FM-500-50-1.00-SAT-1"
"823","1842.064804","SPLOT-3CNF-FM-500-50-1.00-SAT-1"
"824","1961.032323","SPLOT-3CNF-FM-500-50-1.00-SAT-1"
"825","1743.240518","SPLOT-3CNF-FM-500-50-1.00-SAT-1"
"826","1793.255774","SPLOT-3CNF-FM-500-50-1.00-SAT-1"
"827","1794.53538","SPLOT-3CNF-FM-500-50-1.00-SAT-1"
"828","1836.503646","SPLOT-3CNF-FM-500-50-1.00-SAT-1"
"829","1878.469942","SPLOT-3CNF-FM-500-50-1.00-SAT-1"
"830","1798.431366","SPLOT-3CNF-FM-500-50-1.00-SAT-1"
"831","1853.139018","SPLOT-3CNF-FM-500-50-1.00-SAT-1"
"832","1820.888732","SPLOT-3CNF-FM-500-50-1.00-SAT-1"
"833","1871.442934","SPLOT-3CNF-FM-500-50-1.00-SAT-1"
"834","1688.672331","SPLOT-3CNF-FM-500-50-1.00-SAT-1"
"835","1797.501502","SPLOT-3CNF-FM-500-50-1.00-SAT-1"
"836","1788.183732","SPLOT-3CNF-FM-500-50-1.00-SAT-1"
"837","1865.951972","SPLOT-3CNF-FM-500-50-1.00-SAT-1"
"838","1753.732392","SPLOT-3CNF-FM-500-50-1.00-SAT-1"
"839","1820.678188","SPLOT-3CNF-FM-500-50-1.00-SAT-1"
"840","1727.730115","SPLOT-3CNF-FM-500-50-1.00-SAT-1"
"841","1831.71004","SPLOT-3CNF-FM-500-50-1.00-SAT-1"
"842","1860.195778","SPLOT-3CNF-FM-500-50-1.00-SAT-1"
"843","1776.21242","SPLOT-3CNF-FM-500-50-1.00-SAT-1"
"844","1912.256164","SPLOT-3CNF-FM-500-50-1.00-SAT-1"
"845","1909.712117","SPLOT-3CNF-FM-500-50-1.00-SAT-1"
"846","1805.777895","SPLOT-3CNF-FM-500-50-1.00-SAT-1"
"847","1768.694884","SPLOT-3CNF-FM-500-50-1.00-SAT-1"
"848","1858.641788","SPLOT-3CNF-FM-500-50-1.00-SAT-1"
"849","1916.49066","SPLOT-3CNF-FM-500-50-1.00-SAT-1"
"850","1916.1439","SPLOT-3CNF-FM-500-50-1.00-SAT-1"
"851","1750.457825","SPLOT-3CNF-FM-500-50-1.00-SAT-1"
"852","1783.625724","SPLOT-3CNF-FM-500-50-1.00-SAT-1"
"853","1843.33751","SPLOT-3CNF-FM-500-50-1.00-SAT-1"
"854","1872.971877","SPLOT-3CNF-FM-500-50-1.00-SAT-1"
"855","1848.592318","SPLOT-3CNF-FM-500-50-1.00-SAT-1"
"856","1780.852184","SPLOT-3CNF-FM-500-50-1.00-SAT-1"
"857","1950.937544","SPLOT-3CNF-FM-500-50-1.00-SAT-1"
"858","1810.425773","SPLOT-3CNF-FM-500-50-1.00-SAT-1"
"859","1881.033593","SPLOT-3CNF-FM-500-50-1.00-SAT-1"
"860","1675.737622","SPLOT-3CNF-FM-500-50-1.00-SAT-1"
"861","2021.436692","SPLOT-3CNF-FM-500-50-1.00-SAT-1"
"862","1816.627229","SPLOT-3CNF-FM-500-50-1.00-SAT-1"
"863","1848.954964","SPLOT-3CNF-FM-500-50-1.00-SAT-1"
"864","1747.521342","SPLOT-3CNF-FM-500-50-1.00-SAT-1"
"865","1760.720123","SPLOT-3CNF-FM-500-50-1.00-SAT-1"
"866","1883.724301","SPLOT-3CNF-FM-500-50-1.00-SAT-1"
"867","1845.765843","SPLOT-3CNF-FM-500-50-1.00-SAT-1"
"868","1709.216807","SPLOT-3CNF-FM-500-50-1.00-SAT-1"
"869","1846.544784","SPLOT-3CNF-FM-500-50-1.00-SAT-1"
"870","1970.941998","SPLOT-3CNF-FM-500-50-1.00-SAT-1"
"871","1865.820501","SPLOT-3CNF-FM-500-50-1.00-SAT-1"
"872","1856.787017","SPLOT-3CNF-FM-500-50-1.00-SAT-1"
"873","2254.373154","SPLOT-3CNF-FM-500-50-1.00-SAT-1"
"874","1911.085458","SPLOT-3CNF-FM-500-50-1.00-SAT-1"
"875","1852.322187","SPLOT-3CNF-FM-500-50-1.00-SAT-1"
"876","1879.263833","SPLOT-3CNF-FM-500-50-1.00-SAT-1"
"877","1845.512963","SPLOT-3CNF-FM-500-50-1.00-SAT-1"
"878","1842.246048","SPLOT-3CNF-FM-500-50-1.00-SAT-1"
"879","1863.571908","SPLOT-3CNF-FM-500-50-1.00-SAT-1"
"880","1795.825792","SPLOT-3CNF-FM-500-50-1.00-SAT-1"
"881","1721.146195","SPLOT-3CNF-FM-500-50-1.00-SAT-1"
"882","1858.419973","SPLOT-3CNF-FM-500-50-1.00-SAT-1"
"883","1877.836291","SPLOT-3CNF-FM-500-50-1.00-SAT-1"
"884","1823.976183","SPLOT-3CNF-FM-500-50-1.00-SAT-1"
"885","1743.595992","SPLOT-3CNF-FM-500-50-1.00-SAT-1"
"886","1737.710674","SPLOT-3CNF-FM-500-50-1.00-SAT-1"
"887","1739.302537","SPLOT-3CNF-FM-500-50-1.00-SAT-1"
"888","1933.815257","SPLOT-3CNF-FM-500-50-1.00-SAT-1"
"889","1805.180588","SPLOT-3CNF-FM-500-50-1.00-SAT-1"
"890","1773.279991","SPLOT-3CNF-FM-500-50-1.00-SAT-1"
"891","1898.142169","SPLOT-3CNF-FM-500-50-1.00-SAT-1"
"892","1887.685764","SPLOT-3CNF-FM-500-50-1.00-SAT-1"
"893","1963.015099","SPLOT-3CNF-FM-500-50-1.00-SAT-1"
"894","1785.40239","SPLOT-3CNF-FM-500-50-1.00-SAT-1"
"895","1932.625251","SPLOT-3CNF-FM-500-50-1.00-SAT-1"
"896","2014.09154","SPLOT-3CNF-FM-500-50-1.00-SAT-1"
"897","1974.049505","SPLOT-3CNF-FM-500-50-1.00-SAT-1"
"898","1775.083661","SPLOT-3CNF-FM-500-50-1.00-SAT-1"
"899","1800.887969","SPLOT-3CNF-FM-500-50-1.00-SAT-1"
"900","1818.445751","SPLOT-3CNF-FM-500-50-1.00-SAT-1"
