"","TIME","ALTERNATIVE"
"1","257.195151","x264ProductLine"
"2","70.206013","x264ProductLine"
"3","362.336655","x264ProductLine"
"4","69.888213","x264ProductLine"
"5","69.966964","x264ProductLine"
"6","79.461495","x264ProductLine"
"7","68.664027","x264ProductLine"
"8","71.967731","x264ProductLine"
"9","80.841841","x264ProductLine"
"10","1111.270482","x264ProductLine"
"11","74.402174","x264ProductLine"
"12","72.741982","x264ProductLine"
"13","79.209574","x264ProductLine"
"14","72.30389","x264ProductLine"
"15","70.356215","x264ProductLine"
"16","71.935037","x264ProductLine"
"17","69.222796","x264ProductLine"
"18","77.365788","x264ProductLine"
"19","71.829475","x264ProductLine"
"20","75.626201","x264ProductLine"
"21","70.100656","x264ProductLine"
"22","76.555389","x264ProductLine"
"23","83.565397","x264ProductLine"
"24","79.900289","x264ProductLine"
"25","75.616188","x264ProductLine"
"26","75.262178","x264ProductLine"
"27","69.952933","x264ProductLine"
"28","72.63877","x264ProductLine"
"29","76.571124","x264ProductLine"
"30","70.612197","x264ProductLine"
"31","77.076287","x264ProductLine"
"32","75.866286","x264ProductLine"
"33","72.775545","x264ProductLine"
"34","77.780862","x264ProductLine"
"35","73.586368","x264ProductLine"
"36","88.521973","x264ProductLine"
"37","87.632437","x264ProductLine"
"38","70.356284","x264ProductLine"
"39","69.441221","x264ProductLine"
"40","78.894061","x264ProductLine"
"41","70.396729","x264ProductLine"
"42","85.592085","x264ProductLine"
"43","72.842405","x264ProductLine"
"44","74.32833","x264ProductLine"
"45","79.91825","x264ProductLine"
"46","78.740011","x264ProductLine"
"47","85.717156","x264ProductLine"
"48","75.809543","x264ProductLine"
"49","74.759445","x264ProductLine"
"50","70.565398","x264ProductLine"
"51","72.206672","x264ProductLine"
"52","72.810788","x264ProductLine"
"53","83.785081","x264ProductLine"
"54","80.012479","x264ProductLine"
"55","72.110397","x264ProductLine"
"56","71.047627","x264ProductLine"
"57","76.024813","x264ProductLine"
"58","71.495894","x264ProductLine"
"59","77.92287","x264ProductLine"
"60","87.349529","x264ProductLine"
"61","78.210808","x264ProductLine"
"62","73.504341","x264ProductLine"
"63","79.525305","x264ProductLine"
"64","74.64498","x264ProductLine"
"65","79.413101","x264ProductLine"
"66","79.809315","x264ProductLine"
"67","73.695426","x264ProductLine"
"68","69.29623","x264ProductLine"
"69","87.647624","x264ProductLine"
"70","70.011933","x264ProductLine"
"71","76.676121","x264ProductLine"
"72","77.965028","x264ProductLine"
"73","73.769718","x264ProductLine"
"74","72.279624","x264ProductLine"
"75","88.441259","x264ProductLine"
"76","84.790529","x264ProductLine"
"77","71.632359","x264ProductLine"
"78","72.120215","x264ProductLine"
"79","78.844928","x264ProductLine"
"80","71.041313","x264ProductLine"
"81","78.235025","x264ProductLine"
"82","71.441475","x264ProductLine"
"83","74.666738","x264ProductLine"
"84","78.360697","x264ProductLine"
"85","78.883595","x264ProductLine"
"86","355.229821","x264ProductLine"
"87","79.046563","x264ProductLine"
"88","82.119776","x264ProductLine"
"89","80.054923","x264ProductLine"
"90","74.473329","x264ProductLine"
"91","74.267294","x264ProductLine"
"92","69.459688","x264ProductLine"
"93","73.385819","x264ProductLine"
"94","78.177185","x264ProductLine"
"95","80.372944","x264ProductLine"
"96","75.953555","x264ProductLine"
"97","74.718824","x264ProductLine"
"98","70.177408","x264ProductLine"
"99","73.24051","x264ProductLine"
"100","71.529608","x264ProductLine"
"101","70.334949","WgetProductLine"
"102","63.687971","WgetProductLine"
"103","79.641604","WgetProductLine"
"104","78.919112","WgetProductLine"
"105","70.065699","WgetProductLine"
"106","73.482741","WgetProductLine"
"107","67.150099","WgetProductLine"
"108","69.253655","WgetProductLine"
"109","74.146227","WgetProductLine"
"110","68.00092","WgetProductLine"
"111","121.194963","WgetProductLine"
"112","68.753367","WgetProductLine"
"113","68.071017","WgetProductLine"
"114","85.179726","WgetProductLine"
"115","72.152188","WgetProductLine"
"116","72.976871","WgetProductLine"
"117","122.830986","WgetProductLine"
"118","70.714598","WgetProductLine"
"119","83.662463","WgetProductLine"
"120","92.498101","WgetProductLine"
"121","69.46594","WgetProductLine"
"122","78.557305","WgetProductLine"
"123","76.849531","WgetProductLine"
"124","73.196379","WgetProductLine"
"125","72.759292","WgetProductLine"
"126","72.965114","WgetProductLine"
"127","70.830365","WgetProductLine"
"128","69.195059","WgetProductLine"
"129","69.830532","WgetProductLine"
"130","73.873929","WgetProductLine"
"131","78.807679","WgetProductLine"
"132","71.4417","WgetProductLine"
"133","68.061788","WgetProductLine"
"134","73.886656","WgetProductLine"
"135","74.984135","WgetProductLine"
"136","69.595696","WgetProductLine"
"137","68.860579","WgetProductLine"
"138","71.098595","WgetProductLine"
"139","72.494453","WgetProductLine"
"140","68.706558","WgetProductLine"
"141","74.229495","WgetProductLine"
"142","71.615372","WgetProductLine"
"143","73.102101","WgetProductLine"
"144","70.827683","WgetProductLine"
"145","97.404993","WgetProductLine"
"146","70.834251","WgetProductLine"
"147","72.054358","WgetProductLine"
"148","68.979046","WgetProductLine"
"149","68.473193","WgetProductLine"
"150","75.351475","WgetProductLine"
"151","127.774022","WgetProductLine"
"152","75.081721","WgetProductLine"
"153","71.962902","WgetProductLine"
"154","77.771966","WgetProductLine"
"155","76.755884","WgetProductLine"
"156","70.945895","WgetProductLine"
"157","77.269738","WgetProductLine"
"158","72.912367","WgetProductLine"
"159","71.132403","WgetProductLine"
"160","78.968876","WgetProductLine"
"161","72.494282","WgetProductLine"
"162","73.323296","WgetProductLine"
"163","69.387462","WgetProductLine"
"164","72.327141","WgetProductLine"
"165","86.143578","WgetProductLine"
"166","68.785548","WgetProductLine"
"167","81.946879","WgetProductLine"
"168","71.284095","WgetProductLine"
"169","91.31174","WgetProductLine"
"170","69.588204","WgetProductLine"
"171","69.418909","WgetProductLine"
"172","77.70695","WgetProductLine"
"173","72.666851","WgetProductLine"
"174","71.817527","WgetProductLine"
"175","73.122203","WgetProductLine"
"176","67.16222","WgetProductLine"
"177","69.537705","WgetProductLine"
"178","69.49034","WgetProductLine"
"179","128.382999","WgetProductLine"
"180","70.744084","WgetProductLine"
"181","73.905296","WgetProductLine"
"182","115.039712","WgetProductLine"
"183","71.659519","WgetProductLine"
"184","71.744458","WgetProductLine"
"185","73.855443","WgetProductLine"
"186","72.432453","WgetProductLine"
"187","78.893068","WgetProductLine"
"188","75.412165","WgetProductLine"
"189","74.664967","WgetProductLine"
"190","71.171099","WgetProductLine"
"191","70.668185","WgetProductLine"
"192","70.061962","WgetProductLine"
"193","71.474267","WgetProductLine"
"194","71.669758","WgetProductLine"
"195","76.444773","WgetProductLine"
"196","75.237763","WgetProductLine"
"197","75.04713","WgetProductLine"
"198","71.156344","WgetProductLine"
"199","74.676212","WgetProductLine"
"200","70.886512","WgetProductLine"
"201","90.135891","BerkeleyDBMemoryversionProductLine"
"202","69.092386","BerkeleyDBMemoryversionProductLine"
"203","76.399208","BerkeleyDBMemoryversionProductLine"
"204","68.834645","BerkeleyDBMemoryversionProductLine"
"205","67.682535","BerkeleyDBMemoryversionProductLine"
"206","72.110211","BerkeleyDBMemoryversionProductLine"
"207","75.455868","BerkeleyDBMemoryversionProductLine"
"208","66.963016","BerkeleyDBMemoryversionProductLine"
"209","76.685878","BerkeleyDBMemoryversionProductLine"
"210","82.377796","BerkeleyDBMemoryversionProductLine"
"211","74.847449","BerkeleyDBMemoryversionProductLine"
"212","81.293992","BerkeleyDBMemoryversionProductLine"
"213","77.997309","BerkeleyDBMemoryversionProductLine"
"214","87.476016","BerkeleyDBMemoryversionProductLine"
"215","71.475447","BerkeleyDBMemoryversionProductLine"
"216","69.75784","BerkeleyDBMemoryversionProductLine"
"217","70.406656","BerkeleyDBMemoryversionProductLine"
"218","74.779019","BerkeleyDBMemoryversionProductLine"
"219","93.384198","BerkeleyDBMemoryversionProductLine"
"220","72.553709","BerkeleyDBMemoryversionProductLine"
"221","78.351537","BerkeleyDBMemoryversionProductLine"
"222","75.425758","BerkeleyDBMemoryversionProductLine"
"223","73.027471","BerkeleyDBMemoryversionProductLine"
"224","71.409134","BerkeleyDBMemoryversionProductLine"
"225","70.821431","BerkeleyDBMemoryversionProductLine"
"226","69.300992","BerkeleyDBMemoryversionProductLine"
"227","80.454394","BerkeleyDBMemoryversionProductLine"
"228","75.927068","BerkeleyDBMemoryversionProductLine"
"229","74.789941","BerkeleyDBMemoryversionProductLine"
"230","69.115392","BerkeleyDBMemoryversionProductLine"
"231","76.377387","BerkeleyDBMemoryversionProductLine"
"232","70.238611","BerkeleyDBMemoryversionProductLine"
"233","73.269129","BerkeleyDBMemoryversionProductLine"
"234","77.205124","BerkeleyDBMemoryversionProductLine"
"235","73.747268","BerkeleyDBMemoryversionProductLine"
"236","85.689143","BerkeleyDBMemoryversionProductLine"
"237","77.86869","BerkeleyDBMemoryversionProductLine"
"238","70.27881","BerkeleyDBMemoryversionProductLine"
"239","75.762183","BerkeleyDBMemoryversionProductLine"
"240","181.119869","BerkeleyDBMemoryversionProductLine"
"241","75.489813","BerkeleyDBMemoryversionProductLine"
"242","79.498446","BerkeleyDBMemoryversionProductLine"
"243","74.961721","BerkeleyDBMemoryversionProductLine"
"244","72.656467","BerkeleyDBMemoryversionProductLine"
"245","76.203952","BerkeleyDBMemoryversionProductLine"
"246","86.794953","BerkeleyDBMemoryversionProductLine"
"247","73.500324","BerkeleyDBMemoryversionProductLine"
"248","71.027079","BerkeleyDBMemoryversionProductLine"
"249","75.05242","BerkeleyDBMemoryversionProductLine"
"250","79.088407","BerkeleyDBMemoryversionProductLine"
"251","75.599145","BerkeleyDBMemoryversionProductLine"
"252","77.088576","BerkeleyDBMemoryversionProductLine"
"253","78.982128","BerkeleyDBMemoryversionProductLine"
"254","73.849877","BerkeleyDBMemoryversionProductLine"
"255","73.29238","BerkeleyDBMemoryversionProductLine"
"256","76.277322","BerkeleyDBMemoryversionProductLine"
"257","77.020332","BerkeleyDBMemoryversionProductLine"
"258","71.954144","BerkeleyDBMemoryversionProductLine"
"259","174.143666","BerkeleyDBMemoryversionProductLine"
"260","69.843973","BerkeleyDBMemoryversionProductLine"
"261","1055.248338","BerkeleyDBMemoryversionProductLine"
"262","78.206355","BerkeleyDBMemoryversionProductLine"
"263","71.878795","BerkeleyDBMemoryversionProductLine"
"264","74.341991","BerkeleyDBMemoryversionProductLine"
"265","72.304828","BerkeleyDBMemoryversionProductLine"
"266","75.170375","BerkeleyDBMemoryversionProductLine"
"267","83.578762","BerkeleyDBMemoryversionProductLine"
"268","78.915606","BerkeleyDBMemoryversionProductLine"
"269","89.825059","BerkeleyDBMemoryversionProductLine"
"270","67.992807","BerkeleyDBMemoryversionProductLine"
"271","82.524373","BerkeleyDBMemoryversionProductLine"
"272","74.206769","BerkeleyDBMemoryversionProductLine"
"273","70.023785","BerkeleyDBMemoryversionProductLine"
"274","71.83932","BerkeleyDBMemoryversionProductLine"
"275","71.15567","BerkeleyDBMemoryversionProductLine"
"276","70.633833","BerkeleyDBMemoryversionProductLine"
"277","1048.556576","BerkeleyDBMemoryversionProductLine"
"278","80.595792","BerkeleyDBMemoryversionProductLine"
"279","71.231057","BerkeleyDBMemoryversionProductLine"
"280","72.682","BerkeleyDBMemoryversionProductLine"
"281","68.905347","BerkeleyDBMemoryversionProductLine"
"282","70.056454","BerkeleyDBMemoryversionProductLine"
"283","76.766897","BerkeleyDBMemoryversionProductLine"
"284","77.77242","BerkeleyDBMemoryversionProductLine"
"285","71.928255","BerkeleyDBMemoryversionProductLine"
"286","78.901339","BerkeleyDBMemoryversionProductLine"
"287","73.518107","BerkeleyDBMemoryversionProductLine"
"288","73.499474","BerkeleyDBMemoryversionProductLine"
"289","71.139803","BerkeleyDBMemoryversionProductLine"
"290","177.046258","BerkeleyDBMemoryversionProductLine"
"291","79.390395","BerkeleyDBMemoryversionProductLine"
"292","76.382928","BerkeleyDBMemoryversionProductLine"
"293","76.390303","BerkeleyDBMemoryversionProductLine"
"294","75.568998","BerkeleyDBMemoryversionProductLine"
"295","77.648649","BerkeleyDBMemoryversionProductLine"
"296","71.501024","BerkeleyDBMemoryversionProductLine"
"297","76.167877","BerkeleyDBMemoryversionProductLine"
"298","74.951234","BerkeleyDBMemoryversionProductLine"
"299","73.371822","BerkeleyDBMemoryversionProductLine"
"300","81.920126","BerkeleyDBMemoryversionProductLine"
"301","63.709653","SensorNetworkProductLine"
"302","73.935948","SensorNetworkProductLine"
"303","69.584056","SensorNetworkProductLine"
"304","72.047075","SensorNetworkProductLine"
"305","71.382507","SensorNetworkProductLine"
"306","385.751114","SensorNetworkProductLine"
"307","76.054947","SensorNetworkProductLine"
"308","76.301303","SensorNetworkProductLine"
"309","71.236153","SensorNetworkProductLine"
"310","75.293612","SensorNetworkProductLine"
"311","77.322864","SensorNetworkProductLine"
"312","71.672389","SensorNetworkProductLine"
"313","69.318011","SensorNetworkProductLine"
"314","73.399355","SensorNetworkProductLine"
"315","69.70245","SensorNetworkProductLine"
"316","70.589524","SensorNetworkProductLine"
"317","74.908858","SensorNetworkProductLine"
"318","82.887102","SensorNetworkProductLine"
"319","72.332795","SensorNetworkProductLine"
"320","73.547882","SensorNetworkProductLine"
"321","73.313304","SensorNetworkProductLine"
"322","76.35584","SensorNetworkProductLine"
"323","69.35902","SensorNetworkProductLine"
"324","73.766396","SensorNetworkProductLine"
"325","76.01092","SensorNetworkProductLine"
"326","75.603939","SensorNetworkProductLine"
"327","74.284998","SensorNetworkProductLine"
"328","86.932209","SensorNetworkProductLine"
"329","71.439568","SensorNetworkProductLine"
"330","69.955301","SensorNetworkProductLine"
"331","73.305628","SensorNetworkProductLine"
"332","76.827136","SensorNetworkProductLine"
"333","80.823128","SensorNetworkProductLine"
"334","76.926263","SensorNetworkProductLine"
"335","77.120798","SensorNetworkProductLine"
"336","77.593658","SensorNetworkProductLine"
"337","71.807498","SensorNetworkProductLine"
"338","78.322711","SensorNetworkProductLine"
"339","75.504171","SensorNetworkProductLine"
"340","71.682478","SensorNetworkProductLine"
"341","80.919203","SensorNetworkProductLine"
"342","77.237128","SensorNetworkProductLine"
"343","75.259125","SensorNetworkProductLine"
"344","73.800765","SensorNetworkProductLine"
"345","78.346464","SensorNetworkProductLine"
"346","80.522862","SensorNetworkProductLine"
"347","77.552626","SensorNetworkProductLine"
"348","72.549276","SensorNetworkProductLine"
"349","72.861696","SensorNetworkProductLine"
"350","75.820412","SensorNetworkProductLine"
"351","77.17371","SensorNetworkProductLine"
"352","72.158934","SensorNetworkProductLine"
"353","70.398268","SensorNetworkProductLine"
"354","73.811083","SensorNetworkProductLine"
"355","73.328403","SensorNetworkProductLine"
"356","76.41326","SensorNetworkProductLine"
"357","71.597481","SensorNetworkProductLine"
"358","76.892893","SensorNetworkProductLine"
"359","74.942638","SensorNetworkProductLine"
"360","71.613978","SensorNetworkProductLine"
"361","85.993744","SensorNetworkProductLine"
"362","81.255203","SensorNetworkProductLine"
"363","71.753938","SensorNetworkProductLine"
"364","71.213329","SensorNetworkProductLine"
"365","84.536723","SensorNetworkProductLine"
"366","79.73152","SensorNetworkProductLine"
"367","83.941964","SensorNetworkProductLine"
"368","70.189501","SensorNetworkProductLine"
"369","72.242587","SensorNetworkProductLine"
"370","80.780711","SensorNetworkProductLine"
"371","72.520634","SensorNetworkProductLine"
"372","94.027105","SensorNetworkProductLine"
"373","72.775893","SensorNetworkProductLine"
"374","78.379021","SensorNetworkProductLine"
"375","74.377468","SensorNetworkProductLine"
"376","72.666069","SensorNetworkProductLine"
"377","71.491249","SensorNetworkProductLine"
"378","80.175741","SensorNetworkProductLine"
"379","72.008705","SensorNetworkProductLine"
"380","84.057706","SensorNetworkProductLine"
"381","73.627958","SensorNetworkProductLine"
"382","72.940658","SensorNetworkProductLine"
"383","73.895772","SensorNetworkProductLine"
"384","77.783833","SensorNetworkProductLine"
"385","79.857993","SensorNetworkProductLine"
"386","75.830062","SensorNetworkProductLine"
"387","77.51037","SensorNetworkProductLine"
"388","77.422528","SensorNetworkProductLine"
"389","74.986104","SensorNetworkProductLine"
"390","79.808761","SensorNetworkProductLine"
"391","75.115887","SensorNetworkProductLine"
"392","77.801305","SensorNetworkProductLine"
"393","74.392999","SensorNetworkProductLine"
"394","73.41147","SensorNetworkProductLine"
"395","70.577431","SensorNetworkProductLine"
"396","81.318991","SensorNetworkProductLine"
"397","67.726974","SensorNetworkProductLine"
"398","78.425586","SensorNetworkProductLine"
"399","73.88484","SensorNetworkProductLine"
"400","74.056791","SensorNetworkProductLine"
"401","78.914476","StrategyMobileGame"
"402","82.392418","StrategyMobileGame"
"403","67.327232","StrategyMobileGame"
"404","71.66805","StrategyMobileGame"
"405","71.867461","StrategyMobileGame"
"406","75.475963","StrategyMobileGame"
"407","72.171471","StrategyMobileGame"
"408","81.380052","StrategyMobileGame"
"409","77.234397","StrategyMobileGame"
"410","71.104729","StrategyMobileGame"
"411","81.35062","StrategyMobileGame"
"412","82.943361","StrategyMobileGame"
"413","73.507642","StrategyMobileGame"
"414","73.830785","StrategyMobileGame"
"415","81.757364","StrategyMobileGame"
"416","85.464888","StrategyMobileGame"
"417","79.41157","StrategyMobileGame"
"418","81.690386","StrategyMobileGame"
"419","77.120717","StrategyMobileGame"
"420","73.533406","StrategyMobileGame"
"421","72.451209","StrategyMobileGame"
"422","78.593689","StrategyMobileGame"
"423","85.815014","StrategyMobileGame"
"424","73.922086","StrategyMobileGame"
"425","80.691564","StrategyMobileGame"
"426","74.001293","StrategyMobileGame"
"427","74.032189","StrategyMobileGame"
"428","82.071075","StrategyMobileGame"
"429","71.252692","StrategyMobileGame"
"430","83.184367","StrategyMobileGame"
"431","78.167914","StrategyMobileGame"
"432","78.248314","StrategyMobileGame"
"433","77.549321","StrategyMobileGame"
"434","72.989273","StrategyMobileGame"
"435","74.512911","StrategyMobileGame"
"436","83.034439","StrategyMobileGame"
"437","73.795383","StrategyMobileGame"
"438","77.322594","StrategyMobileGame"
"439","72.977298","StrategyMobileGame"
"440","74.348641","StrategyMobileGame"
"441","73.190688","StrategyMobileGame"
"442","79.72931","StrategyMobileGame"
"443","76.897145","StrategyMobileGame"
"444","78.470586","StrategyMobileGame"
"445","72.636482","StrategyMobileGame"
"446","71.064513","StrategyMobileGame"
"447","82.626485","StrategyMobileGame"
"448","85.860106","StrategyMobileGame"
"449","77.063832","StrategyMobileGame"
"450","71.067691","StrategyMobileGame"
"451","77.648143","StrategyMobileGame"
"452","73.244218","StrategyMobileGame"
"453","74.232233","StrategyMobileGame"
"454","87.869172","StrategyMobileGame"
"455","75.715725","StrategyMobileGame"
"456","77.551207","StrategyMobileGame"
"457","77.056122","StrategyMobileGame"
"458","78.916268","StrategyMobileGame"
"459","78.546021","StrategyMobileGame"
"460","80.391632","StrategyMobileGame"
"461","78.718779","StrategyMobileGame"
"462","71.070064","StrategyMobileGame"
"463","75.741503","StrategyMobileGame"
"464","70.57672","StrategyMobileGame"
"465","76.814834","StrategyMobileGame"
"466","74.131734","StrategyMobileGame"
"467","77.72121","StrategyMobileGame"
"468","77.439007","StrategyMobileGame"
"469","76.058027","StrategyMobileGame"
"470","75.796286","StrategyMobileGame"
"471","76.496092","StrategyMobileGame"
"472","106.16184","StrategyMobileGame"
"473","75.755748","StrategyMobileGame"
"474","82.045491","StrategyMobileGame"
"475","76.262356","StrategyMobileGame"
"476","79.921977","StrategyMobileGame"
"477","74.601098","StrategyMobileGame"
"478","74.735419","StrategyMobileGame"
"479","73.898731","StrategyMobileGame"
"480","75.198242","StrategyMobileGame"
"481","71.188465","StrategyMobileGame"
"482","79.208605","StrategyMobileGame"
"483","77.869663","StrategyMobileGame"
"484","76.834371","StrategyMobileGame"
"485","82.249831","StrategyMobileGame"
"486","79.139564","StrategyMobileGame"
"487","92.395128","StrategyMobileGame"
"488","82.010807","StrategyMobileGame"
"489","78.006115","StrategyMobileGame"
"490","80.942901","StrategyMobileGame"
"491","78.593079","StrategyMobileGame"
"492","75.36605","StrategyMobileGame"
"493","72.120052","StrategyMobileGame"
"494","73.667466","StrategyMobileGame"
"495","76.53609","StrategyMobileGame"
"496","75.512492","StrategyMobileGame"
"497","68.50387","StrategyMobileGame"
"498","73.497146","StrategyMobileGame"
"499","79.744622","StrategyMobileGame"
"500","77.540293","StrategyMobileGame"
"501","75.764415","TankWar"
"502","71.193235","TankWar"
"503","77.461278","TankWar"
"504","81.43282","TankWar"
"505","152.377301","TankWar"
"506","70.656429","TankWar"
"507","78.584296","TankWar"
"508","70.420693","TankWar"
"509","69.624745","TankWar"
"510","70.817166","TankWar"
"511","73.96762","TankWar"
"512","77.204975","TankWar"
"513","73.28584","TankWar"
"514","74.726371","TankWar"
"515","77.616829","TankWar"
"516","73.611782","TankWar"
"517","70.576829","TankWar"
"518","82.934781","TankWar"
"519","80.20768","TankWar"
"520","73.294073","TankWar"
"521","82.657702","TankWar"
"522","91.215921","TankWar"
"523","79.245388","TankWar"
"524","77.083172","TankWar"
"525","77.78471","TankWar"
"526","85.512882","TankWar"
"527","79.38616","TankWar"
"528","74.250187","TankWar"
"529","73.810172","TankWar"
"530","74.859775","TankWar"
"531","78.121366","TankWar"
"532","74.80243","TankWar"
"533","87.853072","TankWar"
"534","90.91477","TankWar"
"535","81.668728","TankWar"
"536","88.126322","TankWar"
"537","83.914309","TankWar"
"538","77.663361","TankWar"
"539","75.862013","TankWar"
"540","75.076565","TankWar"
"541","79.240404","TankWar"
"542","74.512761","TankWar"
"543","74.806031","TankWar"
"544","75.956625","TankWar"
"545","78.430627","TankWar"
"546","85.090729","TankWar"
"547","75.374939","TankWar"
"548","78.051669","TankWar"
"549","77.795698","TankWar"
"550","74.686858","TankWar"
"551","74.169686","TankWar"
"552","86.782744","TankWar"
"553","84.064728","TankWar"
"554","77.214488","TankWar"
"555","75.024087","TankWar"
"556","80.102722","TankWar"
"557","73.285812","TankWar"
"558","92.109822","TankWar"
"559","76.095047","TankWar"
"560","78.583638","TankWar"
"561","82.377169","TankWar"
"562","77.76601","TankWar"
"563","73.916325","TankWar"
"564","78.422354","TankWar"
"565","73.018753","TankWar"
"566","81.291211","TankWar"
"567","73.236769","TankWar"
"568","74.57762","TankWar"
"569","77.940305","TankWar"
"570","82.354547","TankWar"
"571","74.576966","TankWar"
"572","80.89295","TankWar"
"573","75.57825","TankWar"
"574","71.356285","TankWar"
"575","85.537331","TankWar"
"576","79.607035","TankWar"
"577","75.402183","TankWar"
"578","84.331046","TankWar"
"579","81.955926","TankWar"
"580","75.619742","TankWar"
"581","79.676414","TankWar"
"582","75.553389","TankWar"
"583","79.525154","TankWar"
"584","78.61978","TankWar"
"585","77.694565","TankWar"
"586","79.431154","TankWar"
"587","69.57738","TankWar"
"588","82.903148","TankWar"
"589","86.881744","TankWar"
"590","87.482295","TankWar"
"591","79.30545","TankWar"
"592","81.944313","TankWar"
"593","74.560307","TankWar"
"594","74.319445","TankWar"
"595","77.427688","TankWar"
"596","76.329457","TankWar"
"597","75.335862","TankWar"
"598","81.376656","TankWar"
"599","75.908005","TankWar"
"600","74.356333","TankWar"
"601","79.975537","MobileMedia2"
"602","67.268446","MobileMedia2"
"603","70.00077","MobileMedia2"
"604","72.339168","MobileMedia2"
"605","1071.374417","MobileMedia2"
"606","75.765346","MobileMedia2"
"607","72.912814","MobileMedia2"
"608","74.510412","MobileMedia2"
"609","73.13854","MobileMedia2"
"610","76.880282","MobileMedia2"
"611","71.213674","MobileMedia2"
"612","74.35256","MobileMedia2"
"613","73.84505","MobileMedia2"
"614","76.982315","MobileMedia2"
"615","83.721476","MobileMedia2"
"616","84.514957","MobileMedia2"
"617","72.824306","MobileMedia2"
"618","72.34978","MobileMedia2"
"619","84.561878","MobileMedia2"
"620","76.12554","MobileMedia2"
"621","75.314668","MobileMedia2"
"622","76.161005","MobileMedia2"
"623","72.901652","MobileMedia2"
"624","88.530992","MobileMedia2"
"625","82.505975","MobileMedia2"
"626","75.762019","MobileMedia2"
"627","76.62069","MobileMedia2"
"628","80.540919","MobileMedia2"
"629","79.616761","MobileMedia2"
"630","81.263994","MobileMedia2"
"631","74.222969","MobileMedia2"
"632","84.840029","MobileMedia2"
"633","89.299452","MobileMedia2"
"634","78.388329","MobileMedia2"
"635","86.305819","MobileMedia2"
"636","80.004038","MobileMedia2"
"637","83.826962","MobileMedia2"
"638","78.686529","MobileMedia2"
"639","76.430296","MobileMedia2"
"640","73.587489","MobileMedia2"
"641","80.726138","MobileMedia2"
"642","76.944844","MobileMedia2"
"643","80.569419","MobileMedia2"
"644","81.934423","MobileMedia2"
"645","77.138294","MobileMedia2"
"646","79.618615","MobileMedia2"
"647","77.761286","MobileMedia2"
"648","87.358288","MobileMedia2"
"649","84.578044","MobileMedia2"
"650","74.897236","MobileMedia2"
"651","85.24974","MobileMedia2"
"652","79.501538","MobileMedia2"
"653","78.856732","MobileMedia2"
"654","80.538911","MobileMedia2"
"655","78.674305","MobileMedia2"
"656","93.92399","MobileMedia2"
"657","74.016369","MobileMedia2"
"658","77.071539","MobileMedia2"
"659","81.015634","MobileMedia2"
"660","78.993205","MobileMedia2"
"661","79.917081","MobileMedia2"
"662","70.721914","MobileMedia2"
"663","78.764683","MobileMedia2"
"664","106.153648","MobileMedia2"
"665","77.197346","MobileMedia2"
"666","82.306845","MobileMedia2"
"667","80.033409","MobileMedia2"
"668","79.407768","MobileMedia2"
"669","78.494761","MobileMedia2"
"670","76.282114","MobileMedia2"
"671","84.293645","MobileMedia2"
"672","72.874581","MobileMedia2"
"673","76.52609","MobileMedia2"
"674","76.325636","MobileMedia2"
"675","84.71185","MobileMedia2"
"676","83.549637","MobileMedia2"
"677","76.67939","MobileMedia2"
"678","86.238513","MobileMedia2"
"679","78.136882","MobileMedia2"
"680","79.795577","MobileMedia2"
"681","79.441186","MobileMedia2"
"682","76.673687","MobileMedia2"
"683","79.786973","MobileMedia2"
"684","76.968844","MobileMedia2"
"685","89.081553","MobileMedia2"
"686","79.176369","MobileMedia2"
"687","88.413432","MobileMedia2"
"688","76.458343","MobileMedia2"
"689","84.705065","MobileMedia2"
"690","80.689333","MobileMedia2"
"691","76.588168","MobileMedia2"
"692","80.153167","MobileMedia2"
"693","81.661525","MobileMedia2"
"694","75.225565","MobileMedia2"
"695","78.96164","MobileMedia2"
"696","76.890915","MobileMedia2"
"697","79.378418","MobileMedia2"
"698","91.472125","MobileMedia2"
"699","72.045138","MobileMedia2"
"700","72.070014","MobileMedia2"
"701","71.307953","MobileGuide"
"702","76.927014","MobileGuide"
"703","80.992264","MobileGuide"
"704","183.155075","MobileGuide"
"705","78.954683","MobileGuide"
"706","73.76846","MobileGuide"
"707","82.212396","MobileGuide"
"708","71.541304","MobileGuide"
"709","94.982767","MobileGuide"
"710","79.137343","MobileGuide"
"711","85.308581","MobileGuide"
"712","81.535365","MobileGuide"
"713","78.795466","MobileGuide"
"714","70.106716","MobileGuide"
"715","81.501337","MobileGuide"
"716","76.36547","MobileGuide"
"717","75.158485","MobileGuide"
"718","1099.65437","MobileGuide"
"719","84.93684","MobileGuide"
"720","77.384657","MobileGuide"
"721","77.809603","MobileGuide"
"722","80.897181","MobileGuide"
"723","75.465189","MobileGuide"
"724","78.911451","MobileGuide"
"725","83.629719","MobileGuide"
"726","97.222857","MobileGuide"
"727","133.297699","MobileGuide"
"728","74.104255","MobileGuide"
"729","156.179513","MobileGuide"
"730","74.066709","MobileGuide"
"731","80.959526","MobileGuide"
"732","75.249342","MobileGuide"
"733","106.68115","MobileGuide"
"734","75.932562","MobileGuide"
"735","75.059307","MobileGuide"
"736","79.174533","MobileGuide"
"737","73.450693","MobileGuide"
"738","82.378394","MobileGuide"
"739","84.62057","MobileGuide"
"740","76.644941","MobileGuide"
"741","83.893921","MobileGuide"
"742","75.956593","MobileGuide"
"743","89.376166","MobileGuide"
"744","75.486131","MobileGuide"
"745","81.147621","MobileGuide"
"746","78.743045","MobileGuide"
"747","74.189334","MobileGuide"
"748","78.538916","MobileGuide"
"749","93.902621","MobileGuide"
"750","77.362204","MobileGuide"
"751","80.628115","MobileGuide"
"752","75.345531","MobileGuide"
"753","76.517058","MobileGuide"
"754","73.403427","MobileGuide"
"755","93.998246","MobileGuide"
"756","85.20252","MobileGuide"
"757","88.887846","MobileGuide"
"758","75.563055","MobileGuide"
"759","85.593978","MobileGuide"
"760","78.634409","MobileGuide"
"761","76.577865","MobileGuide"
"762","81.926052","MobileGuide"
"763","74.180191","MobileGuide"
"764","74.339691","MobileGuide"
"765","80.980336","MobileGuide"
"766","81.443223","MobileGuide"
"767","82.446942","MobileGuide"
"768","76.976329","MobileGuide"
"769","88.329023","MobileGuide"
"770","90.920297","MobileGuide"
"771","75.614879","MobileGuide"
"772","73.501277","MobileGuide"
"773","78.584916","MobileGuide"
"774","90.487503","MobileGuide"
"775","79.51087","MobileGuide"
"776","76.313222","MobileGuide"
"777","80.520864","MobileGuide"
"778","78.490321","MobileGuide"
"779","105.265698","MobileGuide"
"780","81.85717","MobileGuide"
"781","73.407663","MobileGuide"
"782","76.745606","MobileGuide"
"783","76.898136","MobileGuide"
"784","76.666803","MobileGuide"
"785","73.793832","MobileGuide"
"786","85.595388","MobileGuide"
"787","86.706622","MobileGuide"
"788","74.982574","MobileGuide"
"789","87.073849","MobileGuide"
"790","80.807322","MobileGuide"
"791","76.371483","MobileGuide"
"792","79.118765","MobileGuide"
"793","78.75713","MobileGuide"
"794","154.167886","MobileGuide"
"795","85.007578","MobileGuide"
"796","80.09367","MobileGuide"
"797","142.200242","MobileGuide"
"798","76.091275","MobileGuide"
"799","78.202467","MobileGuide"
"800","86.225761","MobileGuide"
"801","261.30921","SPLOT-3CNF-FM-500-50-1.00-SAT-1"
"802","211.344508","SPLOT-3CNF-FM-500-50-1.00-SAT-1"
"803","224.281999","SPLOT-3CNF-FM-500-50-1.00-SAT-1"
"804","273.827597","SPLOT-3CNF-FM-500-50-1.00-SAT-1"
"805","225.084382","SPLOT-3CNF-FM-500-50-1.00-SAT-1"
"806","237.11713","SPLOT-3CNF-FM-500-50-1.00-SAT-1"
"807","257.013042","SPLOT-3CNF-FM-500-50-1.00-SAT-1"
"808","221.706219","SPLOT-3CNF-FM-500-50-1.00-SAT-1"
"809","270.072803","SPLOT-3CNF-FM-500-50-1.00-SAT-1"
"810","237.912627","SPLOT-3CNF-FM-500-50-1.00-SAT-1"
"811","270.487358","SPLOT-3CNF-FM-500-50-1.00-SAT-1"
"812","251.034682","SPLOT-3CNF-FM-500-50-1.00-SAT-1"
"813","253.23062","SPLOT-3CNF-FM-500-50-1.00-SAT-1"
"814","225.947499","SPLOT-3CNF-FM-500-50-1.00-SAT-1"
"815","289.678466","SPLOT-3CNF-FM-500-50-1.00-SAT-1"
"816","262.813826","SPLOT-3CNF-FM-500-50-1.00-SAT-1"
"817","276.212473","SPLOT-3CNF-FM-500-50-1.00-SAT-1"
"818","265.344893","SPLOT-3CNF-FM-500-50-1.00-SAT-1"
"819","228.319616","SPLOT-3CNF-FM-500-50-1.00-SAT-1"
"820","305.518873","SPLOT-3CNF-FM-500-50-1.00-SAT-1"
"821","178.834795","SPLOT-3CNF-FM-500-50-1.00-SAT-1"
"822","294.874264","SPLOT-3CNF-FM-500-50-1.00-SAT-1"
"823","250.875675","SPLOT-3CNF-FM-500-50-1.00-SAT-1"
"824","307.954969","SPLOT-3CNF-FM-500-50-1.00-SAT-1"
"825","243.370823","SPLOT-3CNF-FM-500-50-1.00-SAT-1"
"826","268.415388","SPLOT-3CNF-FM-500-50-1.00-SAT-1"
"827","281.085021","SPLOT-3CNF-FM-500-50-1.00-SAT-1"
"828","238.282741","SPLOT-3CNF-FM-500-50-1.00-SAT-1"
"829","261.862019","SPLOT-3CNF-FM-500-50-1.00-SAT-1"
"830","249.13825","SPLOT-3CNF-FM-500-50-1.00-SAT-1"
"831","258.550867","SPLOT-3CNF-FM-500-50-1.00-SAT-1"
"832","237.264278","SPLOT-3CNF-FM-500-50-1.00-SAT-1"
"833","269.404625","SPLOT-3CNF-FM-500-50-1.00-SAT-1"
"834","223.677309","SPLOT-3CNF-FM-500-50-1.00-SAT-1"
"835","220.650057","SPLOT-3CNF-FM-500-50-1.00-SAT-1"
"836","249.780177","SPLOT-3CNF-FM-500-50-1.00-SAT-1"
"837","295.337873","SPLOT-3CNF-FM-500-50-1.00-SAT-1"
"838","232.800252","SPLOT-3CNF-FM-500-50-1.00-SAT-1"
"839","265.800556","SPLOT-3CNF-FM-500-50-1.00-SAT-1"
"840","188.496339","SPLOT-3CNF-FM-500-50-1.00-SAT-1"
"841","218.948072","SPLOT-3CNF-FM-500-50-1.00-SAT-1"
"842","258.343948","SPLOT-3CNF-FM-500-50-1.00-SAT-1"
"843","283.982072","SPLOT-3CNF-FM-500-50-1.00-SAT-1"
"844","258.809831","SPLOT-3CNF-FM-500-50-1.00-SAT-1"
"845","234.668157","SPLOT-3CNF-FM-500-50-1.00-SAT-1"
"846","251.209661","SPLOT-3CNF-FM-500-50-1.00-SAT-1"
"847","293.341718","SPLOT-3CNF-FM-500-50-1.00-SAT-1"
"848","221.192471","SPLOT-3CNF-FM-500-50-1.00-SAT-1"
"849","331.877794","SPLOT-3CNF-FM-500-50-1.00-SAT-1"
"850","263.693838","SPLOT-3CNF-FM-500-50-1.00-SAT-1"
"851","262.618896","SPLOT-3CNF-FM-500-50-1.00-SAT-1"
"852","246.512459","SPLOT-3CNF-FM-500-50-1.00-SAT-1"
"853","303.704057","SPLOT-3CNF-FM-500-50-1.00-SAT-1"
"854","260.323691","SPLOT-3CNF-FM-500-50-1.00-SAT-1"
"855","276.755908","SPLOT-3CNF-FM-500-50-1.00-SAT-1"
"856","229.468261","SPLOT-3CNF-FM-500-50-1.00-SAT-1"
"857","314.880921","SPLOT-3CNF-FM-500-50-1.00-SAT-1"
"858","215.473086","SPLOT-3CNF-FM-500-50-1.00-SAT-1"
"859","276.596543","SPLOT-3CNF-FM-500-50-1.00-SAT-1"
"860","207.355028","SPLOT-3CNF-FM-500-50-1.00-SAT-1"
"861","308.035379","SPLOT-3CNF-FM-500-50-1.00-SAT-1"
"862","245.604589","SPLOT-3CNF-FM-500-50-1.00-SAT-1"
"863","227.022907","SPLOT-3CNF-FM-500-50-1.00-SAT-1"
"864","254.756864","SPLOT-3CNF-FM-500-50-1.00-SAT-1"
"865","231.312389","SPLOT-3CNF-FM-500-50-1.00-SAT-1"
"866","331.093478","SPLOT-3CNF-FM-500-50-1.00-SAT-1"
"867","222.20856","SPLOT-3CNF-FM-500-50-1.00-SAT-1"
"868","225.34758","SPLOT-3CNF-FM-500-50-1.00-SAT-1"
"869","302.386453","SPLOT-3CNF-FM-500-50-1.00-SAT-1"
"870","307.731564","SPLOT-3CNF-FM-500-50-1.00-SAT-1"
"871","296.381083","SPLOT-3CNF-FM-500-50-1.00-SAT-1"
"872","231.195054","SPLOT-3CNF-FM-500-50-1.00-SAT-1"
"873","639.9118","SPLOT-3CNF-FM-500-50-1.00-SAT-1"
"874","251.672391","SPLOT-3CNF-FM-500-50-1.00-SAT-1"
"875","278.445056","SPLOT-3CNF-FM-500-50-1.00-SAT-1"
"876","271.248172","SPLOT-3CNF-FM-500-50-1.00-SAT-1"
"877","303.997947","SPLOT-3CNF-FM-500-50-1.00-SAT-1"
"878","289.876207","SPLOT-3CNF-FM-500-50-1.00-SAT-1"
"879","272.781641","SPLOT-3CNF-FM-500-50-1.00-SAT-1"
"880","250.940963","SPLOT-3CNF-FM-500-50-1.00-SAT-1"
"881","235.237331","SPLOT-3CNF-FM-500-50-1.00-SAT-1"
"882","281.193916","SPLOT-3CNF-FM-500-50-1.00-SAT-1"
"883","277.959014","SPLOT-3CNF-FM-500-50-1.00-SAT-1"
"884","245.710654","SPLOT-3CNF-FM-500-50-1.00-SAT-1"
"885","219.645624","SPLOT-3CNF-FM-500-50-1.00-SAT-1"
"886","239.099662","SPLOT-3CNF-FM-500-50-1.00-SAT-1"
"887","224.832205","SPLOT-3CNF-FM-500-50-1.00-SAT-1"
"888","298.915278","SPLOT-3CNF-FM-500-50-1.00-SAT-1"
"889","258.915583","SPLOT-3CNF-FM-500-50-1.00-SAT-1"
"890","219.074973","SPLOT-3CNF-FM-500-50-1.00-SAT-1"
"891","254.911819","SPLOT-3CNF-FM-500-50-1.00-SAT-1"
"892","273.743609","SPLOT-3CNF-FM-500-50-1.00-SAT-1"
"893","302.944342","SPLOT-3CNF-FM-500-50-1.00-SAT-1"
"894","270.727637","SPLOT-3CNF-FM-500-50-1.00-SAT-1"
"895","274.800699","SPLOT-3CNF-FM-500-50-1.00-SAT-1"
"896","320.814838","SPLOT-3CNF-FM-500-50-1.00-SAT-1"
"897","307.573726","SPLOT-3CNF-FM-500-50-1.00-SAT-1"
"898","302.460982","SPLOT-3CNF-FM-500-50-1.00-SAT-1"
"899","214.823017","SPLOT-3CNF-FM-500-50-1.00-SAT-1"
"900","233.273376","SPLOT-3CNF-FM-500-50-1.00-SAT-1"
