"","TIME","ALTERNATIVE"
"1","625.422684","x264ProductLine"
"2","84.378676","x264ProductLine"
"3","81.512924","x264ProductLine"
"4","78.857941","x264ProductLine"
"5","69.934248","x264ProductLine"
"6","92.554874","x264ProductLine"
"7","86.406426","x264ProductLine"
"8","94.514459","x264ProductLine"
"9","69.657525","x264ProductLine"
"10","71.231336","x264ProductLine"
"11","122.881101","x264ProductLine"
"12","85.314343","x264ProductLine"
"13","93.224351","x264ProductLine"
"14","84.609803","x264ProductLine"
"15","71.556921","x264ProductLine"
"16","75.357469","x264ProductLine"
"17","183.132437","x264ProductLine"
"18","89.945324","x264ProductLine"
"19","88.933823","x264ProductLine"
"20","73.210791","x264ProductLine"
"21","87.029856","x264ProductLine"
"22","85.530217","x264ProductLine"
"23","221.792702","x264ProductLine"
"24","76.773394","x264ProductLine"
"25","86.325899","x264ProductLine"
"26","76.086093","x264ProductLine"
"27","81.25203","x264ProductLine"
"28","80.643249","x264ProductLine"
"29","83.330097","x264ProductLine"
"30","99.224524","x264ProductLine"
"31","73.031607","x264ProductLine"
"32","86.780296","x264ProductLine"
"33","95.326584","x264ProductLine"
"34","86.95083","x264ProductLine"
"35","75.169339","x264ProductLine"
"36","82.328683","x264ProductLine"
"37","88.271309","x264ProductLine"
"38","76.784538","x264ProductLine"
"39","79.340717","x264ProductLine"
"40","95.544708","x264ProductLine"
"41","96.466888","x264ProductLine"
"42","5110.714334","x264ProductLine"
"43","89.725585","x264ProductLine"
"44","93.602783","x264ProductLine"
"45","85.216691","x264ProductLine"
"46","86.066139","x264ProductLine"
"47","92.747094","x264ProductLine"
"48","91.354095","x264ProductLine"
"49","96.54466","x264ProductLine"
"50","83.034445","x264ProductLine"
"51","72.196246","x264ProductLine"
"52","106.332843","x264ProductLine"
"53","92.958769","x264ProductLine"
"54","84.185602","x264ProductLine"
"55","84.665143","x264ProductLine"
"56","92.728626","x264ProductLine"
"57","91.166599","x264ProductLine"
"58","84.33611","x264ProductLine"
"59","613.882601","x264ProductLine"
"60","83.826265","x264ProductLine"
"61","67.780542","x264ProductLine"
"62","133.970525","x264ProductLine"
"63","80.388445","x264ProductLine"
"64","82.637519","x264ProductLine"
"65","80.086045","x264ProductLine"
"66","81.308196","x264ProductLine"
"67","95.650414","x264ProductLine"
"68","114.1909","x264ProductLine"
"69","81.257119","x264ProductLine"
"70","69.733979","x264ProductLine"
"71","87.531103","x264ProductLine"
"72","76.946591","x264ProductLine"
"73","77.965184","x264ProductLine"
"74","90.857415","x264ProductLine"
"75","84.387856","x264ProductLine"
"76","75.361422","x264ProductLine"
"77","86.601852","x264ProductLine"
"78","75.978602","x264ProductLine"
"79","74.415494","x264ProductLine"
"80","94.332526","x264ProductLine"
"81","70.065099","x264ProductLine"
"82","76.005175","x264ProductLine"
"83","78.980927","x264ProductLine"
"84","95.009528","x264ProductLine"
"85","84.227354","x264ProductLine"
"86","76.353978","x264ProductLine"
"87","79.488232","x264ProductLine"
"88","85.997052","x264ProductLine"
"89","86.1648","x264ProductLine"
"90","86.450208","x264ProductLine"
"91","80.397183","x264ProductLine"
"92","87.121431","x264ProductLine"
"93","83.564961","x264ProductLine"
"94","73.182642","x264ProductLine"
"95","83.443918","x264ProductLine"
"96","86.908981","x264ProductLine"
"97","91.909771","x264ProductLine"
"98","74.813011","x264ProductLine"
"99","86.944446","x264ProductLine"
"100","79.522587","x264ProductLine"
"101","92.846462","WgetProductLine"
"102","181.225102","WgetProductLine"
"103","70.670867","WgetProductLine"
"104","70.455512","WgetProductLine"
"105","120.807468","WgetProductLine"
"106","66.02875","WgetProductLine"
"107","71.266095","WgetProductLine"
"108","374.841649","WgetProductLine"
"109","66.570188","WgetProductLine"
"110","166.205247","WgetProductLine"
"111","75.599906","WgetProductLine"
"112","81.832299","WgetProductLine"
"113","86.696453","WgetProductLine"
"114","68.969458","WgetProductLine"
"115","73.853176","WgetProductLine"
"116","64.791438","WgetProductLine"
"117","288.694062","WgetProductLine"
"118","73.954379","WgetProductLine"
"119","70.0553","WgetProductLine"
"120","73.605631","WgetProductLine"
"121","79.667048","WgetProductLine"
"122","85.337766","WgetProductLine"
"123","357.518975","WgetProductLine"
"124","84.025065","WgetProductLine"
"125","80.982809","WgetProductLine"
"126","79.283397","WgetProductLine"
"127","66.191066","WgetProductLine"
"128","160.782614","WgetProductLine"
"129","90.597627","WgetProductLine"
"130","78.769957","WgetProductLine"
"131","97.269764","WgetProductLine"
"132","64.295444","WgetProductLine"
"133","80.981676","WgetProductLine"
"134","71.224882","WgetProductLine"
"135","71.50486","WgetProductLine"
"136","70.024523","WgetProductLine"
"137","72.12816","WgetProductLine"
"138","65.091787","WgetProductLine"
"139","110.978722","WgetProductLine"
"140","188.410519","WgetProductLine"
"141","84.311361","WgetProductLine"
"142","82.77801","WgetProductLine"
"143","77.580846","WgetProductLine"
"144","117.294706","WgetProductLine"
"145","81.685701","WgetProductLine"
"146","79.763806","WgetProductLine"
"147","71.01363","WgetProductLine"
"148","77.369904","WgetProductLine"
"149","71.316656","WgetProductLine"
"150","75.974414","WgetProductLine"
"151","127.619158","WgetProductLine"
"152","77.885466","WgetProductLine"
"153","71.17474","WgetProductLine"
"154","73.386704","WgetProductLine"
"155","142.012747","WgetProductLine"
"156","71.456284","WgetProductLine"
"157","85.083709","WgetProductLine"
"158","72.935465","WgetProductLine"
"159","68.26523","WgetProductLine"
"160","172.155168","WgetProductLine"
"161","107.989162","WgetProductLine"
"162","77.707316","WgetProductLine"
"163","336.95025","WgetProductLine"
"164","65.061086","WgetProductLine"
"165","185.765882","WgetProductLine"
"166","65.483737","WgetProductLine"
"167","93.887071","WgetProductLine"
"168","69.716924","WgetProductLine"
"169","84.179928","WgetProductLine"
"170","158.568231","WgetProductLine"
"171","155.089154","WgetProductLine"
"172","180.229315","WgetProductLine"
"173","70.790522","WgetProductLine"
"174","119.180233","WgetProductLine"
"175","71.414851","WgetProductLine"
"176","67.178187","WgetProductLine"
"177","473.46836","WgetProductLine"
"178","69.723912","WgetProductLine"
"179","111.749856","WgetProductLine"
"180","69.657337","WgetProductLine"
"181","71.638162","WgetProductLine"
"182","97.88574","WgetProductLine"
"183","69.747752","WgetProductLine"
"184","192.377001","WgetProductLine"
"185","68.70599","WgetProductLine"
"186","71.261395","WgetProductLine"
"187","83.219191","WgetProductLine"
"188","112.467128","WgetProductLine"
"189","67.485062","WgetProductLine"
"190","75.442061","WgetProductLine"
"191","186.435922","WgetProductLine"
"192","69.868356","WgetProductLine"
"193","136.354808","WgetProductLine"
"194","71.184439","WgetProductLine"
"195","169.063728","WgetProductLine"
"196","73.276767","WgetProductLine"
"197","82.773268","WgetProductLine"
"198","80.558107","WgetProductLine"
"199","67.436386","WgetProductLine"
"200","73.853366","WgetProductLine"
"201","80.008252","BerkeleyDBMemoryversionProductLine"
"202","67.86865","BerkeleyDBMemoryversionProductLine"
"203","68.382072","BerkeleyDBMemoryversionProductLine"
"204","67.788393","BerkeleyDBMemoryversionProductLine"
"205","67.187606","BerkeleyDBMemoryversionProductLine"
"206","67.327436","BerkeleyDBMemoryversionProductLine"
"207","67.873077","BerkeleyDBMemoryversionProductLine"
"208","111.270056","BerkeleyDBMemoryversionProductLine"
"209","73.314986","BerkeleyDBMemoryversionProductLine"
"210","176.73144","BerkeleyDBMemoryversionProductLine"
"211","74.887027","BerkeleyDBMemoryversionProductLine"
"212","68.628987","BerkeleyDBMemoryversionProductLine"
"213","71.614136","BerkeleyDBMemoryversionProductLine"
"214","75.345943","BerkeleyDBMemoryversionProductLine"
"215","69.458074","BerkeleyDBMemoryversionProductLine"
"216","69.195431","BerkeleyDBMemoryversionProductLine"
"217","231.004425","BerkeleyDBMemoryversionProductLine"
"218","68.933253","BerkeleyDBMemoryversionProductLine"
"219","66.701253","BerkeleyDBMemoryversionProductLine"
"220","71.755185","BerkeleyDBMemoryversionProductLine"
"221","69.896169","BerkeleyDBMemoryversionProductLine"
"222","71.995704","BerkeleyDBMemoryversionProductLine"
"223","130.735526","BerkeleyDBMemoryversionProductLine"
"224","70.06694","BerkeleyDBMemoryversionProductLine"
"225","71.620698","BerkeleyDBMemoryversionProductLine"
"226","69.332677","BerkeleyDBMemoryversionProductLine"
"227","67.859499","BerkeleyDBMemoryversionProductLine"
"228","73.142302","BerkeleyDBMemoryversionProductLine"
"229","64.645216","BerkeleyDBMemoryversionProductLine"
"230","77.066375","BerkeleyDBMemoryversionProductLine"
"231","69.01244","BerkeleyDBMemoryversionProductLine"
"232","67.046051","BerkeleyDBMemoryversionProductLine"
"233","66.566411","BerkeleyDBMemoryversionProductLine"
"234","68.036276","BerkeleyDBMemoryversionProductLine"
"235","66.426948","BerkeleyDBMemoryversionProductLine"
"236","106.096294","BerkeleyDBMemoryversionProductLine"
"237","74.139001","BerkeleyDBMemoryversionProductLine"
"238","68.320007","BerkeleyDBMemoryversionProductLine"
"239","67.136009","BerkeleyDBMemoryversionProductLine"
"240","64.391923","BerkeleyDBMemoryversionProductLine"
"241","69.252573","BerkeleyDBMemoryversionProductLine"
"242","69.560197","BerkeleyDBMemoryversionProductLine"
"243","68.701754","BerkeleyDBMemoryversionProductLine"
"244","69.423292","BerkeleyDBMemoryversionProductLine"
"245","68.003286","BerkeleyDBMemoryversionProductLine"
"246","74.552213","BerkeleyDBMemoryversionProductLine"
"247","76.918294","BerkeleyDBMemoryversionProductLine"
"248","67.380687","BerkeleyDBMemoryversionProductLine"
"249","70.333739","BerkeleyDBMemoryversionProductLine"
"250","69.179868","BerkeleyDBMemoryversionProductLine"
"251","66.798442","BerkeleyDBMemoryversionProductLine"
"252","67.100829","BerkeleyDBMemoryversionProductLine"
"253","69.256097","BerkeleyDBMemoryversionProductLine"
"254","72.914662","BerkeleyDBMemoryversionProductLine"
"255","67.912265","BerkeleyDBMemoryversionProductLine"
"256","68.391964","BerkeleyDBMemoryversionProductLine"
"257","69.161312","BerkeleyDBMemoryversionProductLine"
"258","76.224319","BerkeleyDBMemoryversionProductLine"
"259","71.667257","BerkeleyDBMemoryversionProductLine"
"260","68.673363","BerkeleyDBMemoryversionProductLine"
"261","69.003103","BerkeleyDBMemoryversionProductLine"
"262","67.381412","BerkeleyDBMemoryversionProductLine"
"263","68.999642","BerkeleyDBMemoryversionProductLine"
"264","66.34353","BerkeleyDBMemoryversionProductLine"
"265","74.539721","BerkeleyDBMemoryversionProductLine"
"266","73.00441","BerkeleyDBMemoryversionProductLine"
"267","70.552283","BerkeleyDBMemoryversionProductLine"
"268","68.481136","BerkeleyDBMemoryversionProductLine"
"269","68.382839","BerkeleyDBMemoryversionProductLine"
"270","71.5835","BerkeleyDBMemoryversionProductLine"
"271","72.588954","BerkeleyDBMemoryversionProductLine"
"272","73.855686","BerkeleyDBMemoryversionProductLine"
"273","66.708293","BerkeleyDBMemoryversionProductLine"
"274","70.778955","BerkeleyDBMemoryversionProductLine"
"275","67.959988","BerkeleyDBMemoryversionProductLine"
"276","79.21752","BerkeleyDBMemoryversionProductLine"
"277","909.64071","BerkeleyDBMemoryversionProductLine"
"278","68.997247","BerkeleyDBMemoryversionProductLine"
"279","68.77721","BerkeleyDBMemoryversionProductLine"
"280","70.134404","BerkeleyDBMemoryversionProductLine"
"281","69.576018","BerkeleyDBMemoryversionProductLine"
"282","68.739131","BerkeleyDBMemoryversionProductLine"
"283","70.017826","BerkeleyDBMemoryversionProductLine"
"284","69.236377","BerkeleyDBMemoryversionProductLine"
"285","79.765645","BerkeleyDBMemoryversionProductLine"
"286","71.68985","BerkeleyDBMemoryversionProductLine"
"287","83.579388","BerkeleyDBMemoryversionProductLine"
"288","67.47718","BerkeleyDBMemoryversionProductLine"
"289","73.485972","BerkeleyDBMemoryversionProductLine"
"290","79.09312","BerkeleyDBMemoryversionProductLine"
"291","66.639705","BerkeleyDBMemoryversionProductLine"
"292","65.543261","BerkeleyDBMemoryversionProductLine"
"293","70.751538","BerkeleyDBMemoryversionProductLine"
"294","66.204399","BerkeleyDBMemoryversionProductLine"
"295","70.982352","BerkeleyDBMemoryversionProductLine"
"296","83.619148","BerkeleyDBMemoryversionProductLine"
"297","67.646214","BerkeleyDBMemoryversionProductLine"
"298","66.089787","BerkeleyDBMemoryversionProductLine"
"299","71.451498","BerkeleyDBMemoryversionProductLine"
"300","67.085303","BerkeleyDBMemoryversionProductLine"
"301","168.979228","SensorNetworkProductLine"
"302","307.680678","SensorNetworkProductLine"
"303","70.226227","SensorNetworkProductLine"
"304","77.919455","SensorNetworkProductLine"
"305","84.811583","SensorNetworkProductLine"
"306","121.836558","SensorNetworkProductLine"
"307","159.65524","SensorNetworkProductLine"
"308","174.478314","SensorNetworkProductLine"
"309","131.65154","SensorNetworkProductLine"
"310","141.087557","SensorNetworkProductLine"
"311","113.17447","SensorNetworkProductLine"
"312","79.965434","SensorNetworkProductLine"
"313","73.964297","SensorNetworkProductLine"
"314","101.385964","SensorNetworkProductLine"
"315","154.371054","SensorNetworkProductLine"
"316","80.665873","SensorNetworkProductLine"
"317","80.581651","SensorNetworkProductLine"
"318","73.021427","SensorNetworkProductLine"
"319","76.612417","SensorNetworkProductLine"
"320","81.407152","SensorNetworkProductLine"
"321","71.439686","SensorNetworkProductLine"
"322","115.2423","SensorNetworkProductLine"
"323","199.280951","SensorNetworkProductLine"
"324","71.774149","SensorNetworkProductLine"
"325","101.018614","SensorNetworkProductLine"
"326","171.372325","SensorNetworkProductLine"
"327","73.466802","SensorNetworkProductLine"
"328","190.545081","SensorNetworkProductLine"
"329","208.440162","SensorNetworkProductLine"
"330","163.543236","SensorNetworkProductLine"
"331","118.54192","SensorNetworkProductLine"
"332","73.04987","SensorNetworkProductLine"
"333","167.294905","SensorNetworkProductLine"
"334","170.667601","SensorNetworkProductLine"
"335","72.932647","SensorNetworkProductLine"
"336","139.083194","SensorNetworkProductLine"
"337","71.681148","SensorNetworkProductLine"
"338","81.627088","SensorNetworkProductLine"
"339","75.06383","SensorNetworkProductLine"
"340","67.912995","SensorNetworkProductLine"
"341","132.683589","SensorNetworkProductLine"
"342","71.392265","SensorNetworkProductLine"
"343","68.943712","SensorNetworkProductLine"
"344","103.105096","SensorNetworkProductLine"
"345","75.226991","SensorNetworkProductLine"
"346","73.340615","SensorNetworkProductLine"
"347","70.841117","SensorNetworkProductLine"
"348","80.928967","SensorNetworkProductLine"
"349","187.303551","SensorNetworkProductLine"
"350","79.615753","SensorNetworkProductLine"
"351","87.951983","SensorNetworkProductLine"
"352","137.901798","SensorNetworkProductLine"
"353","244.854462","SensorNetworkProductLine"
"354","122.818451","SensorNetworkProductLine"
"355","107.002603","SensorNetworkProductLine"
"356","67.624581","SensorNetworkProductLine"
"357","67.551463","SensorNetworkProductLine"
"358","175.259209","SensorNetworkProductLine"
"359","159.42834","SensorNetworkProductLine"
"360","72.289212","SensorNetworkProductLine"
"361","71.369393","SensorNetworkProductLine"
"362","74.838242","SensorNetworkProductLine"
"363","75.180433","SensorNetworkProductLine"
"364","69.330991","SensorNetworkProductLine"
"365","106.567239","SensorNetworkProductLine"
"366","169.475796","SensorNetworkProductLine"
"367","188.019771","SensorNetworkProductLine"
"368","151.622885","SensorNetworkProductLine"
"369","74.454205","SensorNetworkProductLine"
"370","151.123215","SensorNetworkProductLine"
"371","73.848659","SensorNetworkProductLine"
"372","79.1986","SensorNetworkProductLine"
"373","73.210526","SensorNetworkProductLine"
"374","97.66347","SensorNetworkProductLine"
"375","176.533433","SensorNetworkProductLine"
"376","175.747642","SensorNetworkProductLine"
"377","417.997285","SensorNetworkProductLine"
"378","69.457086","SensorNetworkProductLine"
"379","129.101041","SensorNetworkProductLine"
"380","141.714683","SensorNetworkProductLine"
"381","69.567279","SensorNetworkProductLine"
"382","79.275036","SensorNetworkProductLine"
"383","71.697796","SensorNetworkProductLine"
"384","74.840362","SensorNetworkProductLine"
"385","152.068511","SensorNetworkProductLine"
"386","173.941242","SensorNetworkProductLine"
"387","211.293945","SensorNetworkProductLine"
"388","115.347182","SensorNetworkProductLine"
"389","69.802099","SensorNetworkProductLine"
"390","137.00195","SensorNetworkProductLine"
"391","119.835576","SensorNetworkProductLine"
"392","70.462243","SensorNetworkProductLine"
"393","70.495675","SensorNetworkProductLine"
"394","75.995631","SensorNetworkProductLine"
"395","122.779491","SensorNetworkProductLine"
"396","184.241186","SensorNetworkProductLine"
"397","176.010488","SensorNetworkProductLine"
"398","70.748047","SensorNetworkProductLine"
"399","186.019053","SensorNetworkProductLine"
"400","80.253722","SensorNetworkProductLine"
"401","90.347819","StrategyMobileGame"
"402","76.255285","StrategyMobileGame"
"403","110.230839","StrategyMobileGame"
"404","78.60761","StrategyMobileGame"
"405","72.259982","StrategyMobileGame"
"406","148.028466","StrategyMobileGame"
"407","80.30495","StrategyMobileGame"
"408","75.28181","StrategyMobileGame"
"409","221.165551","StrategyMobileGame"
"410","74.637985","StrategyMobileGame"
"411","69.427624","StrategyMobileGame"
"412","74.223185","StrategyMobileGame"
"413","90.527818","StrategyMobileGame"
"414","142.694892","StrategyMobileGame"
"415","72.41297","StrategyMobileGame"
"416","78.523957","StrategyMobileGame"
"417","72.656332","StrategyMobileGame"
"418","83.760226","StrategyMobileGame"
"419","78.356706","StrategyMobileGame"
"420","73.778961","StrategyMobileGame"
"421","80.368646","StrategyMobileGame"
"422","130.949746","StrategyMobileGame"
"423","83.507318","StrategyMobileGame"
"424","72.219871","StrategyMobileGame"
"425","84.14102","StrategyMobileGame"
"426","75.521374","StrategyMobileGame"
"427","76.481425","StrategyMobileGame"
"428","73.632087","StrategyMobileGame"
"429","74.237263","StrategyMobileGame"
"430","74.610742","StrategyMobileGame"
"431","93.316017","StrategyMobileGame"
"432","190.370915","StrategyMobileGame"
"433","79.183437","StrategyMobileGame"
"434","70.842654","StrategyMobileGame"
"435","79.715081","StrategyMobileGame"
"436","77.467276","StrategyMobileGame"
"437","70.665504","StrategyMobileGame"
"438","148.65169","StrategyMobileGame"
"439","73.101769","StrategyMobileGame"
"440","74.998486","StrategyMobileGame"
"441","73.315597","StrategyMobileGame"
"442","69.550823","StrategyMobileGame"
"443","67.942578","StrategyMobileGame"
"444","73.37341","StrategyMobileGame"
"445","71.137696","StrategyMobileGame"
"446","72.156117","StrategyMobileGame"
"447","164.323587","StrategyMobileGame"
"448","186.352175","StrategyMobileGame"
"449","83.397601","StrategyMobileGame"
"450","125.730439","StrategyMobileGame"
"451","176.873203","StrategyMobileGame"
"452","82.551943","StrategyMobileGame"
"453","87.964777","StrategyMobileGame"
"454","86.708966","StrategyMobileGame"
"455","74.123691","StrategyMobileGame"
"456","72.493388","StrategyMobileGame"
"457","70.202153","StrategyMobileGame"
"458","68.99951","StrategyMobileGame"
"459","70.736582","StrategyMobileGame"
"460","83.267966","StrategyMobileGame"
"461","73.408694","StrategyMobileGame"
"462","78.467307","StrategyMobileGame"
"463","185.390354","StrategyMobileGame"
"464","74.934807","StrategyMobileGame"
"465","71.238544","StrategyMobileGame"
"466","73.910592","StrategyMobileGame"
"467","76.312734","StrategyMobileGame"
"468","74.50611","StrategyMobileGame"
"469","70.359243","StrategyMobileGame"
"470","82.533673","StrategyMobileGame"
"471","80.154785","StrategyMobileGame"
"472","156.363625","StrategyMobileGame"
"473","73.637956","StrategyMobileGame"
"474","70.077992","StrategyMobileGame"
"475","78.092095","StrategyMobileGame"
"476","183.197997","StrategyMobileGame"
"477","413.692129","StrategyMobileGame"
"478","81.354523","StrategyMobileGame"
"479","70.718812","StrategyMobileGame"
"480","149.20405","StrategyMobileGame"
"481","70.067031","StrategyMobileGame"
"482","67.986557","StrategyMobileGame"
"483","73.717473","StrategyMobileGame"
"484","73.221059","StrategyMobileGame"
"485","140.982905","StrategyMobileGame"
"486","68.550023","StrategyMobileGame"
"487","92.69139","StrategyMobileGame"
"488","76.178678","StrategyMobileGame"
"489","68.851343","StrategyMobileGame"
"490","158.66541","StrategyMobileGame"
"491","148.57226","StrategyMobileGame"
"492","135.587036","StrategyMobileGame"
"493","75.558879","StrategyMobileGame"
"494","68.076871","StrategyMobileGame"
"495","69.621146","StrategyMobileGame"
"496","80.061296","StrategyMobileGame"
"497","64.407492","StrategyMobileGame"
"498","71.429813","StrategyMobileGame"
"499","122.29282","StrategyMobileGame"
"500","76.112017","StrategyMobileGame"
"501","72.229713","TankWar"
"502","92.698362","TankWar"
"503","71.027067","TankWar"
"504","76.976249","TankWar"
"505","82.429204","TankWar"
"506","76.120445","TankWar"
"507","85.35213","TankWar"
"508","70.868555","TankWar"
"509","662.088346","TankWar"
"510","206.021117","TankWar"
"511","72.977834","TankWar"
"512","71.005352","TankWar"
"513","113.371423","TankWar"
"514","74.723249","TankWar"
"515","71.804553","TankWar"
"516","77.499712","TankWar"
"517","160.680255","TankWar"
"518","89.306372","TankWar"
"519","72.210607","TankWar"
"520","72.951217","TankWar"
"521","75.893668","TankWar"
"522","79.667361","TankWar"
"523","86.63616","TankWar"
"524","104.386177","TankWar"
"525","70.080189","TankWar"
"526","192.445761","TankWar"
"527","79.201191","TankWar"
"528","78.287531","TankWar"
"529","71.140151","TankWar"
"530","74.277582","TankWar"
"531","73.922676","TankWar"
"532","83.120442","TankWar"
"533","73.632666","TankWar"
"534","75.551809","TankWar"
"535","68.645439","TankWar"
"536","74.191679","TankWar"
"537","71.075558","TankWar"
"538","77.004712","TankWar"
"539","73.044595","TankWar"
"540","80.547746","TankWar"
"541","85.247141","TankWar"
"542","75.192427","TankWar"
"543","69.131529","TankWar"
"544","73.090767","TankWar"
"545","68.347927","TankWar"
"546","87.828504","TankWar"
"547","253.357414","TankWar"
"548","150.621674","TankWar"
"549","72.226454","TankWar"
"550","77.167009","TankWar"
"551","155.003822","TankWar"
"552","69.776055","TankWar"
"553","75.546695","TankWar"
"554","127.155147","TankWar"
"555","73.006162","TankWar"
"556","73.248145","TankWar"
"557","72.49915","TankWar"
"558","83.69385","TankWar"
"559","78.26452","TankWar"
"560","82.4846","TankWar"
"561","74.128969","TankWar"
"562","142.228477","TankWar"
"563","74.047296","TankWar"
"564","72.442125","TankWar"
"565","81.02177","TankWar"
"566","165.228167","TankWar"
"567","70.57364","TankWar"
"568","112.274307","TankWar"
"569","73.330878","TankWar"
"570","72.207713","TankWar"
"571","177.535647","TankWar"
"572","74.061726","TankWar"
"573","73.02176","TankWar"
"574","71.279543","TankWar"
"575","75.817971","TankWar"
"576","70.447219","TankWar"
"577","799.737357","TankWar"
"578","74.246677","TankWar"
"579","69.365619","TankWar"
"580","71.373488","TankWar"
"581","68.01033","TankWar"
"582","77.800487","TankWar"
"583","114.849842","TankWar"
"584","191.533546","TankWar"
"585","72.09336","TankWar"
"586","76.2687","TankWar"
"587","97.123521","TankWar"
"588","72.023188","TankWar"
"589","74.087893","TankWar"
"590","78.800981","TankWar"
"591","149.171281","TankWar"
"592","79.730362","TankWar"
"593","96.054473","TankWar"
"594","75.702948","TankWar"
"595","84.210199","TankWar"
"596","73.620274","TankWar"
"597","71.726231","TankWar"
"598","71.389368","TankWar"
"599","68.293235","TankWar"
"600","68.266693","TankWar"
"601","129.500476","MobileMedia2"
"602","74.917378","MobileMedia2"
"603","72.878532","MobileMedia2"
"604","165.300358","MobileMedia2"
"605","80.439234","MobileMedia2"
"606","77.177446","MobileMedia2"
"607","143.579418","MobileMedia2"
"608","202.617313","MobileMedia2"
"609","143.501482","MobileMedia2"
"610","448.270966","MobileMedia2"
"611","170.326688","MobileMedia2"
"612","78.886267","MobileMedia2"
"613","73.411786","MobileMedia2"
"614","107.588576","MobileMedia2"
"615","73.677077","MobileMedia2"
"616","79.837248","MobileMedia2"
"617","231.059066","MobileMedia2"
"618","87.675131","MobileMedia2"
"619","168.048776","MobileMedia2"
"620","77.349554","MobileMedia2"
"621","199.537651","MobileMedia2"
"622","81.776411","MobileMedia2"
"623","75.771473","MobileMedia2"
"624","71.221883","MobileMedia2"
"625","72.370823","MobileMedia2"
"626","78.568227","MobileMedia2"
"627","77.804304","MobileMedia2"
"628","77.662002","MobileMedia2"
"629","138.86082","MobileMedia2"
"630","74.396517","MobileMedia2"
"631","71.295562","MobileMedia2"
"632","73.682002","MobileMedia2"
"633","79.012712","MobileMedia2"
"634","101.041115","MobileMedia2"
"635","98.617693","MobileMedia2"
"636","84.211495","MobileMedia2"
"637","71.473042","MobileMedia2"
"638","83.507694","MobileMedia2"
"639","125.266681","MobileMedia2"
"640","154.744517","MobileMedia2"
"641","78.243541","MobileMedia2"
"642","75.775345","MobileMedia2"
"643","70.600207","MobileMedia2"
"644","65.135595","MobileMedia2"
"645","157.825086","MobileMedia2"
"646","124.287271","MobileMedia2"
"647","108.440612","MobileMedia2"
"648","72.701892","MobileMedia2"
"649","77.128479","MobileMedia2"
"650","74.935576","MobileMedia2"
"651","75.539541","MobileMedia2"
"652","76.549754","MobileMedia2"
"653","79.776255","MobileMedia2"
"654","72.955337","MobileMedia2"
"655","77.377625","MobileMedia2"
"656","75.729648","MobileMedia2"
"657","73.741828","MobileMedia2"
"658","131.722037","MobileMedia2"
"659","96.120169","MobileMedia2"
"660","76.286518","MobileMedia2"
"661","74.061792","MobileMedia2"
"662","146.604385","MobileMedia2"
"663","233.879953","MobileMedia2"
"664","191.778148","MobileMedia2"
"665","82.44935","MobileMedia2"
"666","76.056348","MobileMedia2"
"667","71.426077","MobileMedia2"
"668","73.777529","MobileMedia2"
"669","72.772802","MobileMedia2"
"670","74.354843","MobileMedia2"
"671","151.015112","MobileMedia2"
"672","100.168595","MobileMedia2"
"673","86.00372","MobileMedia2"
"674","87.012764","MobileMedia2"
"675","73.886602","MobileMedia2"
"676","82.188323","MobileMedia2"
"677","227.948718","MobileMedia2"
"678","71.222413","MobileMedia2"
"679","179.671268","MobileMedia2"
"680","72.751915","MobileMedia2"
"681","77.992018","MobileMedia2"
"682","78.707486","MobileMedia2"
"683","71.746267","MobileMedia2"
"684","91.728936","MobileMedia2"
"685","87.950199","MobileMedia2"
"686","190.578936","MobileMedia2"
"687","124.474587","MobileMedia2"
"688","78.538552","MobileMedia2"
"689","71.615853","MobileMedia2"
"690","90.824675","MobileMedia2"
"691","132.824344","MobileMedia2"
"692","77.999041","MobileMedia2"
"693","74.704617","MobileMedia2"
"694","152.208463","MobileMedia2"
"695","149.600773","MobileMedia2"
"696","80.1548","MobileMedia2"
"697","76.900256","MobileMedia2"
"698","82.726469","MobileMedia2"
"699","88.033026","MobileMedia2"
"700","78.249117","MobileMedia2"
"701","154.014161","MobileGuide"
"702","77.814448","MobileGuide"
"703","194.334099","MobileGuide"
"704","139.760782","MobileGuide"
"705","97.271543","MobileGuide"
"706","83.148227","MobileGuide"
"707","112.737451","MobileGuide"
"708","75.071721","MobileGuide"
"709","151.095759","MobileGuide"
"710","82.175557","MobileGuide"
"711","135.402791","MobileGuide"
"712","94.86814","MobileGuide"
"713","76.904836","MobileGuide"
"714","140.007374","MobileGuide"
"715","81.831474","MobileGuide"
"716","136.152258","MobileGuide"
"717","256.872795","MobileGuide"
"718","91.116301","MobileGuide"
"719","161.757822","MobileGuide"
"720","130.978214","MobileGuide"
"721","121.194588","MobileGuide"
"722","77.654846","MobileGuide"
"723","305.854133","MobileGuide"
"724","118.179095","MobileGuide"
"725","78.321098","MobileGuide"
"726","110.080591","MobileGuide"
"727","88.026242","MobileGuide"
"728","187.427911","MobileGuide"
"729","96.546345","MobileGuide"
"730","172.649964","MobileGuide"
"731","88.529545","MobileGuide"
"732","87.361774","MobileGuide"
"733","126.352763","MobileGuide"
"734","80.897837","MobileGuide"
"735","84.548103","MobileGuide"
"736","219.978981","MobileGuide"
"737","186.333193","MobileGuide"
"738","91.395443","MobileGuide"
"739","145.651152","MobileGuide"
"740","162.999709","MobileGuide"
"741","74.969898","MobileGuide"
"742","202.293318","MobileGuide"
"743","171.647159","MobileGuide"
"744","196.96482","MobileGuide"
"745","117.35924","MobileGuide"
"746","78.147056","MobileGuide"
"747","208.080795","MobileGuide"
"748","78.309767","MobileGuide"
"749","200.028247","MobileGuide"
"750","76.121834","MobileGuide"
"751","80.165543","MobileGuide"
"752","93.374504","MobileGuide"
"753","176.464627","MobileGuide"
"754","90.168694","MobileGuide"
"755","85.4187","MobileGuide"
"756","81.054355","MobileGuide"
"757","119.124239","MobileGuide"
"758","120.401017","MobileGuide"
"759","133.192046","MobileGuide"
"760","79.946477","MobileGuide"
"761","127.490516","MobileGuide"
"762","127.361656","MobileGuide"
"763","125.794811","MobileGuide"
"764","151.578886","MobileGuide"
"765","85.796407","MobileGuide"
"766","78.509919","MobileGuide"
"767","161.278039","MobileGuide"
"768","113.789644","MobileGuide"
"769","74.727878","MobileGuide"
"770","74.016502","MobileGuide"
"771","145.194695","MobileGuide"
"772","146.95949","MobileGuide"
"773","78.642257","MobileGuide"
"774","125.18239","MobileGuide"
"775","76.03577","MobileGuide"
"776","175.077149","MobileGuide"
"777","78.13667","MobileGuide"
"778","193.744969","MobileGuide"
"779","83.053931","MobileGuide"
"780","77.808239","MobileGuide"
"781","75.546433","MobileGuide"
"782","76.650347","MobileGuide"
"783","111.178484","MobileGuide"
"784","166.629764","MobileGuide"
"785","79.960239","MobileGuide"
"786","124.093306","MobileGuide"
"787","150.14275","MobileGuide"
"788","67.310208","MobileGuide"
"789","93.409327","MobileGuide"
"790","78.855083","MobileGuide"
"791","133.36281","MobileGuide"
"792","144.449417","MobileGuide"
"793","74.000499","MobileGuide"
"794","110.396681","MobileGuide"
"795","145.652339","MobileGuide"
"796","165.064549","MobileGuide"
"797","80.313958","MobileGuide"
"798","191.78448","MobileGuide"
"799","75.925303","MobileGuide"
"800","85.867609","MobileGuide"
"801","300.66468","SPLOT-3CNF-FM-500-50-1.00-SAT-1"
"802","268.006113","SPLOT-3CNF-FM-500-50-1.00-SAT-1"
"803","279.334034","SPLOT-3CNF-FM-500-50-1.00-SAT-1"
"804","284.648759","SPLOT-3CNF-FM-500-50-1.00-SAT-1"
"805","241.943892","SPLOT-3CNF-FM-500-50-1.00-SAT-1"
"806","277.579878","SPLOT-3CNF-FM-500-50-1.00-SAT-1"
"807","312.767582","SPLOT-3CNF-FM-500-50-1.00-SAT-1"
"808","287.603076","SPLOT-3CNF-FM-500-50-1.00-SAT-1"
"809","223.096398","SPLOT-3CNF-FM-500-50-1.00-SAT-1"
"810","251.482542","SPLOT-3CNF-FM-500-50-1.00-SAT-1"
"811","243.105046","SPLOT-3CNF-FM-500-50-1.00-SAT-1"
"812","199.501348","SPLOT-3CNF-FM-500-50-1.00-SAT-1"
"813","217.163458","SPLOT-3CNF-FM-500-50-1.00-SAT-1"
"814","290.789909","SPLOT-3CNF-FM-500-50-1.00-SAT-1"
"815","242.599519","SPLOT-3CNF-FM-500-50-1.00-SAT-1"
"816","169.598952","SPLOT-3CNF-FM-500-50-1.00-SAT-1"
"817","240.951976","SPLOT-3CNF-FM-500-50-1.00-SAT-1"
"818","325.451303","SPLOT-3CNF-FM-500-50-1.00-SAT-1"
"819","266.6924","SPLOT-3CNF-FM-500-50-1.00-SAT-1"
"820","269.06227","SPLOT-3CNF-FM-500-50-1.00-SAT-1"
"821","288.65379","SPLOT-3CNF-FM-500-50-1.00-SAT-1"
"822","358.244505","SPLOT-3CNF-FM-500-50-1.00-SAT-1"
"823","252.20074","SPLOT-3CNF-FM-500-50-1.00-SAT-1"
"824","256.408404","SPLOT-3CNF-FM-500-50-1.00-SAT-1"
"825","289.30278","SPLOT-3CNF-FM-500-50-1.00-SAT-1"
"826","227.718726","SPLOT-3CNF-FM-500-50-1.00-SAT-1"
"827","278.04861","SPLOT-3CNF-FM-500-50-1.00-SAT-1"
"828","186.97952","SPLOT-3CNF-FM-500-50-1.00-SAT-1"
"829","294.58177","SPLOT-3CNF-FM-500-50-1.00-SAT-1"
"830","306.289001","SPLOT-3CNF-FM-500-50-1.00-SAT-1"
"831","288.96354","SPLOT-3CNF-FM-500-50-1.00-SAT-1"
"832","242.290013","SPLOT-3CNF-FM-500-50-1.00-SAT-1"
"833","210.40845","SPLOT-3CNF-FM-500-50-1.00-SAT-1"
"834","240.600913","SPLOT-3CNF-FM-500-50-1.00-SAT-1"
"835","230.490291","SPLOT-3CNF-FM-500-50-1.00-SAT-1"
"836","262.082218","SPLOT-3CNF-FM-500-50-1.00-SAT-1"
"837","274.958306","SPLOT-3CNF-FM-500-50-1.00-SAT-1"
"838","220.69624","SPLOT-3CNF-FM-500-50-1.00-SAT-1"
"839","234.532505","SPLOT-3CNF-FM-500-50-1.00-SAT-1"
"840","241.019909","SPLOT-3CNF-FM-500-50-1.00-SAT-1"
"841","287.437632","SPLOT-3CNF-FM-500-50-1.00-SAT-1"
"842","306.894329","SPLOT-3CNF-FM-500-50-1.00-SAT-1"
"843","235.078836","SPLOT-3CNF-FM-500-50-1.00-SAT-1"
"844","215.674749","SPLOT-3CNF-FM-500-50-1.00-SAT-1"
"845","285.615704","SPLOT-3CNF-FM-500-50-1.00-SAT-1"
"846","342.996628","SPLOT-3CNF-FM-500-50-1.00-SAT-1"
"847","257.473901","SPLOT-3CNF-FM-500-50-1.00-SAT-1"
"848","192.269494","SPLOT-3CNF-FM-500-50-1.00-SAT-1"
"849","293.172776","SPLOT-3CNF-FM-500-50-1.00-SAT-1"
"850","280.853637","SPLOT-3CNF-FM-500-50-1.00-SAT-1"
"851","253.259402","SPLOT-3CNF-FM-500-50-1.00-SAT-1"
"852","195.678228","SPLOT-3CNF-FM-500-50-1.00-SAT-1"
"853","235.602255","SPLOT-3CNF-FM-500-50-1.00-SAT-1"
"854","219.67326","SPLOT-3CNF-FM-500-50-1.00-SAT-1"
"855","299.340116","SPLOT-3CNF-FM-500-50-1.00-SAT-1"
"856","5335.069947","SPLOT-3CNF-FM-500-50-1.00-SAT-1"
"857","284.064013","SPLOT-3CNF-FM-500-50-1.00-SAT-1"
"858","251.351662","SPLOT-3CNF-FM-500-50-1.00-SAT-1"
"859","232.323256","SPLOT-3CNF-FM-500-50-1.00-SAT-1"
"860","291.358351","SPLOT-3CNF-FM-500-50-1.00-SAT-1"
"861","289.222776","SPLOT-3CNF-FM-500-50-1.00-SAT-1"
"862","258.859746","SPLOT-3CNF-FM-500-50-1.00-SAT-1"
"863","263.951518","SPLOT-3CNF-FM-500-50-1.00-SAT-1"
"864","282.585785","SPLOT-3CNF-FM-500-50-1.00-SAT-1"
"865","272.14347","SPLOT-3CNF-FM-500-50-1.00-SAT-1"
"866","267.080498","SPLOT-3CNF-FM-500-50-1.00-SAT-1"
"867","249.104694","SPLOT-3CNF-FM-500-50-1.00-SAT-1"
"868","293.992331","SPLOT-3CNF-FM-500-50-1.00-SAT-1"
"869","541.741514","SPLOT-3CNF-FM-500-50-1.00-SAT-1"
"870","237.307357","SPLOT-3CNF-FM-500-50-1.00-SAT-1"
"871","204.956673","SPLOT-3CNF-FM-500-50-1.00-SAT-1"
"872","279.46087","SPLOT-3CNF-FM-500-50-1.00-SAT-1"
"873","270.200724","SPLOT-3CNF-FM-500-50-1.00-SAT-1"
"874","303.639415","SPLOT-3CNF-FM-500-50-1.00-SAT-1"
"875","230.098651","SPLOT-3CNF-FM-500-50-1.00-SAT-1"
"876","336.725977","SPLOT-3CNF-FM-500-50-1.00-SAT-1"
"877","270.093164","SPLOT-3CNF-FM-500-50-1.00-SAT-1"
"878","241.237434","SPLOT-3CNF-FM-500-50-1.00-SAT-1"
"879","277.60055","SPLOT-3CNF-FM-500-50-1.00-SAT-1"
"880","236.237179","SPLOT-3CNF-FM-500-50-1.00-SAT-1"
"881","302.517462","SPLOT-3CNF-FM-500-50-1.00-SAT-1"
"882","208.442449","SPLOT-3CNF-FM-500-50-1.00-SAT-1"
"883","288.759125","SPLOT-3CNF-FM-500-50-1.00-SAT-1"
"884","280.208351","SPLOT-3CNF-FM-500-50-1.00-SAT-1"
"885","224.727676","SPLOT-3CNF-FM-500-50-1.00-SAT-1"
"886","255.712208","SPLOT-3CNF-FM-500-50-1.00-SAT-1"
"887","355.524322","SPLOT-3CNF-FM-500-50-1.00-SAT-1"
"888","223.894112","SPLOT-3CNF-FM-500-50-1.00-SAT-1"
"889","273.049576","SPLOT-3CNF-FM-500-50-1.00-SAT-1"
"890","235.41686","SPLOT-3CNF-FM-500-50-1.00-SAT-1"
"891","295.482444","SPLOT-3CNF-FM-500-50-1.00-SAT-1"
"892","194.122354","SPLOT-3CNF-FM-500-50-1.00-SAT-1"
"893","275.018848","SPLOT-3CNF-FM-500-50-1.00-SAT-1"
"894","230.15651","SPLOT-3CNF-FM-500-50-1.00-SAT-1"
"895","209.758145","SPLOT-3CNF-FM-500-50-1.00-SAT-1"
"896","295.88446","SPLOT-3CNF-FM-500-50-1.00-SAT-1"
"897","261.21484","SPLOT-3CNF-FM-500-50-1.00-SAT-1"
"898","272.919431","SPLOT-3CNF-FM-500-50-1.00-SAT-1"
"899","196.165657","SPLOT-3CNF-FM-500-50-1.00-SAT-1"
"900","259.733617","SPLOT-3CNF-FM-500-50-1.00-SAT-1"
