"","TIME","ALTERNATIVE"
"1","721.604918","x264ProductLine"
"2","180.388861","x264ProductLine"
"3","154.618809","x264ProductLine"
"4","179.222833","x264ProductLine"
"5","174.640188","x264ProductLine"
"6","183.235446","x264ProductLine"
"7","192.060826","x264ProductLine"
"8","187.964085","x264ProductLine"
"9","158.076487","x264ProductLine"
"10","154.640086","x264ProductLine"
"11","227.066682","x264ProductLine"
"12","152.588046","x264ProductLine"
"13","196.963392","x264ProductLine"
"14","164.758296","x264ProductLine"
"15","155.343964","x264ProductLine"
"16","178.665393","x264ProductLine"
"17","268.933036","x264ProductLine"
"18","165.142871","x264ProductLine"
"19","198.780685","x264ProductLine"
"20","191.147993","x264ProductLine"
"21","175.923986","x264ProductLine"
"22","205.86294","x264ProductLine"
"23","325.567789","x264ProductLine"
"24","171.651588","x264ProductLine"
"25","198.803063","x264ProductLine"
"26","184.461378","x264ProductLine"
"27","162.209555","x264ProductLine"
"28","178.060804","x264ProductLine"
"29","167.115343","x264ProductLine"
"30","188.781975","x264ProductLine"
"31","183.344719","x264ProductLine"
"32","204.692239","x264ProductLine"
"33","192.915595","x264ProductLine"
"34","174.289003","x264ProductLine"
"35","170.906742","x264ProductLine"
"36","155.893812","x264ProductLine"
"37","189.272926","x264ProductLine"
"38","168.519391","x264ProductLine"
"39","198.236399","x264ProductLine"
"40","190.019664","x264ProductLine"
"41","215.87962","x264ProductLine"
"42","5205.563412","x264ProductLine"
"43","178.270185","x264ProductLine"
"44","179.7462","x264ProductLine"
"45","170.962277","x264ProductLine"
"46","189.571348","x264ProductLine"
"47","224.740662","x264ProductLine"
"48","189.688082","x264ProductLine"
"49","187.967181","x264ProductLine"
"50","175.763214","x264ProductLine"
"51","169.791563","x264ProductLine"
"52","191.3393","x264ProductLine"
"53","184.941876","x264ProductLine"
"54","181.55445","x264ProductLine"
"55","181.671426","x264ProductLine"
"56","181.104985","x264ProductLine"
"57","195.549375","x264ProductLine"
"58","177.287128","x264ProductLine"
"59","713.073586","x264ProductLine"
"60","179.271963","x264ProductLine"
"61","158.954821","x264ProductLine"
"62","209.791718","x264ProductLine"
"63","177.73296","x264ProductLine"
"64","187.759397","x264ProductLine"
"65","182.121539","x264ProductLine"
"66","176.524939","x264ProductLine"
"67","197.448414","x264ProductLine"
"68","247.541937","x264ProductLine"
"69","182.692776","x264ProductLine"
"70","155.89346","x264ProductLine"
"71","183.809434","x264ProductLine"
"72","174.785969","x264ProductLine"
"73","172.662815","x264ProductLine"
"74","181.608514","x264ProductLine"
"75","189.35186","x264ProductLine"
"76","168.532085","x264ProductLine"
"77","180.237639","x264ProductLine"
"78","161.116227","x264ProductLine"
"79","166.970964","x264ProductLine"
"80","189.324733","x264ProductLine"
"81","166.308327","x264ProductLine"
"82","175.159858","x264ProductLine"
"83","198.143854","x264ProductLine"
"84","179.001868","x264ProductLine"
"85","187.552358","x264ProductLine"
"86","158.949627","x264ProductLine"
"87","171.783361","x264ProductLine"
"88","176.383282","x264ProductLine"
"89","177.707423","x264ProductLine"
"90","209.66015","x264ProductLine"
"91","177.481814","x264ProductLine"
"92","193.151086","x264ProductLine"
"93","170.992744","x264ProductLine"
"94","177.681503","x264ProductLine"
"95","179.100609","x264ProductLine"
"96","194.150059","x264ProductLine"
"97","172.230831","x264ProductLine"
"98","181.37604","x264ProductLine"
"99","177.083192","x264ProductLine"
"100","172.288035","x264ProductLine"
"101","194.361504","WgetProductLine"
"102","318.521716","WgetProductLine"
"103","179.891527","WgetProductLine"
"104","216.251993","WgetProductLine"
"105","243.217732","WgetProductLine"
"106","182.643313","WgetProductLine"
"107","186.503877","WgetProductLine"
"108","534.423825","WgetProductLine"
"109","191.69233","WgetProductLine"
"110","337.508253","WgetProductLine"
"111","177.294267","WgetProductLine"
"112","218.628393","WgetProductLine"
"113","211.856509","WgetProductLine"
"114","204.937932","WgetProductLine"
"115","194.461943","WgetProductLine"
"116","193.690556","WgetProductLine"
"117","418.878098","WgetProductLine"
"118","182.365996","WgetProductLine"
"119","186.070025","WgetProductLine"
"120","142.122134","WgetProductLine"
"121","192.782325","WgetProductLine"
"122","186.785371","WgetProductLine"
"123","491.97664","WgetProductLine"
"124","183.533445","WgetProductLine"
"125","186.138079","WgetProductLine"
"126","182.905225","WgetProductLine"
"127","188.812893","WgetProductLine"
"128","313.385075","WgetProductLine"
"129","191.707492","WgetProductLine"
"130","205.260537","WgetProductLine"
"131","230.794307","WgetProductLine"
"132","212.23383","WgetProductLine"
"133","197.7623","WgetProductLine"
"134","166.649532","WgetProductLine"
"135","197.90067","WgetProductLine"
"136","173.797093","WgetProductLine"
"137","188.172485","WgetProductLine"
"138","154.535278","WgetProductLine"
"139","232.306153","WgetProductLine"
"140","308.238414","WgetProductLine"
"141","212.168199","WgetProductLine"
"142","203.868363","WgetProductLine"
"143","194.583795","WgetProductLine"
"144","241.148318","WgetProductLine"
"145","218.011728","WgetProductLine"
"146","205.506808","WgetProductLine"
"147","177.933318","WgetProductLine"
"148","205.90265","WgetProductLine"
"149","193.067598","WgetProductLine"
"150","205.991629","WgetProductLine"
"151","248.1227","WgetProductLine"
"152","196.270549","WgetProductLine"
"153","180.540209","WgetProductLine"
"154","198.429451","WgetProductLine"
"155","285.286274","WgetProductLine"
"156","157.187633","WgetProductLine"
"157","203.374977","WgetProductLine"
"158","204.345773","WgetProductLine"
"159","178.231658","WgetProductLine"
"160","293.252559","WgetProductLine"
"161","239.329559","WgetProductLine"
"162","213.954758","WgetProductLine"
"163","437.25107","WgetProductLine"
"164","163.873687","WgetProductLine"
"165","315.094344","WgetProductLine"
"166","183.692111","WgetProductLine"
"167","202.516792","WgetProductLine"
"168","168.321412","WgetProductLine"
"169","219.189326","WgetProductLine"
"170","281.940283","WgetProductLine"
"171","272.11735","WgetProductLine"
"172","290.726993","WgetProductLine"
"173","180.639933","WgetProductLine"
"174","251.635574","WgetProductLine"
"175","201.276534","WgetProductLine"
"176","186.974948","WgetProductLine"
"177","581.889926","WgetProductLine"
"178","171.897597","WgetProductLine"
"179","245.003471","WgetProductLine"
"180","187.455532","WgetProductLine"
"181","208.168378","WgetProductLine"
"182","233.442127","WgetProductLine"
"183","185.584018","WgetProductLine"
"184","311.989375","WgetProductLine"
"185","199.631181","WgetProductLine"
"186","185.949641","WgetProductLine"
"187","203.890101","WgetProductLine"
"188","277.38369","WgetProductLine"
"189","143.234687","WgetProductLine"
"190","155.220199","WgetProductLine"
"191","319.553792","WgetProductLine"
"192","192.2584","WgetProductLine"
"193","271.359553","WgetProductLine"
"194","183.633714","WgetProductLine"
"195","309.811138","WgetProductLine"
"196","202.083132","WgetProductLine"
"197","182.34889","WgetProductLine"
"198","207.677229","WgetProductLine"
"199","148.15046","WgetProductLine"
"200","235.468817","WgetProductLine"
"201","172.231018","BerkeleyDBMemoryversionProductLine"
"202","149.310424","BerkeleyDBMemoryversionProductLine"
"203","148.682004","BerkeleyDBMemoryversionProductLine"
"204","151.656787","BerkeleyDBMemoryversionProductLine"
"205","166.449351","BerkeleyDBMemoryversionProductLine"
"206","152.840028","BerkeleyDBMemoryversionProductLine"
"207","157.00159","BerkeleyDBMemoryversionProductLine"
"208","197.531871","BerkeleyDBMemoryversionProductLine"
"209","162.855293","BerkeleyDBMemoryversionProductLine"
"210","261.356119","BerkeleyDBMemoryversionProductLine"
"211","167.808416","BerkeleyDBMemoryversionProductLine"
"212","141.644206","BerkeleyDBMemoryversionProductLine"
"213","179.912288","BerkeleyDBMemoryversionProductLine"
"214","159.493078","BerkeleyDBMemoryversionProductLine"
"215","150.406744","BerkeleyDBMemoryversionProductLine"
"216","160.419494","BerkeleyDBMemoryversionProductLine"
"217","311.391793","BerkeleyDBMemoryversionProductLine"
"218","154.35345","BerkeleyDBMemoryversionProductLine"
"219","151.705371","BerkeleyDBMemoryversionProductLine"
"220","170.889123","BerkeleyDBMemoryversionProductLine"
"221","160.664806","BerkeleyDBMemoryversionProductLine"
"222","182.454442","BerkeleyDBMemoryversionProductLine"
"223","228.298566","BerkeleyDBMemoryversionProductLine"
"224","162.38924","BerkeleyDBMemoryversionProductLine"
"225","158.789035","BerkeleyDBMemoryversionProductLine"
"226","159.377585","BerkeleyDBMemoryversionProductLine"
"227","149.995537","BerkeleyDBMemoryversionProductLine"
"228","179.507316","BerkeleyDBMemoryversionProductLine"
"229","150.713361","BerkeleyDBMemoryversionProductLine"
"230","159.279911","BerkeleyDBMemoryversionProductLine"
"231","162.137583","BerkeleyDBMemoryversionProductLine"
"232","159.972897","BerkeleyDBMemoryversionProductLine"
"233","154.499141","BerkeleyDBMemoryversionProductLine"
"234","153.578475","BerkeleyDBMemoryversionProductLine"
"235","148.172024","BerkeleyDBMemoryversionProductLine"
"236","184.025135","BerkeleyDBMemoryversionProductLine"
"237","164.207249","BerkeleyDBMemoryversionProductLine"
"238","149.110492","BerkeleyDBMemoryversionProductLine"
"239","146.01259","BerkeleyDBMemoryversionProductLine"
"240","171.655967","BerkeleyDBMemoryversionProductLine"
"241","161.825602","BerkeleyDBMemoryversionProductLine"
"242","146.673787","BerkeleyDBMemoryversionProductLine"
"243","151.363719","BerkeleyDBMemoryversionProductLine"
"244","152.115254","BerkeleyDBMemoryversionProductLine"
"245","145.587284","BerkeleyDBMemoryversionProductLine"
"246","158.172354","BerkeleyDBMemoryversionProductLine"
"247","159.847009","BerkeleyDBMemoryversionProductLine"
"248","150.31686","BerkeleyDBMemoryversionProductLine"
"249","154.138975","BerkeleyDBMemoryversionProductLine"
"250","204.212961","BerkeleyDBMemoryversionProductLine"
"251","143.530357","BerkeleyDBMemoryversionProductLine"
"252","150.55744","BerkeleyDBMemoryversionProductLine"
"253","151.626138","BerkeleyDBMemoryversionProductLine"
"254","153.537295","BerkeleyDBMemoryversionProductLine"
"255","145.774355","BerkeleyDBMemoryversionProductLine"
"256","147.196542","BerkeleyDBMemoryversionProductLine"
"257","160.707893","BerkeleyDBMemoryversionProductLine"
"258","165.673534","BerkeleyDBMemoryversionProductLine"
"259","152.772849","BerkeleyDBMemoryversionProductLine"
"260","147.453251","BerkeleyDBMemoryversionProductLine"
"261","148.717469","BerkeleyDBMemoryversionProductLine"
"262","165.938714","BerkeleyDBMemoryversionProductLine"
"263","151.94738","BerkeleyDBMemoryversionProductLine"
"264","150.854451","BerkeleyDBMemoryversionProductLine"
"265","160.578053","BerkeleyDBMemoryversionProductLine"
"266","172.732145","BerkeleyDBMemoryversionProductLine"
"267","152.338569","BerkeleyDBMemoryversionProductLine"
"268","152.520533","BerkeleyDBMemoryversionProductLine"
"269","149.744066","BerkeleyDBMemoryversionProductLine"
"270","151.822607","BerkeleyDBMemoryversionProductLine"
"271","155.471793","BerkeleyDBMemoryversionProductLine"
"272","155.400963","BerkeleyDBMemoryversionProductLine"
"273","168.727926","BerkeleyDBMemoryversionProductLine"
"274","157.983399","BerkeleyDBMemoryversionProductLine"
"275","148.369724","BerkeleyDBMemoryversionProductLine"
"276","158.301534","BerkeleyDBMemoryversionProductLine"
"277","997.476624","BerkeleyDBMemoryversionProductLine"
"278","150.604888","BerkeleyDBMemoryversionProductLine"
"279","159.064547","BerkeleyDBMemoryversionProductLine"
"280","145.709375","BerkeleyDBMemoryversionProductLine"
"281","153.240817","BerkeleyDBMemoryversionProductLine"
"282","159.836703","BerkeleyDBMemoryversionProductLine"
"283","148.913778","BerkeleyDBMemoryversionProductLine"
"284","152.397128","BerkeleyDBMemoryversionProductLine"
"285","163.91473","BerkeleyDBMemoryversionProductLine"
"286","149.935303","BerkeleyDBMemoryversionProductLine"
"287","171.561108","BerkeleyDBMemoryversionProductLine"
"288","148.426658","BerkeleyDBMemoryversionProductLine"
"289","164.269783","BerkeleyDBMemoryversionProductLine"
"290","161.031242","BerkeleyDBMemoryversionProductLine"
"291","147.310616","BerkeleyDBMemoryversionProductLine"
"292","150.297915","BerkeleyDBMemoryversionProductLine"
"293","162.442802","BerkeleyDBMemoryversionProductLine"
"294","144.922767","BerkeleyDBMemoryversionProductLine"
"295","154.948227","BerkeleyDBMemoryversionProductLine"
"296","162.669841","BerkeleyDBMemoryversionProductLine"
"297","141.149246","BerkeleyDBMemoryversionProductLine"
"298","149.56691","BerkeleyDBMemoryversionProductLine"
"299","149.332335","BerkeleyDBMemoryversionProductLine"
"300","141.31706","BerkeleyDBMemoryversionProductLine"
"301","349.867102","SensorNetworkProductLine"
"302","489.888788","SensorNetworkProductLine"
"303","210.894544","SensorNetworkProductLine"
"304","224.747855","SensorNetworkProductLine"
"305","236.255834","SensorNetworkProductLine"
"306","270.418221","SensorNetworkProductLine"
"307","359.250992","SensorNetworkProductLine"
"308","330.341024","SensorNetworkProductLine"
"309","273.841651","SensorNetworkProductLine"
"310","290.922214","SensorNetworkProductLine"
"311","274.929952","SensorNetworkProductLine"
"312","227.358622","SensorNetworkProductLine"
"313","226.173451","SensorNetworkProductLine"
"314","255.976028","SensorNetworkProductLine"
"315","290.906384","SensorNetworkProductLine"
"316","215.144674","SensorNetworkProductLine"
"317","231.155463","SensorNetworkProductLine"
"318","228.390438","SensorNetworkProductLine"
"319","231.602908","SensorNetworkProductLine"
"320","228.590243","SensorNetworkProductLine"
"321","229.557798","SensorNetworkProductLine"
"322","252.624696","SensorNetworkProductLine"
"323","347.726973","SensorNetworkProductLine"
"324","210.426245","SensorNetworkProductLine"
"325","264.753014","SensorNetworkProductLine"
"326","341.830591","SensorNetworkProductLine"
"327","223.195198","SensorNetworkProductLine"
"328","346.606302","SensorNetworkProductLine"
"329","377.296614","SensorNetworkProductLine"
"330","311.987968","SensorNetworkProductLine"
"331","274.222359","SensorNetworkProductLine"
"332","207.142368","SensorNetworkProductLine"
"333","330.820201","SensorNetworkProductLine"
"334","328.90567","SensorNetworkProductLine"
"335","232.560216","SensorNetworkProductLine"
"336","302.793616","SensorNetworkProductLine"
"337","218.168743","SensorNetworkProductLine"
"338","228.90394","SensorNetworkProductLine"
"339","225.34255","SensorNetworkProductLine"
"340","221.585922","SensorNetworkProductLine"
"341","300.224776","SensorNetworkProductLine"
"342","214.236332","SensorNetworkProductLine"
"343","237.520839","SensorNetworkProductLine"
"344","260.231742","SensorNetworkProductLine"
"345","225.05709","SensorNetworkProductLine"
"346","235.577558","SensorNetworkProductLine"
"347","218.547604","SensorNetworkProductLine"
"348","231.819277","SensorNetworkProductLine"
"349","351.058184","SensorNetworkProductLine"
"350","213.702646","SensorNetworkProductLine"
"351","231.992648","SensorNetworkProductLine"
"352","299.957872","SensorNetworkProductLine"
"353","390.282194","SensorNetworkProductLine"
"354","267.452391","SensorNetworkProductLine"
"355","277.320814","SensorNetworkProductLine"
"356","218.532758","SensorNetworkProductLine"
"357","234.848162","SensorNetworkProductLine"
"358","338.542239","SensorNetworkProductLine"
"359","311.773853","SensorNetworkProductLine"
"360","217.026419","SensorNetworkProductLine"
"361","206.96223","SensorNetworkProductLine"
"362","218.46708","SensorNetworkProductLine"
"363","232.237117","SensorNetworkProductLine"
"364","215.348314","SensorNetworkProductLine"
"365","240.593071","SensorNetworkProductLine"
"366","329.779658","SensorNetworkProductLine"
"367","342.309055","SensorNetworkProductLine"
"368","300.043929","SensorNetworkProductLine"
"369","228.049402","SensorNetworkProductLine"
"370","295.784716","SensorNetworkProductLine"
"371","221.420965","SensorNetworkProductLine"
"372","233.786205","SensorNetworkProductLine"
"373","220.674026","SensorNetworkProductLine"
"374","255.489849","SensorNetworkProductLine"
"375","338.817639","SensorNetworkProductLine"
"376","331.830545","SensorNetworkProductLine"
"377","575.736222","SensorNetworkProductLine"
"378","235.045734","SensorNetworkProductLine"
"379","274.972732","SensorNetworkProductLine"
"380","289.869138","SensorNetworkProductLine"
"381","221.748288","SensorNetworkProductLine"
"382","236.519119","SensorNetworkProductLine"
"383","214.220162","SensorNetworkProductLine"
"384","217.814998","SensorNetworkProductLine"
"385","326.559735","SensorNetworkProductLine"
"386","355.700986","SensorNetworkProductLine"
"387","367.906625","SensorNetworkProductLine"
"388","251.512825","SensorNetworkProductLine"
"389","208.177559","SensorNetworkProductLine"
"390","282.888912","SensorNetworkProductLine"
"391","279.960147","SensorNetworkProductLine"
"392","224.918079","SensorNetworkProductLine"
"393","222.326323","SensorNetworkProductLine"
"394","228.535607","SensorNetworkProductLine"
"395","298.43886","SensorNetworkProductLine"
"396","325.556527","SensorNetworkProductLine"
"397","346.900407","SensorNetworkProductLine"
"398","224.753605","SensorNetworkProductLine"
"399","351.496055","SensorNetworkProductLine"
"400","232.32697","SensorNetworkProductLine"
"401","233.620718","StrategyMobileGame"
"402","197.075768","StrategyMobileGame"
"403","234.983797","StrategyMobileGame"
"404","222.113967","StrategyMobileGame"
"405","216.049075","StrategyMobileGame"
"406","274.336928","StrategyMobileGame"
"407","205.693491","StrategyMobileGame"
"408","212.191997","StrategyMobileGame"
"409","357.551788","StrategyMobileGame"
"410","225.107312","StrategyMobileGame"
"411","199.676001","StrategyMobileGame"
"412","191.876861","StrategyMobileGame"
"413","225.54731","StrategyMobileGame"
"414","291.39903","StrategyMobileGame"
"415","196.537556","StrategyMobileGame"
"416","220.260681","StrategyMobileGame"
"417","203.521767","StrategyMobileGame"
"418","218.413389","StrategyMobileGame"
"419","225.457842","StrategyMobileGame"
"420","199.288229","StrategyMobileGame"
"421","211.938112","StrategyMobileGame"
"422","290.094768","StrategyMobileGame"
"423","243.802607","StrategyMobileGame"
"424","202.411157","StrategyMobileGame"
"425","218.635203","StrategyMobileGame"
"426","201.062789","StrategyMobileGame"
"427","212.791581","StrategyMobileGame"
"428","227.183437","StrategyMobileGame"
"429","212.004974","StrategyMobileGame"
"430","207.538953","StrategyMobileGame"
"431","234.472708","StrategyMobileGame"
"432","331.969998","StrategyMobileGame"
"433","211.615963","StrategyMobileGame"
"434","265.179337","StrategyMobileGame"
"435","231.586485","StrategyMobileGame"
"436","206.747149","StrategyMobileGame"
"437","193.090588","StrategyMobileGame"
"438","280.186727","StrategyMobileGame"
"439","184.536613","StrategyMobileGame"
"440","219.556345","StrategyMobileGame"
"441","199.622934","StrategyMobileGame"
"442","243.802853","StrategyMobileGame"
"443","225.739978","StrategyMobileGame"
"444","207.491926","StrategyMobileGame"
"445","196.350386","StrategyMobileGame"
"446","219.010942","StrategyMobileGame"
"447","315.971518","StrategyMobileGame"
"448","327.156675","StrategyMobileGame"
"449","217.305713","StrategyMobileGame"
"450","256.369628","StrategyMobileGame"
"451","374.801569","StrategyMobileGame"
"452","218.512818","StrategyMobileGame"
"453","213.905654","StrategyMobileGame"
"454","235.537164","StrategyMobileGame"
"455","215.728792","StrategyMobileGame"
"456","202.543626","StrategyMobileGame"
"457","218.518283","StrategyMobileGame"
"458","202.393349","StrategyMobileGame"
"459","201.825465","StrategyMobileGame"
"460","218.352879","StrategyMobileGame"
"461","197.907194","StrategyMobileGame"
"462","219.681734","StrategyMobileGame"
"463","319.581526","StrategyMobileGame"
"464","215.483644","StrategyMobileGame"
"465","198.052317","StrategyMobileGame"
"466","213.407341","StrategyMobileGame"
"467","220.064889","StrategyMobileGame"
"468","181.614575","StrategyMobileGame"
"469","206.207107","StrategyMobileGame"
"470","214.037005","StrategyMobileGame"
"471","210.38442","StrategyMobileGame"
"472","324.867185","StrategyMobileGame"
"473","198.666342","StrategyMobileGame"
"474","201.245913","StrategyMobileGame"
"475","207.087684","StrategyMobileGame"
"476","315.849083","StrategyMobileGame"
"477","547.222789","StrategyMobileGame"
"478","226.700586","StrategyMobileGame"
"479","215.44674","StrategyMobileGame"
"480","294.277755","StrategyMobileGame"
"481","203.260833","StrategyMobileGame"
"482","203.913959","StrategyMobileGame"
"483","194.328034","StrategyMobileGame"
"484","197.822832","StrategyMobileGame"
"485","278.33083","StrategyMobileGame"
"486","194.263951","StrategyMobileGame"
"487","228.033505","StrategyMobileGame"
"488","197.795816","StrategyMobileGame"
"489","192.972271","StrategyMobileGame"
"490","297.410966","StrategyMobileGame"
"491","278.018294","StrategyMobileGame"
"492","279.455475","StrategyMobileGame"
"493","215.364246","StrategyMobileGame"
"494","200.260548","StrategyMobileGame"
"495","203.749864","StrategyMobileGame"
"496","205.897705","StrategyMobileGame"
"497","209.42827","StrategyMobileGame"
"498","206.154941","StrategyMobileGame"
"499","255.968747","StrategyMobileGame"
"500","213.103678","StrategyMobileGame"
"501","215.338155","TankWar"
"502","244.209326","TankWar"
"503","200.507781","TankWar"
"504","213.490741","TankWar"
"505","211.962034","TankWar"
"506","202.157656","TankWar"
"507","221.37796","TankWar"
"508","188.393873","TankWar"
"509","785.95213","TankWar"
"510","331.032651","TankWar"
"511","203.927698","TankWar"
"512","195.661549","TankWar"
"513","277.628873","TankWar"
"514","218.69897","TankWar"
"515","190.439299","TankWar"
"516","215.474202","TankWar"
"517","296.24391","TankWar"
"518","221.377817","TankWar"
"519","205.649509","TankWar"
"520","218.23108","TankWar"
"521","203.570748","TankWar"
"522","212.923284","TankWar"
"523","213.977026","TankWar"
"524","234.306387","TankWar"
"525","199.894846","TankWar"
"526","353.49422","TankWar"
"527","200.353805","TankWar"
"528","217.808352","TankWar"
"529","199.090789","TankWar"
"530","209.83325","TankWar"
"531","213.196913","TankWar"
"532","207.748289","TankWar"
"533","191.980884","TankWar"
"534","210.346041","TankWar"
"535","213.15125","TankWar"
"536","221.343407","TankWar"
"537","195.017455","TankWar"
"538","213.085677","TankWar"
"539","182.681475","TankWar"
"540","200.411449","TankWar"
"541","241.62087","TankWar"
"542","212.458455","TankWar"
"543","187.208134","TankWar"
"544","200.385474","TankWar"
"545","192.889597","TankWar"
"546","223.443679","TankWar"
"547","393.810167","TankWar"
"548","337.858121","TankWar"
"549","200.638907","TankWar"
"550","203.847464","TankWar"
"551","312.233402","TankWar"
"552","213.311251","TankWar"
"553","194.804768","TankWar"
"554","291.672389","TankWar"
"555","209.350185","TankWar"
"556","201.938383","TankWar"
"557","194.604922","TankWar"
"558","208.487822","TankWar"
"559","203.778654","TankWar"
"560","235.26823","TankWar"
"561","203.46545","TankWar"
"562","287.549694","TankWar"
"563","191.326777","TankWar"
"564","200.94958","TankWar"
"565","198.533426","TankWar"
"566","298.784265","TankWar"
"567","196.292822","TankWar"
"568","249.543021","TankWar"
"569","196.418305","TankWar"
"570","215.647706","TankWar"
"571","305.544496","TankWar"
"572","200.712253","TankWar"
"573","195.681429","TankWar"
"574","204.482153","TankWar"
"575","244.888496","TankWar"
"576","199.871843","TankWar"
"577","936.849913","TankWar"
"578","215.891153","TankWar"
"579","202.926598","TankWar"
"580","213.525965","TankWar"
"581","177.142975","TankWar"
"582","204.633356","TankWar"
"583","259.075466","TankWar"
"584","321.357729","TankWar"
"585","202.732957","TankWar"
"586","199.091094","TankWar"
"587","217.814086","TankWar"
"588","196.606576","TankWar"
"589","230.244002","TankWar"
"590","219.700221","TankWar"
"591","277.267362","TankWar"
"592","234.236742","TankWar"
"593","219.280943","TankWar"
"594","207.505754","TankWar"
"595","203.951476","TankWar"
"596","191.870724","TankWar"
"597","200.446403","TankWar"
"598","227.458907","TankWar"
"599","190.197246","TankWar"
"600","205.456343","TankWar"
"601","296.704336","MobileMedia2"
"602","233.920616","MobileMedia2"
"603","224.730758","MobileMedia2"
"604","304.43514","MobileMedia2"
"605","205.53121","MobileMedia2"
"606","212.725377","MobileMedia2"
"607","283.209709","MobileMedia2"
"608","363.739395","MobileMedia2"
"609","278.961999","MobileMedia2"
"610","609.180159","MobileMedia2"
"611","322.098652","MobileMedia2"
"612","230.713392","MobileMedia2"
"613","216.387066","MobileMedia2"
"614","237.618167","MobileMedia2"
"615","191.350505","MobileMedia2"
"616","203.963757","MobileMedia2"
"617","372.796248","MobileMedia2"
"618","229.805207","MobileMedia2"
"619","297.795628","MobileMedia2"
"620","257.565948","MobileMedia2"
"621","324.790814","MobileMedia2"
"622","213.85864","MobileMedia2"
"623","226.864521","MobileMedia2"
"624","218.444917","MobileMedia2"
"625","210.860927","MobileMedia2"
"626","223.585853","MobileMedia2"
"627","215.250531","MobileMedia2"
"628","227.18383","MobileMedia2"
"629","331.334195","MobileMedia2"
"630","216.373179","MobileMedia2"
"631","216.554352","MobileMedia2"
"632","218.191522","MobileMedia2"
"633","207.381224","MobileMedia2"
"634","244.75553","MobileMedia2"
"635","232.296567","MobileMedia2"
"636","228.744513","MobileMedia2"
"637","206.568697","MobileMedia2"
"638","243.524237","MobileMedia2"
"639","250.28422","MobileMedia2"
"640","293.386173","MobileMedia2"
"641","208.524255","MobileMedia2"
"642","206.02283","MobileMedia2"
"643","199.313142","MobileMedia2"
"644","205.381837","MobileMedia2"
"645","297.07293","MobileMedia2"
"646","293.752396","MobileMedia2"
"647","246.740527","MobileMedia2"
"648","217.172012","MobileMedia2"
"649","212.872909","MobileMedia2"
"650","206.334376","MobileMedia2"
"651","208.529965","MobileMedia2"
"652","196.037488","MobileMedia2"
"653","217.68527","MobileMedia2"
"654","219.965899","MobileMedia2"
"655","212.087005","MobileMedia2"
"656","217.220148","MobileMedia2"
"657","206.499067","MobileMedia2"
"658","265.721995","MobileMedia2"
"659","232.187099","MobileMedia2"
"660","210.217422","MobileMedia2"
"661","210.238975","MobileMedia2"
"662","288.035217","MobileMedia2"
"663","406.177353","MobileMedia2"
"664","318.81393","MobileMedia2"
"665","219.992195","MobileMedia2"
"666","203.284463","MobileMedia2"
"667","201.878321","MobileMedia2"
"668","222.432768","MobileMedia2"
"669","218.48905","MobileMedia2"
"670","218.787668","MobileMedia2"
"671","290.515673","MobileMedia2"
"672","234.309342","MobileMedia2"
"673","226.129113","MobileMedia2"
"674","233.333061","MobileMedia2"
"675","214.023216","MobileMedia2"
"676","219.161227","MobileMedia2"
"677","376.384332","MobileMedia2"
"678","208.674765","MobileMedia2"
"679","326.740042","MobileMedia2"
"680","201.236546","MobileMedia2"
"681","211.213317","MobileMedia2"
"682","208.318392","MobileMedia2"
"683","224.222838","MobileMedia2"
"684","221.90182","MobileMedia2"
"685","233.449599","MobileMedia2"
"686","339.881717","MobileMedia2"
"687","285.036442","MobileMedia2"
"688","220.45405","MobileMedia2"
"689","207.996115","MobileMedia2"
"690","229.262509","MobileMedia2"
"691","283.855396","MobileMedia2"
"692","214.563856","MobileMedia2"
"693","211.812106","MobileMedia2"
"694","324.96358","MobileMedia2"
"695","313.759897","MobileMedia2"
"696","211.01142","MobileMedia2"
"697","215.520491","MobileMedia2"
"698","219.627366","MobileMedia2"
"699","226.403558","MobileMedia2"
"700","226.126177","MobileMedia2"
"701","320.041749","MobileGuide"
"702","223.660492","MobileGuide"
"703","380.507634","MobileGuide"
"704","290.587702","MobileGuide"
"705","255.101881","MobileGuide"
"706","227.881234","MobileGuide"
"707","286.997746","MobileGuide"
"708","238.637198","MobileGuide"
"709","293.246376","MobileGuide"
"710","251.527194","MobileGuide"
"711","332.603936","MobileGuide"
"712","278.546078","MobileGuide"
"713","237.727851","MobileGuide"
"714","299.394351","MobileGuide"
"715","241.509902","MobileGuide"
"716","290.397842","MobileGuide"
"717","454.403869","MobileGuide"
"718","246.646688","MobileGuide"
"719","326.496897","MobileGuide"
"720","321.650219","MobileGuide"
"721","290.881673","MobileGuide"
"722","262.061307","MobileGuide"
"723","472.447677","MobileGuide"
"724","299.815387","MobileGuide"
"725","246.115133","MobileGuide"
"726","294.593762","MobileGuide"
"727","235.953593","MobileGuide"
"728","375.44805","MobileGuide"
"729","248.229679","MobileGuide"
"730","355.45412","MobileGuide"
"731","250.601225","MobileGuide"
"732","244.361305","MobileGuide"
"733","278.921026","MobileGuide"
"734","245.062579","MobileGuide"
"735","235.15843","MobileGuide"
"736","366.949645","MobileGuide"
"737","352.403708","MobileGuide"
"738","259.175974","MobileGuide"
"739","300.783464","MobileGuide"
"740","304.217876","MobileGuide"
"741","213.675453","MobileGuide"
"742","384.458491","MobileGuide"
"743","324.848992","MobileGuide"
"744","347.198647","MobileGuide"
"745","326.021428","MobileGuide"
"746","222.225521","MobileGuide"
"747","353.080135","MobileGuide"
"748","220.292509","MobileGuide"
"749","363.899889","MobileGuide"
"750","230.015461","MobileGuide"
"751","230.533377","MobileGuide"
"752","265.910677","MobileGuide"
"753","349.575696","MobileGuide"
"754","251.659031","MobileGuide"
"755","247.094072","MobileGuide"
"756","236.34407","MobileGuide"
"757","264.847413","MobileGuide"
"758","269.677074","MobileGuide"
"759","299.949251","MobileGuide"
"760","248.793048","MobileGuide"
"761","285.451666","MobileGuide"
"762","330.182439","MobileGuide"
"763","272.781449","MobileGuide"
"764","307.524252","MobileGuide"
"765","250.783889","MobileGuide"
"766","228.751797","MobileGuide"
"767","317.471486","MobileGuide"
"768","289.203316","MobileGuide"
"769","238.018637","MobileGuide"
"770","222.735837","MobileGuide"
"771","297.274626","MobileGuide"
"772","299.807726","MobileGuide"
"773","233.879789","MobileGuide"
"774","302.805651","MobileGuide"
"775","244.065913","MobileGuide"
"776","326.532605","MobileGuide"
"777","244.002602","MobileGuide"
"778","352.847897","MobileGuide"
"779","233.967292","MobileGuide"
"780","223.323621","MobileGuide"
"781","219.270216","MobileGuide"
"782","230.960042","MobileGuide"
"783","319.855379","MobileGuide"
"784","335.051222","MobileGuide"
"785","213.875457","MobileGuide"
"786","280.354966","MobileGuide"
"787","364.514492","MobileGuide"
"788","232.619813","MobileGuide"
"789","233.543542","MobileGuide"
"790","215.869224","MobileGuide"
"791","296.625447","MobileGuide"
"792","321.833789","MobileGuide"
"793","213.6688","MobileGuide"
"794","321.925736","MobileGuide"
"795","313.43117","MobileGuide"
"796","304.626569","MobileGuide"
"797","233.856272","MobileGuide"
"798","360.936967","MobileGuide"
"799","233.457288","MobileGuide"
"800","236.331135","MobileGuide"
"801","1801.433915","SPLOT-3CNF-FM-500-50-1.00-SAT-1"
"802","1727.89934","SPLOT-3CNF-FM-500-50-1.00-SAT-1"
"803","1696.666211","SPLOT-3CNF-FM-500-50-1.00-SAT-1"
"804","1685.607709","SPLOT-3CNF-FM-500-50-1.00-SAT-1"
"805","1701.201318","SPLOT-3CNF-FM-500-50-1.00-SAT-1"
"806","1780.394653","SPLOT-3CNF-FM-500-50-1.00-SAT-1"
"807","1840.359991","SPLOT-3CNF-FM-500-50-1.00-SAT-1"
"808","1948.747795","SPLOT-3CNF-FM-500-50-1.00-SAT-1"
"809","1694.980592","SPLOT-3CNF-FM-500-50-1.00-SAT-1"
"810","1768.438956","SPLOT-3CNF-FM-500-50-1.00-SAT-1"
"811","1679.453868","SPLOT-3CNF-FM-500-50-1.00-SAT-1"
"812","1638.422073","SPLOT-3CNF-FM-500-50-1.00-SAT-1"
"813","1664.830635","SPLOT-3CNF-FM-500-50-1.00-SAT-1"
"814","1778.154408","SPLOT-3CNF-FM-500-50-1.00-SAT-1"
"815","1624.420634","SPLOT-3CNF-FM-500-50-1.00-SAT-1"
"816","1714.864214","SPLOT-3CNF-FM-500-50-1.00-SAT-1"
"817","1796.971908","SPLOT-3CNF-FM-500-50-1.00-SAT-1"
"818","1671.613857","SPLOT-3CNF-FM-500-50-1.00-SAT-1"
"819","1784.314406","SPLOT-3CNF-FM-500-50-1.00-SAT-1"
"820","1893.519081","SPLOT-3CNF-FM-500-50-1.00-SAT-1"
"821","1672.007529","SPLOT-3CNF-FM-500-50-1.00-SAT-1"
"822","1803.804595","SPLOT-3CNF-FM-500-50-1.00-SAT-1"
"823","1647.176529","SPLOT-3CNF-FM-500-50-1.00-SAT-1"
"824","1703.030426","SPLOT-3CNF-FM-500-50-1.00-SAT-1"
"825","1781.056553","SPLOT-3CNF-FM-500-50-1.00-SAT-1"
"826","1688.098508","SPLOT-3CNF-FM-500-50-1.00-SAT-1"
"827","1796.102792","SPLOT-3CNF-FM-500-50-1.00-SAT-1"
"828","1725.588335","SPLOT-3CNF-FM-500-50-1.00-SAT-1"
"829","1829.444948","SPLOT-3CNF-FM-500-50-1.00-SAT-1"
"830","1754.60386","SPLOT-3CNF-FM-500-50-1.00-SAT-1"
"831","1851.333056","SPLOT-3CNF-FM-500-50-1.00-SAT-1"
"832","1788.567673","SPLOT-3CNF-FM-500-50-1.00-SAT-1"
"833","1632.723511","SPLOT-3CNF-FM-500-50-1.00-SAT-1"
"834","1734.156442","SPLOT-3CNF-FM-500-50-1.00-SAT-1"
"835","1766.229622","SPLOT-3CNF-FM-500-50-1.00-SAT-1"
"836","1666.319859","SPLOT-3CNF-FM-500-50-1.00-SAT-1"
"837","1767.309643","SPLOT-3CNF-FM-500-50-1.00-SAT-1"
"838","1705.497596","SPLOT-3CNF-FM-500-50-1.00-SAT-1"
"839","1689.029666","SPLOT-3CNF-FM-500-50-1.00-SAT-1"
"840","1716.641501","SPLOT-3CNF-FM-500-50-1.00-SAT-1"
"841","1750.4225","SPLOT-3CNF-FM-500-50-1.00-SAT-1"
"842","1819.957103","SPLOT-3CNF-FM-500-50-1.00-SAT-1"
"843","1766.433052","SPLOT-3CNF-FM-500-50-1.00-SAT-1"
"844","1574.249545","SPLOT-3CNF-FM-500-50-1.00-SAT-1"
"845","1871.817841","SPLOT-3CNF-FM-500-50-1.00-SAT-1"
"846","1913.112783","SPLOT-3CNF-FM-500-50-1.00-SAT-1"
"847","1703.010258","SPLOT-3CNF-FM-500-50-1.00-SAT-1"
"848","1626.804779","SPLOT-3CNF-FM-500-50-1.00-SAT-1"
"849","1866.009669","SPLOT-3CNF-FM-500-50-1.00-SAT-1"
"850","1670.52745","SPLOT-3CNF-FM-500-50-1.00-SAT-1"
"851","1664.98491","SPLOT-3CNF-FM-500-50-1.00-SAT-1"
"852","1695.126106","SPLOT-3CNF-FM-500-50-1.00-SAT-1"
"853","1653.744304","SPLOT-3CNF-FM-500-50-1.00-SAT-1"
"854","1665.810863","SPLOT-3CNF-FM-500-50-1.00-SAT-1"
"855","1826.780134","SPLOT-3CNF-FM-500-50-1.00-SAT-1"
"856","6901.528849","SPLOT-3CNF-FM-500-50-1.00-SAT-1"
"857","1766.14233","SPLOT-3CNF-FM-500-50-1.00-SAT-1"
"858","1806.174164","SPLOT-3CNF-FM-500-50-1.00-SAT-1"
"859","1683.039103","SPLOT-3CNF-FM-500-50-1.00-SAT-1"
"860","1736.935891","SPLOT-3CNF-FM-500-50-1.00-SAT-1"
"861","1789.403717","SPLOT-3CNF-FM-500-50-1.00-SAT-1"
"862","1748.416473","SPLOT-3CNF-FM-500-50-1.00-SAT-1"
"863","1803.472372","SPLOT-3CNF-FM-500-50-1.00-SAT-1"
"864","1894.965038","SPLOT-3CNF-FM-500-50-1.00-SAT-1"
"865","1765.531604","SPLOT-3CNF-FM-500-50-1.00-SAT-1"
"866","1787.696724","SPLOT-3CNF-FM-500-50-1.00-SAT-1"
"867","1674.813511","SPLOT-3CNF-FM-500-50-1.00-SAT-1"
"868","1905.207589","SPLOT-3CNF-FM-500-50-1.00-SAT-1"
"869","1957.383578","SPLOT-3CNF-FM-500-50-1.00-SAT-1"
"870","1722.183928","SPLOT-3CNF-FM-500-50-1.00-SAT-1"
"871","1702.73712","SPLOT-3CNF-FM-500-50-1.00-SAT-1"
"872","1663.175976","SPLOT-3CNF-FM-500-50-1.00-SAT-1"
"873","1846.405857","SPLOT-3CNF-FM-500-50-1.00-SAT-1"
"874","1816.012485","SPLOT-3CNF-FM-500-50-1.00-SAT-1"
"875","1618.821586","SPLOT-3CNF-FM-500-50-1.00-SAT-1"
"876","1812.175791","SPLOT-3CNF-FM-500-50-1.00-SAT-1"
"877","1762.506653","SPLOT-3CNF-FM-500-50-1.00-SAT-1"
"878","1736.306559","SPLOT-3CNF-FM-500-50-1.00-SAT-1"
"879","1803.733442","SPLOT-3CNF-FM-500-50-1.00-SAT-1"
"880","1769.366217","SPLOT-3CNF-FM-500-50-1.00-SAT-1"
"881","1745.809411","SPLOT-3CNF-FM-500-50-1.00-SAT-1"
"882","1550.937078","SPLOT-3CNF-FM-500-50-1.00-SAT-1"
"883","1775.711764","SPLOT-3CNF-FM-500-50-1.00-SAT-1"
"884","1817.481642","SPLOT-3CNF-FM-500-50-1.00-SAT-1"
"885","1620.392118","SPLOT-3CNF-FM-500-50-1.00-SAT-1"
"886","1699.579482","SPLOT-3CNF-FM-500-50-1.00-SAT-1"
"887","1759.476991","SPLOT-3CNF-FM-500-50-1.00-SAT-1"
"888","1717.087718","SPLOT-3CNF-FM-500-50-1.00-SAT-1"
"889","1783.618207","SPLOT-3CNF-FM-500-50-1.00-SAT-1"
"890","1598.909716","SPLOT-3CNF-FM-500-50-1.00-SAT-1"
"891","1989.245117","SPLOT-3CNF-FM-500-50-1.00-SAT-1"
"892","1680.227928","SPLOT-3CNF-FM-500-50-1.00-SAT-1"
"893","1656.434156","SPLOT-3CNF-FM-500-50-1.00-SAT-1"
"894","1755.984751","SPLOT-3CNF-FM-500-50-1.00-SAT-1"
"895","1802.338559","SPLOT-3CNF-FM-500-50-1.00-SAT-1"
"896","1855.252914","SPLOT-3CNF-FM-500-50-1.00-SAT-1"
"897","1786.66086","SPLOT-3CNF-FM-500-50-1.00-SAT-1"
"898","1785.819734","SPLOT-3CNF-FM-500-50-1.00-SAT-1"
"899","1588.36359","SPLOT-3CNF-FM-500-50-1.00-SAT-1"
"900","1674.863934","SPLOT-3CNF-FM-500-50-1.00-SAT-1"
