"","TIME","ALTERNATIVE"
"1","240.580128","x264ProductLine"
"2","67.106704","x264ProductLine"
"3","67.23084","x264ProductLine"
"4","70.749669","x264ProductLine"
"5","71.331258","x264ProductLine"
"6","73.669415","x264ProductLine"
"7","77.96244","x264ProductLine"
"8","77.722751","x264ProductLine"
"9","79.099888","x264ProductLine"
"10","73.638665","x264ProductLine"
"11","68.703245","x264ProductLine"
"12","67.477636","x264ProductLine"
"13","72.830754","x264ProductLine"
"14","67.688639","x264ProductLine"
"15","70.900797","x264ProductLine"
"16","69.949307","x264ProductLine"
"17","71.077115","x264ProductLine"
"18","76.203416","x264ProductLine"
"19","75.577341","x264ProductLine"
"20","82.501582","x264ProductLine"
"21","69.098968","x264ProductLine"
"22","74.918563","x264ProductLine"
"23","71.026145","x264ProductLine"
"24","72.643375","x264ProductLine"
"25","68.311704","x264ProductLine"
"26","71.925807","x264ProductLine"
"27","68.030276","x264ProductLine"
"28","68.925774","x264ProductLine"
"29","66.81349","x264ProductLine"
"30","69.780973","x264ProductLine"
"31","70.788168","x264ProductLine"
"32","72.267417","x264ProductLine"
"33","66.819642","x264ProductLine"
"34","69.327059","x264ProductLine"
"35","71.443969","x264ProductLine"
"36","71.238262","x264ProductLine"
"37","75.971078","x264ProductLine"
"38","75.833887","x264ProductLine"
"39","75.474195","x264ProductLine"
"40","70.10749","x264ProductLine"
"41","74.760271","x264ProductLine"
"42","103.224529","x264ProductLine"
"43","74.591307","x264ProductLine"
"44","69.994126","x264ProductLine"
"45","90.102252","x264ProductLine"
"46","71.44146","x264ProductLine"
"47","74.070207","x264ProductLine"
"48","73.805827","x264ProductLine"
"49","73.327285","x264ProductLine"
"50","76.567999","x264ProductLine"
"51","77.795312","x264ProductLine"
"52","72.834926","x264ProductLine"
"53","70.514669","x264ProductLine"
"54","78.672351","x264ProductLine"
"55","76.306563","x264ProductLine"
"56","69.110039","x264ProductLine"
"57","71.71009","x264ProductLine"
"58","79.133003","x264ProductLine"
"59","73.829292","x264ProductLine"
"60","86.6585","x264ProductLine"
"61","71.120978","x264ProductLine"
"62","70.982235","x264ProductLine"
"63","74.339851","x264ProductLine"
"64","73.130126","x264ProductLine"
"65","73.162447","x264ProductLine"
"66","72.614784","x264ProductLine"
"67","76.668861","x264ProductLine"
"68","79.836837","x264ProductLine"
"69","73.210778","x264ProductLine"
"70","73.160923","x264ProductLine"
"71","76.502611","x264ProductLine"
"72","74.017654","x264ProductLine"
"73","70.873959","x264ProductLine"
"74","72.255346","x264ProductLine"
"75","73.070621","x264ProductLine"
"76","78.823415","x264ProductLine"
"77","75.781459","x264ProductLine"
"78","70.06936","x264ProductLine"
"79","72.879781","x264ProductLine"
"80","70.333292","x264ProductLine"
"81","77.540052","x264ProductLine"
"82","72.699829","x264ProductLine"
"83","76.257736","x264ProductLine"
"84","73.570928","x264ProductLine"
"85","73.78567","x264ProductLine"
"86","71.083316","x264ProductLine"
"87","74.786479","x264ProductLine"
"88","73.020112","x264ProductLine"
"89","72.298995","x264ProductLine"
"90","351.494098","x264ProductLine"
"91","74.25976","x264ProductLine"
"92","73.894511","x264ProductLine"
"93","75.823681","x264ProductLine"
"94","73.392414","x264ProductLine"
"95","72.475423","x264ProductLine"
"96","75.895857","x264ProductLine"
"97","80.862739","x264ProductLine"
"98","76.45567","x264ProductLine"
"99","68.826937","x264ProductLine"
"100","71.571377","x264ProductLine"
"101","65.538923","WgetProductLine"
"102","70.772602","WgetProductLine"
"103","74.318639","WgetProductLine"
"104","69.466305","WgetProductLine"
"105","64.856287","WgetProductLine"
"106","65.408437","WgetProductLine"
"107","87.937815","WgetProductLine"
"108","72.633279","WgetProductLine"
"109","68.230201","WgetProductLine"
"110","69.04874","WgetProductLine"
"111","70.758086","WgetProductLine"
"112","68.629307","WgetProductLine"
"113","68.941821","WgetProductLine"
"114","68.601806","WgetProductLine"
"115","65.971564","WgetProductLine"
"116","68.74288","WgetProductLine"
"117","67.421955","WgetProductLine"
"118","76.76852","WgetProductLine"
"119","76.868775","WgetProductLine"
"120","71.51059","WgetProductLine"
"121","66.484249","WgetProductLine"
"122","74.718204","WgetProductLine"
"123","72.635657","WgetProductLine"
"124","69.845512","WgetProductLine"
"125","68.540414","WgetProductLine"
"126","69.872086","WgetProductLine"
"127","65.019892","WgetProductLine"
"128","65.83097","WgetProductLine"
"129","69.537244","WgetProductLine"
"130","73.104375","WgetProductLine"
"131","66.520239","WgetProductLine"
"132","86.657367","WgetProductLine"
"133","70.251459","WgetProductLine"
"134","73.101496","WgetProductLine"
"135","67.873516","WgetProductLine"
"136","69.17165","WgetProductLine"
"137","72.745391","WgetProductLine"
"138","65.900142","WgetProductLine"
"139","66.668536","WgetProductLine"
"140","70.587416","WgetProductLine"
"141","66.371569","WgetProductLine"
"142","71.070868","WgetProductLine"
"143","67.952333","WgetProductLine"
"144","65.698637","WgetProductLine"
"145","86.083841","WgetProductLine"
"146","69.811392","WgetProductLine"
"147","73.831923","WgetProductLine"
"148","74.695892","WgetProductLine"
"149","124.319787","WgetProductLine"
"150","80.084223","WgetProductLine"
"151","72.992609","WgetProductLine"
"152","73.151892","WgetProductLine"
"153","73.667769","WgetProductLine"
"154","75.891358","WgetProductLine"
"155","78.258747","WgetProductLine"
"156","71.307253","WgetProductLine"
"157","72.633163","WgetProductLine"
"158","70.748112","WgetProductLine"
"159","73.698546","WgetProductLine"
"160","69.533665","WgetProductLine"
"161","77.245517","WgetProductLine"
"162","70.750103","WgetProductLine"
"163","76.929665","WgetProductLine"
"164","70.404248","WgetProductLine"
"165","75.238377","WgetProductLine"
"166","67.340861","WgetProductLine"
"167","77.256189","WgetProductLine"
"168","87.821083","WgetProductLine"
"169","77.300944","WgetProductLine"
"170","71.753509","WgetProductLine"
"171","75.775224","WgetProductLine"
"172","69.696485","WgetProductLine"
"173","76.003097","WgetProductLine"
"174","66.010711","WgetProductLine"
"175","74.774693","WgetProductLine"
"176","69.317044","WgetProductLine"
"177","81.504043","WgetProductLine"
"178","66.648666","WgetProductLine"
"179","75.786965","WgetProductLine"
"180","69.471898","WgetProductLine"
"181","73.986377","WgetProductLine"
"182","69.385987","WgetProductLine"
"183","68.948674","WgetProductLine"
"184","77.070125","WgetProductLine"
"185","67.336682","WgetProductLine"
"186","67.87461","WgetProductLine"
"187","73.429917","WgetProductLine"
"188","77.19528","WgetProductLine"
"189","433.111377","WgetProductLine"
"190","76.240501","WgetProductLine"
"191","67.804978","WgetProductLine"
"192","70.44618","WgetProductLine"
"193","73.029547","WgetProductLine"
"194","70.773153","WgetProductLine"
"195","74.748646","WgetProductLine"
"196","66.653083","WgetProductLine"
"197","70.032802","WgetProductLine"
"198","73.911442","WgetProductLine"
"199","68.496826","WgetProductLine"
"200","77.277091","WgetProductLine"
"201","68.045828","BerkeleyDBMemoryversionProductLine"
"202","70.802024","BerkeleyDBMemoryversionProductLine"
"203","70.848326","BerkeleyDBMemoryversionProductLine"
"204","72.273879","BerkeleyDBMemoryversionProductLine"
"205","65.519958","BerkeleyDBMemoryversionProductLine"
"206","65.751539","BerkeleyDBMemoryversionProductLine"
"207","74.26968","BerkeleyDBMemoryversionProductLine"
"208","75.315959","BerkeleyDBMemoryversionProductLine"
"209","69.529481","BerkeleyDBMemoryversionProductLine"
"210","69.389292","BerkeleyDBMemoryversionProductLine"
"211","71.286976","BerkeleyDBMemoryversionProductLine"
"212","65.218167","BerkeleyDBMemoryversionProductLine"
"213","72.085648","BerkeleyDBMemoryversionProductLine"
"214","66.251125","BerkeleyDBMemoryversionProductLine"
"215","74.499267","BerkeleyDBMemoryversionProductLine"
"216","65.378219","BerkeleyDBMemoryversionProductLine"
"217","68.196304","BerkeleyDBMemoryversionProductLine"
"218","66.146905","BerkeleyDBMemoryversionProductLine"
"219","68.073505","BerkeleyDBMemoryversionProductLine"
"220","67.617396","BerkeleyDBMemoryversionProductLine"
"221","70.225965","BerkeleyDBMemoryversionProductLine"
"222","73.307513","BerkeleyDBMemoryversionProductLine"
"223","71.028639","BerkeleyDBMemoryversionProductLine"
"224","67.60221","BerkeleyDBMemoryversionProductLine"
"225","72.788137","BerkeleyDBMemoryversionProductLine"
"226","66.958556","BerkeleyDBMemoryversionProductLine"
"227","78.17268","BerkeleyDBMemoryversionProductLine"
"228","69.340893","BerkeleyDBMemoryversionProductLine"
"229","68.779901","BerkeleyDBMemoryversionProductLine"
"230","69.882185","BerkeleyDBMemoryversionProductLine"
"231","76.875239","BerkeleyDBMemoryversionProductLine"
"232","74.348026","BerkeleyDBMemoryversionProductLine"
"233","68.680177","BerkeleyDBMemoryversionProductLine"
"234","69.624586","BerkeleyDBMemoryversionProductLine"
"235","66.625025","BerkeleyDBMemoryversionProductLine"
"236","70.8037","BerkeleyDBMemoryversionProductLine"
"237","75.135645","BerkeleyDBMemoryversionProductLine"
"238","76.95614","BerkeleyDBMemoryversionProductLine"
"239","68.860198","BerkeleyDBMemoryversionProductLine"
"240","75.395421","BerkeleyDBMemoryversionProductLine"
"241","69.03149","BerkeleyDBMemoryversionProductLine"
"242","70.805657","BerkeleyDBMemoryversionProductLine"
"243","70.77822","BerkeleyDBMemoryversionProductLine"
"244","70.606395","BerkeleyDBMemoryversionProductLine"
"245","73.716416","BerkeleyDBMemoryversionProductLine"
"246","76.278888","BerkeleyDBMemoryversionProductLine"
"247","133.419245","BerkeleyDBMemoryversionProductLine"
"248","77.371903","BerkeleyDBMemoryversionProductLine"
"249","72.681214","BerkeleyDBMemoryversionProductLine"
"250","72.089617","BerkeleyDBMemoryversionProductLine"
"251","71.953914","BerkeleyDBMemoryversionProductLine"
"252","84.815138","BerkeleyDBMemoryversionProductLine"
"253","74.356868","BerkeleyDBMemoryversionProductLine"
"254","67.411141","BerkeleyDBMemoryversionProductLine"
"255","82.040444","BerkeleyDBMemoryversionProductLine"
"256","73.417949","BerkeleyDBMemoryversionProductLine"
"257","153.825557","BerkeleyDBMemoryversionProductLine"
"258","75.928957","BerkeleyDBMemoryversionProductLine"
"259","83.28061","BerkeleyDBMemoryversionProductLine"
"260","73.041502","BerkeleyDBMemoryversionProductLine"
"261","79.059507","BerkeleyDBMemoryversionProductLine"
"262","69.523912","BerkeleyDBMemoryversionProductLine"
"263","69.89467","BerkeleyDBMemoryversionProductLine"
"264","71.440636","BerkeleyDBMemoryversionProductLine"
"265","72.254216","BerkeleyDBMemoryversionProductLine"
"266","156.20039","BerkeleyDBMemoryversionProductLine"
"267","68.040181","BerkeleyDBMemoryversionProductLine"
"268","81.003571","BerkeleyDBMemoryversionProductLine"
"269","68.412806","BerkeleyDBMemoryversionProductLine"
"270","80.846481","BerkeleyDBMemoryversionProductLine"
"271","76.469354","BerkeleyDBMemoryversionProductLine"
"272","74.625732","BerkeleyDBMemoryversionProductLine"
"273","73.514845","BerkeleyDBMemoryversionProductLine"
"274","83.111159","BerkeleyDBMemoryversionProductLine"
"275","67.664761","BerkeleyDBMemoryversionProductLine"
"276","75.536245","BerkeleyDBMemoryversionProductLine"
"277","79.911348","BerkeleyDBMemoryversionProductLine"
"278","72.440637","BerkeleyDBMemoryversionProductLine"
"279","135.723914","BerkeleyDBMemoryversionProductLine"
"280","72.458711","BerkeleyDBMemoryversionProductLine"
"281","156.905144","BerkeleyDBMemoryversionProductLine"
"282","67.817236","BerkeleyDBMemoryversionProductLine"
"283","70.318808","BerkeleyDBMemoryversionProductLine"
"284","85.486879","BerkeleyDBMemoryversionProductLine"
"285","76.366403","BerkeleyDBMemoryversionProductLine"
"286","73.348149","BerkeleyDBMemoryversionProductLine"
"287","69.970224","BerkeleyDBMemoryversionProductLine"
"288","75.695434","BerkeleyDBMemoryversionProductLine"
"289","72.75144","BerkeleyDBMemoryversionProductLine"
"290","73.61296","BerkeleyDBMemoryversionProductLine"
"291","75.85215","BerkeleyDBMemoryversionProductLine"
"292","69.435411","BerkeleyDBMemoryversionProductLine"
"293","78.201163","BerkeleyDBMemoryversionProductLine"
"294","83.199292","BerkeleyDBMemoryversionProductLine"
"295","73.528977","BerkeleyDBMemoryversionProductLine"
"296","71.902654","BerkeleyDBMemoryversionProductLine"
"297","69.400158","BerkeleyDBMemoryversionProductLine"
"298","77.328194","BerkeleyDBMemoryversionProductLine"
"299","72.750613","BerkeleyDBMemoryversionProductLine"
"300","73.522018","BerkeleyDBMemoryversionProductLine"
"301","65.970777","SensorNetworkProductLine"
"302","74.422532","SensorNetworkProductLine"
"303","69.704133","SensorNetworkProductLine"
"304","67.447922","SensorNetworkProductLine"
"305","67.380469","SensorNetworkProductLine"
"306","67.422163","SensorNetworkProductLine"
"307","80.191628","SensorNetworkProductLine"
"308","70.785594","SensorNetworkProductLine"
"309","68.790277","SensorNetworkProductLine"
"310","71.612976","SensorNetworkProductLine"
"311","72.356097","SensorNetworkProductLine"
"312","65.339581","SensorNetworkProductLine"
"313","76.540207","SensorNetworkProductLine"
"314","70.245459","SensorNetworkProductLine"
"315","71.08362","SensorNetworkProductLine"
"316","75.217698","SensorNetworkProductLine"
"317","70.450491","SensorNetworkProductLine"
"318","70.781377","SensorNetworkProductLine"
"319","68.069127","SensorNetworkProductLine"
"320","79.600223","SensorNetworkProductLine"
"321","66.176669","SensorNetworkProductLine"
"322","70.991406","SensorNetworkProductLine"
"323","67.33349","SensorNetworkProductLine"
"324","73.740179","SensorNetworkProductLine"
"325","73.649957","SensorNetworkProductLine"
"326","68.138816","SensorNetworkProductLine"
"327","71.385005","SensorNetworkProductLine"
"328","69.706815","SensorNetworkProductLine"
"329","70.556836","SensorNetworkProductLine"
"330","79.830809","SensorNetworkProductLine"
"331","72.106961","SensorNetworkProductLine"
"332","72.603671","SensorNetworkProductLine"
"333","73.563479","SensorNetworkProductLine"
"334","84.137013","SensorNetworkProductLine"
"335","67.340045","SensorNetworkProductLine"
"336","73.637198","SensorNetworkProductLine"
"337","69.924258","SensorNetworkProductLine"
"338","71.304519","SensorNetworkProductLine"
"339","79.736782","SensorNetworkProductLine"
"340","79.549984","SensorNetworkProductLine"
"341","71.187705","SensorNetworkProductLine"
"342","77.211068","SensorNetworkProductLine"
"343","79.549391","SensorNetworkProductLine"
"344","83.236784","SensorNetworkProductLine"
"345","72.822806","SensorNetworkProductLine"
"346","79.199728","SensorNetworkProductLine"
"347","69.715111","SensorNetworkProductLine"
"348","72.368852","SensorNetworkProductLine"
"349","78.402854","SensorNetworkProductLine"
"350","73.526212","SensorNetworkProductLine"
"351","73.66086","SensorNetworkProductLine"
"352","75.168127","SensorNetworkProductLine"
"353","73.12547","SensorNetworkProductLine"
"354","71.233187","SensorNetworkProductLine"
"355","155.049677","SensorNetworkProductLine"
"356","74.790522","SensorNetworkProductLine"
"357","76.760221","SensorNetworkProductLine"
"358","84.864674","SensorNetworkProductLine"
"359","76.159583","SensorNetworkProductLine"
"360","77.040035","SensorNetworkProductLine"
"361","75.031847","SensorNetworkProductLine"
"362","149.918058","SensorNetworkProductLine"
"363","76.194682","SensorNetworkProductLine"
"364","79.210171","SensorNetworkProductLine"
"365","74.731074","SensorNetworkProductLine"
"366","72.043202","SensorNetworkProductLine"
"367","76.023071","SensorNetworkProductLine"
"368","81.005824","SensorNetworkProductLine"
"369","67.049557","SensorNetworkProductLine"
"370","101.000712","SensorNetworkProductLine"
"371","80.614969","SensorNetworkProductLine"
"372","74.460606","SensorNetworkProductLine"
"373","82.915499","SensorNetworkProductLine"
"374","107.160832","SensorNetworkProductLine"
"375","71.490129","SensorNetworkProductLine"
"376","73.879505","SensorNetworkProductLine"
"377","75.307365","SensorNetworkProductLine"
"378","70.097015","SensorNetworkProductLine"
"379","70.379243","SensorNetworkProductLine"
"380","79.941108","SensorNetworkProductLine"
"381","74.771451","SensorNetworkProductLine"
"382","73.082644","SensorNetworkProductLine"
"383","77.50326","SensorNetworkProductLine"
"384","80.511154","SensorNetworkProductLine"
"385","76.377944","SensorNetworkProductLine"
"386","68.330289","SensorNetworkProductLine"
"387","75.081973","SensorNetworkProductLine"
"388","72.746144","SensorNetworkProductLine"
"389","71.207319","SensorNetworkProductLine"
"390","77.364594","SensorNetworkProductLine"
"391","81.02526","SensorNetworkProductLine"
"392","74.170444","SensorNetworkProductLine"
"393","67.852991","SensorNetworkProductLine"
"394","74.233874","SensorNetworkProductLine"
"395","83.961026","SensorNetworkProductLine"
"396","70.772253","SensorNetworkProductLine"
"397","70.405133","SensorNetworkProductLine"
"398","96.652309","SensorNetworkProductLine"
"399","74.489277","SensorNetworkProductLine"
"400","79.076159","SensorNetworkProductLine"
"401","69.287399","StrategyMobileGame"
"402","67.95446","StrategyMobileGame"
"403","69.623769","StrategyMobileGame"
"404","74.771649","StrategyMobileGame"
"405","74.353302","StrategyMobileGame"
"406","76.462487","StrategyMobileGame"
"407","87.225192","StrategyMobileGame"
"408","72.71936","StrategyMobileGame"
"409","70.994163","StrategyMobileGame"
"410","68.794681","StrategyMobileGame"
"411","70.222071","StrategyMobileGame"
"412","67.899945","StrategyMobileGame"
"413","74.691432","StrategyMobileGame"
"414","70.104933","StrategyMobileGame"
"415","74.534438","StrategyMobileGame"
"416","69.459555","StrategyMobileGame"
"417","71.611453","StrategyMobileGame"
"418","70.758402","StrategyMobileGame"
"419","70.28963","StrategyMobileGame"
"420","71.840427","StrategyMobileGame"
"421","69.054975","StrategyMobileGame"
"422","71.810807","StrategyMobileGame"
"423","76.855202","StrategyMobileGame"
"424","73.207508","StrategyMobileGame"
"425","69.55492","StrategyMobileGame"
"426","77.439451","StrategyMobileGame"
"427","69.672781","StrategyMobileGame"
"428","70.543643","StrategyMobileGame"
"429","69.016521","StrategyMobileGame"
"430","93.269668","StrategyMobileGame"
"431","67.356801","StrategyMobileGame"
"432","70.126675","StrategyMobileGame"
"433","76.351461","StrategyMobileGame"
"434","74.88438","StrategyMobileGame"
"435","69.865715","StrategyMobileGame"
"436","76.872262","StrategyMobileGame"
"437","80.46284","StrategyMobileGame"
"438","69.897427","StrategyMobileGame"
"439","69.363262","StrategyMobileGame"
"440","80.941789","StrategyMobileGame"
"441","71.035457","StrategyMobileGame"
"442","73.749932","StrategyMobileGame"
"443","71.029079","StrategyMobileGame"
"444","76.936697","StrategyMobileGame"
"445","76.663668","StrategyMobileGame"
"446","71.30057","StrategyMobileGame"
"447","75.348088","StrategyMobileGame"
"448","77.640354","StrategyMobileGame"
"449","78.014528","StrategyMobileGame"
"450","74.747135","StrategyMobileGame"
"451","75.256636","StrategyMobileGame"
"452","77.107384","StrategyMobileGame"
"453","86.983277","StrategyMobileGame"
"454","78.632184","StrategyMobileGame"
"455","83.8264","StrategyMobileGame"
"456","73.187247","StrategyMobileGame"
"457","94.016704","StrategyMobileGame"
"458","77.467247","StrategyMobileGame"
"459","91.458387","StrategyMobileGame"
"460","73.454074","StrategyMobileGame"
"461","74.5074","StrategyMobileGame"
"462","80.725757","StrategyMobileGame"
"463","172.659372","StrategyMobileGame"
"464","77.948088","StrategyMobileGame"
"465","81.203151","StrategyMobileGame"
"466","74.990692","StrategyMobileGame"
"467","79.902471","StrategyMobileGame"
"468","85.600385","StrategyMobileGame"
"469","76.178753","StrategyMobileGame"
"470","78.400028","StrategyMobileGame"
"471","74.42043","StrategyMobileGame"
"472","71.965177","StrategyMobileGame"
"473","76.727479","StrategyMobileGame"
"474","69.535918","StrategyMobileGame"
"475","73.462607","StrategyMobileGame"
"476","72.034802","StrategyMobileGame"
"477","80.087401","StrategyMobileGame"
"478","79.96822","StrategyMobileGame"
"479","74.69719","StrategyMobileGame"
"480","79.440275","StrategyMobileGame"
"481","77.816063","StrategyMobileGame"
"482","73.968632","StrategyMobileGame"
"483","164.057809","StrategyMobileGame"
"484","71.025021","StrategyMobileGame"
"485","74.749249","StrategyMobileGame"
"486","78.808246","StrategyMobileGame"
"487","73.795631","StrategyMobileGame"
"488","74.641438","StrategyMobileGame"
"489","71.550202","StrategyMobileGame"
"490","74.494474","StrategyMobileGame"
"491","79.083044","StrategyMobileGame"
"492","75.701743","StrategyMobileGame"
"493","81.563173","StrategyMobileGame"
"494","72.889795","StrategyMobileGame"
"495","80.665314","StrategyMobileGame"
"496","77.811768","StrategyMobileGame"
"497","83.562131","StrategyMobileGame"
"498","89.975921","StrategyMobileGame"
"499","74.847337","StrategyMobileGame"
"500","72.120046","StrategyMobileGame"
"501","66.945111","TankWar"
"502","72.074516","TankWar"
"503","70.367699","TankWar"
"504","70.576066","TankWar"
"505","72.652886","TankWar"
"506","72.111905","TankWar"
"507","69.308328","TankWar"
"508","83.440995","TankWar"
"509","81.087646","TankWar"
"510","69.120635","TankWar"
"511","71.722644","TankWar"
"512","72.705805","TankWar"
"513","72.703246","TankWar"
"514","71.345268","TankWar"
"515","68.622021","TankWar"
"516","69.916185","TankWar"
"517","69.731156","TankWar"
"518","80.085807","TankWar"
"519","70.497431","TankWar"
"520","72.424112","TankWar"
"521","74.780465","TankWar"
"522","70.46619","TankWar"
"523","73.3283","TankWar"
"524","72.668088","TankWar"
"525","71.564719","TankWar"
"526","70.509068","TankWar"
"527","71.008061","TankWar"
"528","117.616672","TankWar"
"529","78.56464","TankWar"
"530","91.550888","TankWar"
"531","69.19824","TankWar"
"532","82.903621","TankWar"
"533","72.979372","TankWar"
"534","84.496047","TankWar"
"535","74.624005","TankWar"
"536","78.911135","TankWar"
"537","164.697197","TankWar"
"538","73.683158","TankWar"
"539","74.764476","TankWar"
"540","72.729084","TankWar"
"541","73.049305","TankWar"
"542","75.832454","TankWar"
"543","71.391895","TankWar"
"544","95.952517","TankWar"
"545","75.048182","TankWar"
"546","74.160876","TankWar"
"547","74.292465","TankWar"
"548","75.995469","TankWar"
"549","74.512981","TankWar"
"550","76.944095","TankWar"
"551","71.013842","TankWar"
"552","72.348022","TankWar"
"553","83.093997","TankWar"
"554","78.310678","TankWar"
"555","71.013726","TankWar"
"556","93.529322","TankWar"
"557","83.388895","TankWar"
"558","73.477514","TankWar"
"559","74.629328","TankWar"
"560","75.419765","TankWar"
"561","79.946604","TankWar"
"562","85.041709","TankWar"
"563","79.119452","TankWar"
"564","74.478984","TankWar"
"565","106.727027","TankWar"
"566","76.330392","TankWar"
"567","70.793272","TankWar"
"568","74.434131","TankWar"
"569","78.855025","TankWar"
"570","74.852763","TankWar"
"571","80.024309","TankWar"
"572","74.760101","TankWar"
"573","74.038177","TankWar"
"574","93.26324","TankWar"
"575","77.56628","TankWar"
"576","71.340223","TankWar"
"577","79.406489","TankWar"
"578","124.799249","TankWar"
"579","82.325391","TankWar"
"580","74.100627","TankWar"
"581","78.598945","TankWar"
"582","72.430994","TankWar"
"583","73.72402","TankWar"
"584","71.794873","TankWar"
"585","70.299121","TankWar"
"586","81.583927","TankWar"
"587","76.021313","TankWar"
"588","75.337053","TankWar"
"589","74.590515","TankWar"
"590","114.090379","TankWar"
"591","74.922254","TankWar"
"592","1093.162218","TankWar"
"593","80.457864","TankWar"
"594","74.252875","TankWar"
"595","81.122206","TankWar"
"596","77.100458","TankWar"
"597","71.680994","TankWar"
"598","76.286534","TankWar"
"599","72.292344","TankWar"
"600","73.414785","TankWar"
"601","69.285312","MobileMedia2"
"602","74.05763","MobileMedia2"
"603","67.104562","MobileMedia2"
"604","72.648749","MobileMedia2"
"605","71.253486","MobileMedia2"
"606","67.939665","MobileMedia2"
"607","76.628628","MobileMedia2"
"608","70.908875","MobileMedia2"
"609","73.455033","MobileMedia2"
"610","69.100272","MobileMedia2"
"611","72.473377","MobileMedia2"
"612","81.432094","MobileMedia2"
"613","75.972413","MobileMedia2"
"614","76.472112","MobileMedia2"
"615","67.590085","MobileMedia2"
"616","81.184446","MobileMedia2"
"617","68.434952","MobileMedia2"
"618","72.356519","MobileMedia2"
"619","73.428088","MobileMedia2"
"620","75.380487","MobileMedia2"
"621","83.574233","MobileMedia2"
"622","73.033095","MobileMedia2"
"623","68.873613","MobileMedia2"
"624","69.120273","MobileMedia2"
"625","73.854682","MobileMedia2"
"626","73.376383","MobileMedia2"
"627","72.887028","MobileMedia2"
"628","72.709498","MobileMedia2"
"629","78.002352","MobileMedia2"
"630","83.013928","MobileMedia2"
"631","76.405788","MobileMedia2"
"632","71.275422","MobileMedia2"
"633","69.977146","MobileMedia2"
"634","66.056493","MobileMedia2"
"635","77.502407","MobileMedia2"
"636","71.295517","MobileMedia2"
"637","70.281494","MobileMedia2"
"638","79.154462","MobileMedia2"
"639","79.889357","MobileMedia2"
"640","74.948932","MobileMedia2"
"641","78.901077","MobileMedia2"
"642","73.780453","MobileMedia2"
"643","71.151763","MobileMedia2"
"644","73.184519","MobileMedia2"
"645","93.59326","MobileMedia2"
"646","85.192566","MobileMedia2"
"647","75.764332","MobileMedia2"
"648","79.209342","MobileMedia2"
"649","72.790263","MobileMedia2"
"650","75.55867","MobileMedia2"
"651","80.35291","MobileMedia2"
"652","82.066529","MobileMedia2"
"653","82.440228","MobileMedia2"
"654","74.409033","MobileMedia2"
"655","155.530192","MobileMedia2"
"656","75.095978","MobileMedia2"
"657","175.16017","MobileMedia2"
"658","82.830778","MobileMedia2"
"659","78.436198","MobileMedia2"
"660","73.210649","MobileMedia2"
"661","74.244417","MobileMedia2"
"662","73.919377","MobileMedia2"
"663","75.764156","MobileMedia2"
"664","79.880079","MobileMedia2"
"665","77.061299","MobileMedia2"
"666","80.606637","MobileMedia2"
"667","88.153866","MobileMedia2"
"668","83.936707","MobileMedia2"
"669","82.685807","MobileMedia2"
"670","86.535137","MobileMedia2"
"671","75.583261","MobileMedia2"
"672","73.260892","MobileMedia2"
"673","80.05349","MobileMedia2"
"674","76.411569","MobileMedia2"
"675","92.740034","MobileMedia2"
"676","74.128874","MobileMedia2"
"677","73.495705","MobileMedia2"
"678","82.372204","MobileMedia2"
"679","79.239169","MobileMedia2"
"680","77.95118","MobileMedia2"
"681","76.128051","MobileMedia2"
"682","72.221748","MobileMedia2"
"683","75.173467","MobileMedia2"
"684","76.183241","MobileMedia2"
"685","74.25268","MobileMedia2"
"686","73.261457","MobileMedia2"
"687","74.777752","MobileMedia2"
"688","82.165343","MobileMedia2"
"689","75.002215","MobileMedia2"
"690","83.353441","MobileMedia2"
"691","149.822213","MobileMedia2"
"692","82.136226","MobileMedia2"
"693","76.702179","MobileMedia2"
"694","81.003053","MobileMedia2"
"695","152.355186","MobileMedia2"
"696","74.415623","MobileMedia2"
"697","74.540853","MobileMedia2"
"698","73.301004","MobileMedia2"
"699","75.650872","MobileMedia2"
"700","68.079632","MobileMedia2"
"701","71.236786","MobileGuide"
"702","75.051053","MobileGuide"
"703","75.366424","MobileGuide"
"704","75.117743","MobileGuide"
"705","82.041075","MobileGuide"
"706","152.418815","MobileGuide"
"707","72.381264","MobileGuide"
"708","73.274826","MobileGuide"
"709","71.132112","MobileGuide"
"710","78.611837","MobileGuide"
"711","75.919805","MobileGuide"
"712","82.608005","MobileGuide"
"713","73.909456","MobileGuide"
"714","71.654148","MobileGuide"
"715","68.408275","MobileGuide"
"716","73.579818","MobileGuide"
"717","73.060837","MobileGuide"
"718","74.51273","MobileGuide"
"719","79.55394","MobileGuide"
"720","74.718022","MobileGuide"
"721","69.802479","MobileGuide"
"722","73.98163","MobileGuide"
"723","107.636336","MobileGuide"
"724","83.819656","MobileGuide"
"725","71.69098","MobileGuide"
"726","75.599272","MobileGuide"
"727","72.553253","MobileGuide"
"728","70.268002","MobileGuide"
"729","72.700314","MobileGuide"
"730","72.913597","MobileGuide"
"731","79.523204","MobileGuide"
"732","71.427263","MobileGuide"
"733","86.501207","MobileGuide"
"734","86.535993","MobileGuide"
"735","71.989137","MobileGuide"
"736","72.089587","MobileGuide"
"737","68.570877","MobileGuide"
"738","186.995492","MobileGuide"
"739","86.429331","MobileGuide"
"740","83.310588","MobileGuide"
"741","81.246584","MobileGuide"
"742","76.562538","MobileGuide"
"743","74.913777","MobileGuide"
"744","79.191132","MobileGuide"
"745","73.008725","MobileGuide"
"746","84.573446","MobileGuide"
"747","74.747278","MobileGuide"
"748","73.422677","MobileGuide"
"749","77.598814","MobileGuide"
"750","83.036531","MobileGuide"
"751","89.643504","MobileGuide"
"752","81.655359","MobileGuide"
"753","143.712478","MobileGuide"
"754","90.272411","MobileGuide"
"755","76.636183","MobileGuide"
"756","78.564845","MobileGuide"
"757","81.955319","MobileGuide"
"758","81.908375","MobileGuide"
"759","77.119845","MobileGuide"
"760","89.942975","MobileGuide"
"761","74.141623","MobileGuide"
"762","78.491668","MobileGuide"
"763","74.828443","MobileGuide"
"764","77.003796","MobileGuide"
"765","76.775308","MobileGuide"
"766","90.373913","MobileGuide"
"767","78.745133","MobileGuide"
"768","83.056912","MobileGuide"
"769","73.208491","MobileGuide"
"770","145.439061","MobileGuide"
"771","77.486452","MobileGuide"
"772","191.246466","MobileGuide"
"773","79.463355","MobileGuide"
"774","170.501299","MobileGuide"
"775","112.122948","MobileGuide"
"776","74.931335","MobileGuide"
"777","86.606744","MobileGuide"
"778","81.519084","MobileGuide"
"779","168.602662","MobileGuide"
"780","88.469001","MobileGuide"
"781","84.294344","MobileGuide"
"782","76.08493","MobileGuide"
"783","82.849895","MobileGuide"
"784","77.492457","MobileGuide"
"785","77.979902","MobileGuide"
"786","77.913142","MobileGuide"
"787","80.56114","MobileGuide"
"788","80.999842","MobileGuide"
"789","79.645514","MobileGuide"
"790","74.846589","MobileGuide"
"791","76.174542","MobileGuide"
"792","73.672646","MobileGuide"
"793","81.487632","MobileGuide"
"794","86.785487","MobileGuide"
"795","78.858178","MobileGuide"
"796","81.770745","MobileGuide"
"797","72.93431","MobileGuide"
"798","74.222622","MobileGuide"
"799","176.915542","MobileGuide"
"800","72.553319","MobileGuide"
"801","238.882288","SPLOT-3CNF-FM-500-50-1.00-SAT-1"
"802","268.002313","SPLOT-3CNF-FM-500-50-1.00-SAT-1"
"803","270.289051","SPLOT-3CNF-FM-500-50-1.00-SAT-1"
"804","318.204816","SPLOT-3CNF-FM-500-50-1.00-SAT-1"
"805","270.868905","SPLOT-3CNF-FM-500-50-1.00-SAT-1"
"806","303.868413","SPLOT-3CNF-FM-500-50-1.00-SAT-1"
"807","285.543935","SPLOT-3CNF-FM-500-50-1.00-SAT-1"
"808","589.065018","SPLOT-3CNF-FM-500-50-1.00-SAT-1"
"809","259.283375","SPLOT-3CNF-FM-500-50-1.00-SAT-1"
"810","230.501976","SPLOT-3CNF-FM-500-50-1.00-SAT-1"
"811","297.465705","SPLOT-3CNF-FM-500-50-1.00-SAT-1"
"812","229.019869","SPLOT-3CNF-FM-500-50-1.00-SAT-1"
"813","281.703938","SPLOT-3CNF-FM-500-50-1.00-SAT-1"
"814","246.174891","SPLOT-3CNF-FM-500-50-1.00-SAT-1"
"815","206.456704","SPLOT-3CNF-FM-500-50-1.00-SAT-1"
"816","184.020606","SPLOT-3CNF-FM-500-50-1.00-SAT-1"
"817","289.392577","SPLOT-3CNF-FM-500-50-1.00-SAT-1"
"818","214.197697","SPLOT-3CNF-FM-500-50-1.00-SAT-1"
"819","257.051631","SPLOT-3CNF-FM-500-50-1.00-SAT-1"
"820","302.36236","SPLOT-3CNF-FM-500-50-1.00-SAT-1"
"821","248.735108","SPLOT-3CNF-FM-500-50-1.00-SAT-1"
"822","286.187001","SPLOT-3CNF-FM-500-50-1.00-SAT-1"
"823","224.460787","SPLOT-3CNF-FM-500-50-1.00-SAT-1"
"824","327.832592","SPLOT-3CNF-FM-500-50-1.00-SAT-1"
"825","253.557339","SPLOT-3CNF-FM-500-50-1.00-SAT-1"
"826","303.339591","SPLOT-3CNF-FM-500-50-1.00-SAT-1"
"827","322.426858","SPLOT-3CNF-FM-500-50-1.00-SAT-1"
"828","276.004718","SPLOT-3CNF-FM-500-50-1.00-SAT-1"
"829","237.140705","SPLOT-3CNF-FM-500-50-1.00-SAT-1"
"830","297.369588","SPLOT-3CNF-FM-500-50-1.00-SAT-1"
"831","240.562217","SPLOT-3CNF-FM-500-50-1.00-SAT-1"
"832","329.78014","SPLOT-3CNF-FM-500-50-1.00-SAT-1"
"833","260.266334","SPLOT-3CNF-FM-500-50-1.00-SAT-1"
"834","309.959205","SPLOT-3CNF-FM-500-50-1.00-SAT-1"
"835","238.250855","SPLOT-3CNF-FM-500-50-1.00-SAT-1"
"836","268.322057","SPLOT-3CNF-FM-500-50-1.00-SAT-1"
"837","347.950246","SPLOT-3CNF-FM-500-50-1.00-SAT-1"
"838","244.795638","SPLOT-3CNF-FM-500-50-1.00-SAT-1"
"839","210.159744","SPLOT-3CNF-FM-500-50-1.00-SAT-1"
"840","291.551423","SPLOT-3CNF-FM-500-50-1.00-SAT-1"
"841","184.969601","SPLOT-3CNF-FM-500-50-1.00-SAT-1"
"842","271.336731","SPLOT-3CNF-FM-500-50-1.00-SAT-1"
"843","334.56268","SPLOT-3CNF-FM-500-50-1.00-SAT-1"
"844","240.77765","SPLOT-3CNF-FM-500-50-1.00-SAT-1"
"845","316.714508","SPLOT-3CNF-FM-500-50-1.00-SAT-1"
"846","369.247568","SPLOT-3CNF-FM-500-50-1.00-SAT-1"
"847","324.250338","SPLOT-3CNF-FM-500-50-1.00-SAT-1"
"848","275.365859","SPLOT-3CNF-FM-500-50-1.00-SAT-1"
"849","297.523863","SPLOT-3CNF-FM-500-50-1.00-SAT-1"
"850","258.608922","SPLOT-3CNF-FM-500-50-1.00-SAT-1"
"851","256.75242","SPLOT-3CNF-FM-500-50-1.00-SAT-1"
"852","321.48285","SPLOT-3CNF-FM-500-50-1.00-SAT-1"
"853","249.746541","SPLOT-3CNF-FM-500-50-1.00-SAT-1"
"854","236.046526","SPLOT-3CNF-FM-500-50-1.00-SAT-1"
"855","318.040083","SPLOT-3CNF-FM-500-50-1.00-SAT-1"
"856","262.625124","SPLOT-3CNF-FM-500-50-1.00-SAT-1"
"857","297.028835","SPLOT-3CNF-FM-500-50-1.00-SAT-1"
"858","302.890739","SPLOT-3CNF-FM-500-50-1.00-SAT-1"
"859","264.270589","SPLOT-3CNF-FM-500-50-1.00-SAT-1"
"860","251.221892","SPLOT-3CNF-FM-500-50-1.00-SAT-1"
"861","252.92592","SPLOT-3CNF-FM-500-50-1.00-SAT-1"
"862","280.38985","SPLOT-3CNF-FM-500-50-1.00-SAT-1"
"863","329.621673","SPLOT-3CNF-FM-500-50-1.00-SAT-1"
"864","314.958796","SPLOT-3CNF-FM-500-50-1.00-SAT-1"
"865","299.163516","SPLOT-3CNF-FM-500-50-1.00-SAT-1"
"866","288.614646","SPLOT-3CNF-FM-500-50-1.00-SAT-1"
"867","273.252198","SPLOT-3CNF-FM-500-50-1.00-SAT-1"
"868","258.879985","SPLOT-3CNF-FM-500-50-1.00-SAT-1"
"869","253.878743","SPLOT-3CNF-FM-500-50-1.00-SAT-1"
"870","258.240449","SPLOT-3CNF-FM-500-50-1.00-SAT-1"
"871","293.803509","SPLOT-3CNF-FM-500-50-1.00-SAT-1"
"872","323.063498","SPLOT-3CNF-FM-500-50-1.00-SAT-1"
"873","277.485106","SPLOT-3CNF-FM-500-50-1.00-SAT-1"
"874","274.732708","SPLOT-3CNF-FM-500-50-1.00-SAT-1"
"875","261.641687","SPLOT-3CNF-FM-500-50-1.00-SAT-1"
"876","291.132106","SPLOT-3CNF-FM-500-50-1.00-SAT-1"
"877","211.971847","SPLOT-3CNF-FM-500-50-1.00-SAT-1"
"878","269.363145","SPLOT-3CNF-FM-500-50-1.00-SAT-1"
"879","284.047733","SPLOT-3CNF-FM-500-50-1.00-SAT-1"
"880","239.520525","SPLOT-3CNF-FM-500-50-1.00-SAT-1"
"881","237.859955","SPLOT-3CNF-FM-500-50-1.00-SAT-1"
"882","275.762267","SPLOT-3CNF-FM-500-50-1.00-SAT-1"
"883","284.886876","SPLOT-3CNF-FM-500-50-1.00-SAT-1"
"884","286.044092","SPLOT-3CNF-FM-500-50-1.00-SAT-1"
"885","255.245389","SPLOT-3CNF-FM-500-50-1.00-SAT-1"
"886","254.77772","SPLOT-3CNF-FM-500-50-1.00-SAT-1"
"887","316.672623","SPLOT-3CNF-FM-500-50-1.00-SAT-1"
"888","224.852327","SPLOT-3CNF-FM-500-50-1.00-SAT-1"
"889","284.064025","SPLOT-3CNF-FM-500-50-1.00-SAT-1"
"890","319.07447","SPLOT-3CNF-FM-500-50-1.00-SAT-1"
"891","340.676374","SPLOT-3CNF-FM-500-50-1.00-SAT-1"
"892","323.726893","SPLOT-3CNF-FM-500-50-1.00-SAT-1"
"893","309.084531","SPLOT-3CNF-FM-500-50-1.00-SAT-1"
"894","560.033084","SPLOT-3CNF-FM-500-50-1.00-SAT-1"
"895","322.94734","SPLOT-3CNF-FM-500-50-1.00-SAT-1"
"896","303.698962","SPLOT-3CNF-FM-500-50-1.00-SAT-1"
"897","220.406341","SPLOT-3CNF-FM-500-50-1.00-SAT-1"
"898","289.915344","SPLOT-3CNF-FM-500-50-1.00-SAT-1"
"899","287.727889","SPLOT-3CNF-FM-500-50-1.00-SAT-1"
"900","257.23587","SPLOT-3CNF-FM-500-50-1.00-SAT-1"
