"","TIME","ALTERNATIVE"
"1","285.684349","x264ProductLine"
"2","109.548477","x264ProductLine"
"3","115.125029","x264ProductLine"
"4","115.10529","x264ProductLine"
"5","116.288919","x264ProductLine"
"6","118.576312","x264ProductLine"
"7","127.945566","x264ProductLine"
"8","120.957665","x264ProductLine"
"9","132.060665","x264ProductLine"
"10","120.314583","x264ProductLine"
"11","115.839072","x264ProductLine"
"12","112.717435","x264ProductLine"
"13","122.402315","x264ProductLine"
"14","115.047482","x264ProductLine"
"15","116.71211","x264ProductLine"
"16","115.290114","x264ProductLine"
"17","115.252192","x264ProductLine"
"18","128.241137","x264ProductLine"
"19","123.698496","x264ProductLine"
"20","126.098293","x264ProductLine"
"21","121.195141","x264ProductLine"
"22","128.340994","x264ProductLine"
"23","117.876178","x264ProductLine"
"24","115.781408","x264ProductLine"
"25","113.615069","x264ProductLine"
"26","119.696702","x264ProductLine"
"27","113.40194","x264ProductLine"
"28","117.189698","x264ProductLine"
"29","114.521185","x264ProductLine"
"30","120.325006","x264ProductLine"
"31","114.561818","x264ProductLine"
"32","123.11964","x264ProductLine"
"33","117.137566","x264ProductLine"
"34","113.344382","x264ProductLine"
"35","127.850789","x264ProductLine"
"36","116.148051","x264ProductLine"
"37","123.367538","x264ProductLine"
"38","121.766286","x264ProductLine"
"39","118.917646","x264ProductLine"
"40","117.623482","x264ProductLine"
"41","123.831282","x264ProductLine"
"42","148.536461","x264ProductLine"
"43","119.067374","x264ProductLine"
"44","114.543972","x264ProductLine"
"45","138.138983","x264ProductLine"
"46","117.913058","x264ProductLine"
"47","119.001553","x264ProductLine"
"48","119.828154","x264ProductLine"
"49","123.576247","x264ProductLine"
"50","126.950792","x264ProductLine"
"51","126.32561","x264ProductLine"
"52","116.081428","x264ProductLine"
"53","116.001557","x264ProductLine"
"54","122.299304","x264ProductLine"
"55","122.257012","x264ProductLine"
"56","113.441139","x264ProductLine"
"57","118.367405","x264ProductLine"
"58","126.576108","x264ProductLine"
"59","118.550723","x264ProductLine"
"60","132.330595","x264ProductLine"
"61","117.730236","x264ProductLine"
"62","133.378534","x264ProductLine"
"63","121.938194","x264ProductLine"
"64","117.020101","x264ProductLine"
"65","118.220155","x264ProductLine"
"66","119.242586","x264ProductLine"
"67","123.067803","x264ProductLine"
"68","138.29373","x264ProductLine"
"69","117.231947","x264ProductLine"
"70","121.47513","x264ProductLine"
"71","124.529521","x264ProductLine"
"72","129.57227","x264ProductLine"
"73","129.611169","x264ProductLine"
"74","120.871803","x264ProductLine"
"75","120.45507","x264ProductLine"
"76","124.168261","x264ProductLine"
"77","120.070838","x264ProductLine"
"78","113.135935","x264ProductLine"
"79","117.692612","x264ProductLine"
"80","118.146062","x264ProductLine"
"81","122.96493","x264ProductLine"
"82","119.188887","x264ProductLine"
"83","119.477458","x264ProductLine"
"84","131.570751","x264ProductLine"
"85","127.592241","x264ProductLine"
"86","115.3106","x264ProductLine"
"87","121.846134","x264ProductLine"
"88","117.213296","x264ProductLine"
"89","120.861931","x264ProductLine"
"90","396.877213","x264ProductLine"
"91","120.739499","x264ProductLine"
"92","119.2443","x264ProductLine"
"93","127.429063","x264ProductLine"
"94","117.468163","x264ProductLine"
"95","117.439641","x264ProductLine"
"96","120.251768","x264ProductLine"
"97","129.072776","x264ProductLine"
"98","119.600636","x264ProductLine"
"99","114.028026","x264ProductLine"
"100","120.326988","x264ProductLine"
"101","108.094087","WgetProductLine"
"102","119.684074","WgetProductLine"
"103","118.268313","WgetProductLine"
"104","111.644427","WgetProductLine"
"105","110.041046","WgetProductLine"
"106","107.577271","WgetProductLine"
"107","142.345025","WgetProductLine"
"108","114.310308","WgetProductLine"
"109","112.047962","WgetProductLine"
"110","118.107974","WgetProductLine"
"111","115.643006","WgetProductLine"
"112","118.123391","WgetProductLine"
"113","113.043193","WgetProductLine"
"114","111.29275","WgetProductLine"
"115","108.533381","WgetProductLine"
"116","112.899906","WgetProductLine"
"117","116.163844","WgetProductLine"
"118","123.275273","WgetProductLine"
"119","122.007356","WgetProductLine"
"120","113.868571","WgetProductLine"
"121","114.762165","WgetProductLine"
"122","122.071232","WgetProductLine"
"123","121.455554","WgetProductLine"
"124","112.035398","WgetProductLine"
"125","116.453046","WgetProductLine"
"126","126.711978","WgetProductLine"
"127","111.234274","WgetProductLine"
"128","123.569845","WgetProductLine"
"129","111.597899","WgetProductLine"
"130","118.355693","WgetProductLine"
"131","109.367905","WgetProductLine"
"132","129.886135","WgetProductLine"
"133","118.940383","WgetProductLine"
"134","115.522115","WgetProductLine"
"135","127.453642","WgetProductLine"
"136","118.136056","WgetProductLine"
"137","117.280742","WgetProductLine"
"138","114.99803","WgetProductLine"
"139","111.220014","WgetProductLine"
"140","115.791075","WgetProductLine"
"141","114.910483","WgetProductLine"
"142","118.890672","WgetProductLine"
"143","110.126699","WgetProductLine"
"144","112.021833","WgetProductLine"
"145","143.248044","WgetProductLine"
"146","113.593047","WgetProductLine"
"147","117.259477","WgetProductLine"
"148","121.111873","WgetProductLine"
"149","167.401393","WgetProductLine"
"150","125.191237","WgetProductLine"
"151","122.886291","WgetProductLine"
"152","120.848831","WgetProductLine"
"153","119.062183","WgetProductLine"
"154","123.939147","WgetProductLine"
"155","122.155067","WgetProductLine"
"156","113.298612","WgetProductLine"
"157","117.140979","WgetProductLine"
"158","117.273245","WgetProductLine"
"159","120.631665","WgetProductLine"
"160","111.874352","WgetProductLine"
"161","154.15736","WgetProductLine"
"162","118.221478","WgetProductLine"
"163","130.747506","WgetProductLine"
"164","116.450452","WgetProductLine"
"165","119.311722","WgetProductLine"
"166","114.811401","WgetProductLine"
"167","123.038928","WgetProductLine"
"168","130.548058","WgetProductLine"
"169","128.867884","WgetProductLine"
"170","128.637021","WgetProductLine"
"171","120.914024","WgetProductLine"
"172","112.691101","WgetProductLine"
"173","118.979498","WgetProductLine"
"174","114.617315","WgetProductLine"
"175","121.549636","WgetProductLine"
"176","115.921868","WgetProductLine"
"177","129.205104","WgetProductLine"
"178","112.899962","WgetProductLine"
"179","126.111922","WgetProductLine"
"180","112.261512","WgetProductLine"
"181","115.940487","WgetProductLine"
"182","127.974983","WgetProductLine"
"183","125.122435","WgetProductLine"
"184","121.73052","WgetProductLine"
"185","113.709965","WgetProductLine"
"186","110.581792","WgetProductLine"
"187","122.764205","WgetProductLine"
"188","137.079819","WgetProductLine"
"189","479.802469","WgetProductLine"
"190","119.5792","WgetProductLine"
"191","109.67038","WgetProductLine"
"192","113.330412","WgetProductLine"
"193","125.525751","WgetProductLine"
"194","114.806334","WgetProductLine"
"195","119.548244","WgetProductLine"
"196","109.585306","WgetProductLine"
"197","114.148872","WgetProductLine"
"198","118.766494","WgetProductLine"
"199","113.451438","WgetProductLine"
"200","119.864735","WgetProductLine"
"201","115.259289","BerkeleyDBMemoryversionProductLine"
"202","118.759067","BerkeleyDBMemoryversionProductLine"
"203","124.237761","BerkeleyDBMemoryversionProductLine"
"204","124.009268","BerkeleyDBMemoryversionProductLine"
"205","118.57203","BerkeleyDBMemoryversionProductLine"
"206","112.340601","BerkeleyDBMemoryversionProductLine"
"207","129.388114","BerkeleyDBMemoryversionProductLine"
"208","124.157457","BerkeleyDBMemoryversionProductLine"
"209","119.961379","BerkeleyDBMemoryversionProductLine"
"210","117.127098","BerkeleyDBMemoryversionProductLine"
"211","120.267296","BerkeleyDBMemoryversionProductLine"
"212","118.985116","BerkeleyDBMemoryversionProductLine"
"213","122.034231","BerkeleyDBMemoryversionProductLine"
"214","113.064206","BerkeleyDBMemoryversionProductLine"
"215","122.850647","BerkeleyDBMemoryversionProductLine"
"216","114.484501","BerkeleyDBMemoryversionProductLine"
"217","116.239294","BerkeleyDBMemoryversionProductLine"
"218","120.233263","BerkeleyDBMemoryversionProductLine"
"219","124.146664","BerkeleyDBMemoryversionProductLine"
"220","114.741538","BerkeleyDBMemoryversionProductLine"
"221","127.070798","BerkeleyDBMemoryversionProductLine"
"222","123.727525","BerkeleyDBMemoryversionProductLine"
"223","122.57215","BerkeleyDBMemoryversionProductLine"
"224","115.087444","BerkeleyDBMemoryversionProductLine"
"225","124.495248","BerkeleyDBMemoryversionProductLine"
"226","115.43339","BerkeleyDBMemoryversionProductLine"
"227","128.802746","BerkeleyDBMemoryversionProductLine"
"228","116.331141","BerkeleyDBMemoryversionProductLine"
"229","117.229413","BerkeleyDBMemoryversionProductLine"
"230","117.583791","BerkeleyDBMemoryversionProductLine"
"231","129.025994","BerkeleyDBMemoryversionProductLine"
"232","125.834686","BerkeleyDBMemoryversionProductLine"
"233","150.567747","BerkeleyDBMemoryversionProductLine"
"234","117.40391","BerkeleyDBMemoryversionProductLine"
"235","117.217766","BerkeleyDBMemoryversionProductLine"
"236","126.836263","BerkeleyDBMemoryversionProductLine"
"237","125.091097","BerkeleyDBMemoryversionProductLine"
"238","124.154876","BerkeleyDBMemoryversionProductLine"
"239","115.523509","BerkeleyDBMemoryversionProductLine"
"240","129.931679","BerkeleyDBMemoryversionProductLine"
"241","119.445946","BerkeleyDBMemoryversionProductLine"
"242","119.093206","BerkeleyDBMemoryversionProductLine"
"243","117.729609","BerkeleyDBMemoryversionProductLine"
"244","121.233292","BerkeleyDBMemoryversionProductLine"
"245","120.89621","BerkeleyDBMemoryversionProductLine"
"246","127.814001","BerkeleyDBMemoryversionProductLine"
"247","189.077505","BerkeleyDBMemoryversionProductLine"
"248","124.12615","BerkeleyDBMemoryversionProductLine"
"249","119.711058","BerkeleyDBMemoryversionProductLine"
"250","142.650047","BerkeleyDBMemoryversionProductLine"
"251","140.77509","BerkeleyDBMemoryversionProductLine"
"252","134.319975","BerkeleyDBMemoryversionProductLine"
"253","122.171648","BerkeleyDBMemoryversionProductLine"
"254","117.985975","BerkeleyDBMemoryversionProductLine"
"255","132.428601","BerkeleyDBMemoryversionProductLine"
"256","127.269932","BerkeleyDBMemoryversionProductLine"
"257","203.607612","BerkeleyDBMemoryversionProductLine"
"258","123.610211","BerkeleyDBMemoryversionProductLine"
"259","150.675067","BerkeleyDBMemoryversionProductLine"
"260","121.671651","BerkeleyDBMemoryversionProductLine"
"261","132.261662","BerkeleyDBMemoryversionProductLine"
"262","116.563845","BerkeleyDBMemoryversionProductLine"
"263","118.295159","BerkeleyDBMemoryversionProductLine"
"264","119.706721","BerkeleyDBMemoryversionProductLine"
"265","123.531777","BerkeleyDBMemoryversionProductLine"
"266","202.74317","BerkeleyDBMemoryversionProductLine"
"267","116.187134","BerkeleyDBMemoryversionProductLine"
"268","133.852523","BerkeleyDBMemoryversionProductLine"
"269","126.050416","BerkeleyDBMemoryversionProductLine"
"270","128.695363","BerkeleyDBMemoryversionProductLine"
"271","137.006872","BerkeleyDBMemoryversionProductLine"
"272","125.536547","BerkeleyDBMemoryversionProductLine"
"273","121.753469","BerkeleyDBMemoryversionProductLine"
"274","130.080253","BerkeleyDBMemoryversionProductLine"
"275","117.755664","BerkeleyDBMemoryversionProductLine"
"276","128.935094","BerkeleyDBMemoryversionProductLine"
"277","127.453815","BerkeleyDBMemoryversionProductLine"
"278","119.626716","BerkeleyDBMemoryversionProductLine"
"279","187.710852","BerkeleyDBMemoryversionProductLine"
"280","125.932633","BerkeleyDBMemoryversionProductLine"
"281","204.528768","BerkeleyDBMemoryversionProductLine"
"282","121.630316","BerkeleyDBMemoryversionProductLine"
"283","121.550766","BerkeleyDBMemoryversionProductLine"
"284","138.667151","BerkeleyDBMemoryversionProductLine"
"285","126.57316","BerkeleyDBMemoryversionProductLine"
"286","123.19692","BerkeleyDBMemoryversionProductLine"
"287","127.95303","BerkeleyDBMemoryversionProductLine"
"288","131.414582","BerkeleyDBMemoryversionProductLine"
"289","127.903415","BerkeleyDBMemoryversionProductLine"
"290","122.240914","BerkeleyDBMemoryversionProductLine"
"291","128.01804","BerkeleyDBMemoryversionProductLine"
"292","120.459359","BerkeleyDBMemoryversionProductLine"
"293","130.000827","BerkeleyDBMemoryversionProductLine"
"294","131.463887","BerkeleyDBMemoryversionProductLine"
"295","131.064337","BerkeleyDBMemoryversionProductLine"
"296","131.362509","BerkeleyDBMemoryversionProductLine"
"297","116.408586","BerkeleyDBMemoryversionProductLine"
"298","125.219954","BerkeleyDBMemoryversionProductLine"
"299","120.436458","BerkeleyDBMemoryversionProductLine"
"300","121.34868","BerkeleyDBMemoryversionProductLine"
"301","131.247348","SensorNetworkProductLine"
"302","137.169326","SensorNetworkProductLine"
"303","135.219402","SensorNetworkProductLine"
"304","141.954827","SensorNetworkProductLine"
"305","138.540144","SensorNetworkProductLine"
"306","140.143166","SensorNetworkProductLine"
"307","163.326112","SensorNetworkProductLine"
"308","139.959507","SensorNetworkProductLine"
"309","140.034837","SensorNetworkProductLine"
"310","136.495244","SensorNetworkProductLine"
"311","140.941747","SensorNetworkProductLine"
"312","136.235941","SensorNetworkProductLine"
"313","146.108297","SensorNetworkProductLine"
"314","143.388591","SensorNetworkProductLine"
"315","166.623052","SensorNetworkProductLine"
"316","143.879396","SensorNetworkProductLine"
"317","146.62846","SensorNetworkProductLine"
"318","135.21204","SensorNetworkProductLine"
"319","143.168496","SensorNetworkProductLine"
"320","144.051938","SensorNetworkProductLine"
"321","148.763017","SensorNetworkProductLine"
"322","143.638293","SensorNetworkProductLine"
"323","140.262355","SensorNetworkProductLine"
"324","146.884668","SensorNetworkProductLine"
"325","136.853337","SensorNetworkProductLine"
"326","138.985206","SensorNetworkProductLine"
"327","137.074626","SensorNetworkProductLine"
"328","134.400752","SensorNetworkProductLine"
"329","136.120224","SensorNetworkProductLine"
"330","146.004788","SensorNetworkProductLine"
"331","145.134865","SensorNetworkProductLine"
"332","146.752975","SensorNetworkProductLine"
"333","150.094243","SensorNetworkProductLine"
"334","156.27295","SensorNetworkProductLine"
"335","140.110607","SensorNetworkProductLine"
"336","159.477141","SensorNetworkProductLine"
"337","136.246387","SensorNetworkProductLine"
"338","137.905551","SensorNetworkProductLine"
"339","143.863933","SensorNetworkProductLine"
"340","172.965144","SensorNetworkProductLine"
"341","138.355645","SensorNetworkProductLine"
"342","146.124022","SensorNetworkProductLine"
"343","145.300566","SensorNetworkProductLine"
"344","166.010157","SensorNetworkProductLine"
"345","135.529732","SensorNetworkProductLine"
"346","150.566551","SensorNetworkProductLine"
"347","133.549974","SensorNetworkProductLine"
"348","135.430213","SensorNetworkProductLine"
"349","142.732996","SensorNetworkProductLine"
"350","146.400232","SensorNetworkProductLine"
"351","139.475199","SensorNetworkProductLine"
"352","150.29414","SensorNetworkProductLine"
"353","145.252559","SensorNetworkProductLine"
"354","141.644263","SensorNetworkProductLine"
"355","222.179575","SensorNetworkProductLine"
"356","144.075814","SensorNetworkProductLine"
"357","142.894307","SensorNetworkProductLine"
"358","150.660961","SensorNetworkProductLine"
"359","152.537172","SensorNetworkProductLine"
"360","146.019451","SensorNetworkProductLine"
"361","152.153608","SensorNetworkProductLine"
"362","227.505568","SensorNetworkProductLine"
"363","141.459188","SensorNetworkProductLine"
"364","144.616732","SensorNetworkProductLine"
"365","142.918099","SensorNetworkProductLine"
"366","145.781041","SensorNetworkProductLine"
"367","174.878301","SensorNetworkProductLine"
"368","144.636833","SensorNetworkProductLine"
"369","132.925434","SensorNetworkProductLine"
"370","171.025284","SensorNetworkProductLine"
"371","146.324321","SensorNetworkProductLine"
"372","143.640226","SensorNetworkProductLine"
"373","148.991965","SensorNetworkProductLine"
"374","179.28283","SensorNetworkProductLine"
"375","146.226097","SensorNetworkProductLine"
"376","143.370704","SensorNetworkProductLine"
"377","166.261403","SensorNetworkProductLine"
"378","135.388481","SensorNetworkProductLine"
"379","140.472132","SensorNetworkProductLine"
"380","149.190344","SensorNetworkProductLine"
"381","148.342493","SensorNetworkProductLine"
"382","139.135294","SensorNetworkProductLine"
"383","142.981675","SensorNetworkProductLine"
"384","154.29652","SensorNetworkProductLine"
"385","146.231692","SensorNetworkProductLine"
"386","133.665482","SensorNetworkProductLine"
"387","142.320318","SensorNetworkProductLine"
"388","148.205194","SensorNetworkProductLine"
"389","136.826109","SensorNetworkProductLine"
"390","144.019696","SensorNetworkProductLine"
"391","148.759352","SensorNetworkProductLine"
"392","144.996515","SensorNetworkProductLine"
"393","134.27535","SensorNetworkProductLine"
"394","138.113038","SensorNetworkProductLine"
"395","162.538832","SensorNetworkProductLine"
"396","144.747347","SensorNetworkProductLine"
"397","165.063844","SensorNetworkProductLine"
"398","161.81149","SensorNetworkProductLine"
"399","144.978815","SensorNetworkProductLine"
"400","143.600003","SensorNetworkProductLine"
"401","157.820926","StrategyMobileGame"
"402","149.632964","StrategyMobileGame"
"403","159.384267","StrategyMobileGame"
"404","158.825327","StrategyMobileGame"
"405","181.090377","StrategyMobileGame"
"406","176.279781","StrategyMobileGame"
"407","171.15313","StrategyMobileGame"
"408","159.428564","StrategyMobileGame"
"409","158.874067","StrategyMobileGame"
"410","149.650788","StrategyMobileGame"
"411","159.772335","StrategyMobileGame"
"412","156.452462","StrategyMobileGame"
"413","154.36703","StrategyMobileGame"
"414","158.354606","StrategyMobileGame"
"415","157.088465","StrategyMobileGame"
"416","154.19757","StrategyMobileGame"
"417","161.737257","StrategyMobileGame"
"418","163.838503","StrategyMobileGame"
"419","157.217599","StrategyMobileGame"
"420","175.161811","StrategyMobileGame"
"421","152.782787","StrategyMobileGame"
"422","157.519308","StrategyMobileGame"
"423","165.876243","StrategyMobileGame"
"424","154.788279","StrategyMobileGame"
"425","180.783745","StrategyMobileGame"
"426","167.600345","StrategyMobileGame"
"427","162.247394","StrategyMobileGame"
"428","168.461901","StrategyMobileGame"
"429","156.694851","StrategyMobileGame"
"430","174.869","StrategyMobileGame"
"431","158.160976","StrategyMobileGame"
"432","156.541745","StrategyMobileGame"
"433","161.012926","StrategyMobileGame"
"434","158.345644","StrategyMobileGame"
"435","156.795093","StrategyMobileGame"
"436","161.367394","StrategyMobileGame"
"437","169.835371","StrategyMobileGame"
"438","154.490663","StrategyMobileGame"
"439","149.104581","StrategyMobileGame"
"440","161.986032","StrategyMobileGame"
"441","158.140864","StrategyMobileGame"
"442","162.995676","StrategyMobileGame"
"443","161.005044","StrategyMobileGame"
"444","177.42661","StrategyMobileGame"
"445","162.764162","StrategyMobileGame"
"446","154.221438","StrategyMobileGame"
"447","157.580187","StrategyMobileGame"
"448","168.712263","StrategyMobileGame"
"449","177.418855","StrategyMobileGame"
"450","154.663026","StrategyMobileGame"
"451","159.77311","StrategyMobileGame"
"452","159.677514","StrategyMobileGame"
"453","186.048327","StrategyMobileGame"
"454","159.000505","StrategyMobileGame"
"455","172.124411","StrategyMobileGame"
"456","153.854345","StrategyMobileGame"
"457","184.457382","StrategyMobileGame"
"458","171.901682","StrategyMobileGame"
"459","192.043756","StrategyMobileGame"
"460","165.694877","StrategyMobileGame"
"461","168.181277","StrategyMobileGame"
"462","172.076732","StrategyMobileGame"
"463","281.565721","StrategyMobileGame"
"464","161.259441","StrategyMobileGame"
"465","162.684994","StrategyMobileGame"
"466","169.432408","StrategyMobileGame"
"467","163.308646","StrategyMobileGame"
"468","167.689821","StrategyMobileGame"
"469","160.568893","StrategyMobileGame"
"470","164.178207","StrategyMobileGame"
"471","157.151423","StrategyMobileGame"
"472","164.752692","StrategyMobileGame"
"473","157.976199","StrategyMobileGame"
"474","152.378888","StrategyMobileGame"
"475","154.398172","StrategyMobileGame"
"476","162.969398","StrategyMobileGame"
"477","174.207101","StrategyMobileGame"
"478","159.983954","StrategyMobileGame"
"479","164.59222","StrategyMobileGame"
"480","167.944473","StrategyMobileGame"
"481","162.121926","StrategyMobileGame"
"482","158.049284","StrategyMobileGame"
"483","258.939717","StrategyMobileGame"
"484","157.746332","StrategyMobileGame"
"485","166.827439","StrategyMobileGame"
"486","161.00505","StrategyMobileGame"
"487","178.898342","StrategyMobileGame"
"488","161.279577","StrategyMobileGame"
"489","160.962186","StrategyMobileGame"
"490","156.660787","StrategyMobileGame"
"491","174.898997","StrategyMobileGame"
"492","158.61647","StrategyMobileGame"
"493","183.733163","StrategyMobileGame"
"494","165.358811","StrategyMobileGame"
"495","185.239505","StrategyMobileGame"
"496","165.40345","StrategyMobileGame"
"497","171.393223","StrategyMobileGame"
"498","172.602558","StrategyMobileGame"
"499","157.475445","StrategyMobileGame"
"500","159.328427","StrategyMobileGame"
"501","157.407314","TankWar"
"502","158.061339","TankWar"
"503","167.612055","TankWar"
"504","172.074722","TankWar"
"505","166.657481","TankWar"
"506","161.123605","TankWar"
"507","157.982371","TankWar"
"508","179.923608","TankWar"
"509","204.814153","TankWar"
"510","155.382797","TankWar"
"511","166.746995","TankWar"
"512","164.188857","TankWar"
"513","162.036402","TankWar"
"514","165.176974","TankWar"
"515","156.47281","TankWar"
"516","167.515331","TankWar"
"517","178.021185","TankWar"
"518","173.119518","TankWar"
"519","175.057587","TankWar"
"520","159.929771","TankWar"
"521","160.94421","TankWar"
"522","169.41298","TankWar"
"523","182.419802","TankWar"
"524","161.085472","TankWar"
"525","159.817323","TankWar"
"526","187.385969","TankWar"
"527","169.814872","TankWar"
"528","208.187787","TankWar"
"529","172.30398","TankWar"
"530","185.616388","TankWar"
"531","165.82015","TankWar"
"532","174.936143","TankWar"
"533","162.018576","TankWar"
"534","179.744415","TankWar"
"535","169.907113","TankWar"
"536","167.126398","TankWar"
"537","272.903357","TankWar"
"538","164.011709","TankWar"
"539","160.917828","TankWar"
"540","158.666915","TankWar"
"541","186.769255","TankWar"
"542","227.778345","TankWar"
"543","159.537668","TankWar"
"544","204.724074","TankWar"
"545","167.674884","TankWar"
"546","183.661176","TankWar"
"547","161.938527","TankWar"
"548","164.538763","TankWar"
"549","169.071457","TankWar"
"550","184.58823","TankWar"
"551","159.482896","TankWar"
"552","167.259412","TankWar"
"553","179.977098","TankWar"
"554","177.259885","TankWar"
"555","170.620189","TankWar"
"556","211.772275","TankWar"
"557","187.010117","TankWar"
"558","167.903048","TankWar"
"559","173.003259","TankWar"
"560","172.673284","TankWar"
"561","197.277327","TankWar"
"562","180.250649","TankWar"
"563","206.627623","TankWar"
"564","162.966776","TankWar"
"565","200.174578","TankWar"
"566","162.784649","TankWar"
"567","165.944587","TankWar"
"568","163.817652","TankWar"
"569","169.194786","TankWar"
"570","188.120619","TankWar"
"571","180.613452","TankWar"
"572","170.960055","TankWar"
"573","172.923085","TankWar"
"574","191.729133","TankWar"
"575","171.916313","TankWar"
"576","168.265943","TankWar"
"577","170.489116","TankWar"
"578","223.870419","TankWar"
"579","178.496052","TankWar"
"580","179.50607","TankWar"
"581","175.150618","TankWar"
"582","161.173438","TankWar"
"583","183.180457","TankWar"
"584","164.578119","TankWar"
"585","172.684968","TankWar"
"586","184.461867","TankWar"
"587","166.267842","TankWar"
"588","165.137289","TankWar"
"589","164.391162","TankWar"
"590","205.017567","TankWar"
"591","181.098751","TankWar"
"592","1186.278479","TankWar"
"593","174.470039","TankWar"
"594","169.870073","TankWar"
"595","173.482622","TankWar"
"596","165.547387","TankWar"
"597","175.387957","TankWar"
"598","174.677252","TankWar"
"599","158.804951","TankWar"
"600","164.063753","TankWar"
"601","170.538864","MobileMedia2"
"602","173.358165","MobileMedia2"
"603","180.98503","MobileMedia2"
"604","190.058955","MobileMedia2"
"605","173.901519","MobileMedia2"
"606","172.096311","MobileMedia2"
"607","197.020207","MobileMedia2"
"608","180.235839","MobileMedia2"
"609","191.503866","MobileMedia2"
"610","174.43433","MobileMedia2"
"611","180.044066","MobileMedia2"
"612","191.789202","MobileMedia2"
"613","194.951842","MobileMedia2"
"614","187.29612","MobileMedia2"
"615","171.153606","MobileMedia2"
"616","205.378492","MobileMedia2"
"617","191.987273","MobileMedia2"
"618","188.900268","MobileMedia2"
"619","176.933946","MobileMedia2"
"620","186.572608","MobileMedia2"
"621","205.453888","MobileMedia2"
"622","176.813449","MobileMedia2"
"623","187.747376","MobileMedia2"
"624","171.919033","MobileMedia2"
"625","176.007951","MobileMedia2"
"626","183.132581","MobileMedia2"
"627","187.191252","MobileMedia2"
"628","199.702839","MobileMedia2"
"629","184.715443","MobileMedia2"
"630","219.24258","MobileMedia2"
"631","181.588452","MobileMedia2"
"632","190.382296","MobileMedia2"
"633","176.47918","MobileMedia2"
"634","176.30608","MobileMedia2"
"635","187.221162","MobileMedia2"
"636","173.381251","MobileMedia2"
"637","185.333059","MobileMedia2"
"638","196.338608","MobileMedia2"
"639","182.189569","MobileMedia2"
"640","181.450982","MobileMedia2"
"641","186.687047","MobileMedia2"
"642","180.401621","MobileMedia2"
"643","180.521803","MobileMedia2"
"644","185.792936","MobileMedia2"
"645","208.478944","MobileMedia2"
"646","197.449218","MobileMedia2"
"647","177.468985","MobileMedia2"
"648","188.636094","MobileMedia2"
"649","186.543246","MobileMedia2"
"650","188.150901","MobileMedia2"
"651","184.643041","MobileMedia2"
"652","183.131045","MobileMedia2"
"653","192.823677","MobileMedia2"
"654","190.647391","MobileMedia2"
"655","269.208934","MobileMedia2"
"656","195.176118","MobileMedia2"
"657","283.545546","MobileMedia2"
"658","214.364467","MobileMedia2"
"659","189.255606","MobileMedia2"
"660","179.854458","MobileMedia2"
"661","178.799797","MobileMedia2"
"662","194.16602","MobileMedia2"
"663","199.880961","MobileMedia2"
"664","181.839587","MobileMedia2"
"665","203.662263","MobileMedia2"
"666","190.87531","MobileMedia2"
"667","202.244103","MobileMedia2"
"668","191.642023","MobileMedia2"
"669","185.364901","MobileMedia2"
"670","203.265995","MobileMedia2"
"671","191.234401","MobileMedia2"
"672","193.03522","MobileMedia2"
"673","195.542707","MobileMedia2"
"674","208.579398","MobileMedia2"
"675","215.195631","MobileMedia2"
"676","186.557036","MobileMedia2"
"677","178.209423","MobileMedia2"
"678","200.273356","MobileMedia2"
"679","188.146384","MobileMedia2"
"680","182.729948","MobileMedia2"
"681","183.206615","MobileMedia2"
"682","173.054137","MobileMedia2"
"683","180.72058","MobileMedia2"
"684","211.86618","MobileMedia2"
"685","181.537575","MobileMedia2"
"686","182.901267","MobileMedia2"
"687","180.939391","MobileMedia2"
"688","185.232381","MobileMedia2"
"689","178.572905","MobileMedia2"
"690","192.901741","MobileMedia2"
"691","266.396513","MobileMedia2"
"692","215.38523","MobileMedia2"
"693","183.922535","MobileMedia2"
"694","183.709536","MobileMedia2"
"695","257.006627","MobileMedia2"
"696","177.244683","MobileMedia2"
"697","180.582133","MobileMedia2"
"698","176.663239","MobileMedia2"
"699","178.75942","MobileMedia2"
"700","204.097841","MobileMedia2"
"701","184.578454","MobileGuide"
"702","189.257634","MobileGuide"
"703","192.928014","MobileGuide"
"704","187.241543","MobileGuide"
"705","187.116559","MobileGuide"
"706","263.98518","MobileGuide"
"707","183.671864","MobileGuide"
"708","180.62018","MobileGuide"
"709","176.338683","MobileGuide"
"710","188.889487","MobileGuide"
"711","192.677174","MobileGuide"
"712","195.768762","MobileGuide"
"713","189.752038","MobileGuide"
"714","187.945226","MobileGuide"
"715","174.968602","MobileGuide"
"716","198.930514","MobileGuide"
"717","188.008133","MobileGuide"
"718","186.575357","MobileGuide"
"719","185.918895","MobileGuide"
"720","186.096626","MobileGuide"
"721","181.153361","MobileGuide"
"722","182.631177","MobileGuide"
"723","224.076752","MobileGuide"
"724","189.892763","MobileGuide"
"725","176.102046","MobileGuide"
"726","185.567738","MobileGuide"
"727","197.671958","MobileGuide"
"728","180.324542","MobileGuide"
"729","176.470647","MobileGuide"
"730","220.140634","MobileGuide"
"731","190.483766","MobileGuide"
"732","184.922807","MobileGuide"
"733","191.895526","MobileGuide"
"734","206.324604","MobileGuide"
"735","182.334429","MobileGuide"
"736","191.438362","MobileGuide"
"737","181.004628","MobileGuide"
"738","291.350088","MobileGuide"
"739","197.726899","MobileGuide"
"740","196.653915","MobileGuide"
"741","194.723691","MobileGuide"
"742","188.66585","MobileGuide"
"743","180.610977","MobileGuide"
"744","188.130136","MobileGuide"
"745","177.927875","MobileGuide"
"746","207.783391","MobileGuide"
"747","182.399591","MobileGuide"
"748","190.110128","MobileGuide"
"749","179.691729","MobileGuide"
"750","201.768707","MobileGuide"
"751","195.259611","MobileGuide"
"752","211.078706","MobileGuide"
"753","300.613023","MobileGuide"
"754","206.496351","MobileGuide"
"755","181.607469","MobileGuide"
"756","186.914495","MobileGuide"
"757","197.618903","MobileGuide"
"758","196.145689","MobileGuide"
"759","186.485875","MobileGuide"
"760","196.61264","MobileGuide"
"761","193.160581","MobileGuide"
"762","186.430813","MobileGuide"
"763","203.086836","MobileGuide"
"764","188.700652","MobileGuide"
"765","202.010385","MobileGuide"
"766","196.971313","MobileGuide"
"767","204.673516","MobileGuide"
"768","192.714022","MobileGuide"
"769","186.037086","MobileGuide"
"770","249.440175","MobileGuide"
"771","190.737092","MobileGuide"
"772","296.791447","MobileGuide"
"773","195.244363","MobileGuide"
"774","276.093379","MobileGuide"
"775","233.940035","MobileGuide"
"776","189.045373","MobileGuide"
"777","192.753276","MobileGuide"
"778","210.9554","MobileGuide"
"779","292.872453","MobileGuide"
"780","210.47883","MobileGuide"
"781","195.050184","MobileGuide"
"782","227.267014","MobileGuide"
"783","196.578384","MobileGuide"
"784","193.712923","MobileGuide"
"785","191.329346","MobileGuide"
"786","192.797892","MobileGuide"
"787","190.800884","MobileGuide"
"788","197.619996","MobileGuide"
"789","196.232283","MobileGuide"
"790","183.101158","MobileGuide"
"791","192.48354","MobileGuide"
"792","178.43505","MobileGuide"
"793","194.413463","MobileGuide"
"794","193.0557","MobileGuide"
"795","195.768082","MobileGuide"
"796","197.947489","MobileGuide"
"797","183.478147","MobileGuide"
"798","180.385752","MobileGuide"
"799","287.297704","MobileGuide"
"800","178.441249","MobileGuide"
"801","1770.625516","SPLOT-3CNF-FM-500-50-1.00-SAT-1"
"802","1884.087503","SPLOT-3CNF-FM-500-50-1.00-SAT-1"
"803","1917.302926","SPLOT-3CNF-FM-500-50-1.00-SAT-1"
"804","1912.802626","SPLOT-3CNF-FM-500-50-1.00-SAT-1"
"805","1750.314265","SPLOT-3CNF-FM-500-50-1.00-SAT-1"
"806","1781.8483","SPLOT-3CNF-FM-500-50-1.00-SAT-1"
"807","1864.276704","SPLOT-3CNF-FM-500-50-1.00-SAT-1"
"808","2237.273636","SPLOT-3CNF-FM-500-50-1.00-SAT-1"
"809","1799.951106","SPLOT-3CNF-FM-500-50-1.00-SAT-1"
"810","1734.84366","SPLOT-3CNF-FM-500-50-1.00-SAT-1"
"811","1900.019441","SPLOT-3CNF-FM-500-50-1.00-SAT-1"
"812","1758.929981","SPLOT-3CNF-FM-500-50-1.00-SAT-1"
"813","1863.022791","SPLOT-3CNF-FM-500-50-1.00-SAT-1"
"814","1758.676409","SPLOT-3CNF-FM-500-50-1.00-SAT-1"
"815","1726.129025","SPLOT-3CNF-FM-500-50-1.00-SAT-1"
"816","1736.34015","SPLOT-3CNF-FM-500-50-1.00-SAT-1"
"817","1811.387509","SPLOT-3CNF-FM-500-50-1.00-SAT-1"
"818","1774.534217","SPLOT-3CNF-FM-500-50-1.00-SAT-1"
"819","1743.989261","SPLOT-3CNF-FM-500-50-1.00-SAT-1"
"820","1787.583529","SPLOT-3CNF-FM-500-50-1.00-SAT-1"
"821","1877.849548","SPLOT-3CNF-FM-500-50-1.00-SAT-1"
"822","1866.279277","SPLOT-3CNF-FM-500-50-1.00-SAT-1"
"823","1797.108772","SPLOT-3CNF-FM-500-50-1.00-SAT-1"
"824","1819.313649","SPLOT-3CNF-FM-500-50-1.00-SAT-1"
"825","1856.434763","SPLOT-3CNF-FM-500-50-1.00-SAT-1"
"826","1853.791438","SPLOT-3CNF-FM-500-50-1.00-SAT-1"
"827","1908.284349","SPLOT-3CNF-FM-500-50-1.00-SAT-1"
"828","1758.314738","SPLOT-3CNF-FM-500-50-1.00-SAT-1"
"829","1765.986477","SPLOT-3CNF-FM-500-50-1.00-SAT-1"
"830","1897.183545","SPLOT-3CNF-FM-500-50-1.00-SAT-1"
"831","1781.591996","SPLOT-3CNF-FM-500-50-1.00-SAT-1"
"832","1891.015233","SPLOT-3CNF-FM-500-50-1.00-SAT-1"
"833","1743.361808","SPLOT-3CNF-FM-500-50-1.00-SAT-1"
"834","1822.201531","SPLOT-3CNF-FM-500-50-1.00-SAT-1"
"835","1790.455418","SPLOT-3CNF-FM-500-50-1.00-SAT-1"
"836","1851.480295","SPLOT-3CNF-FM-500-50-1.00-SAT-1"
"837","1953.329816","SPLOT-3CNF-FM-500-50-1.00-SAT-1"
"838","1760.867848","SPLOT-3CNF-FM-500-50-1.00-SAT-1"
"839","1793.552339","SPLOT-3CNF-FM-500-50-1.00-SAT-1"
"840","1857.617436","SPLOT-3CNF-FM-500-50-1.00-SAT-1"
"841","1777.408725","SPLOT-3CNF-FM-500-50-1.00-SAT-1"
"842","1768.398392","SPLOT-3CNF-FM-500-50-1.00-SAT-1"
"843","1875.705866","SPLOT-3CNF-FM-500-50-1.00-SAT-1"
"844","1798.702202","SPLOT-3CNF-FM-500-50-1.00-SAT-1"
"845","1925.155092","SPLOT-3CNF-FM-500-50-1.00-SAT-1"
"846","1944.984722","SPLOT-3CNF-FM-500-50-1.00-SAT-1"
"847","1849.310498","SPLOT-3CNF-FM-500-50-1.00-SAT-1"
"848","1879.662872","SPLOT-3CNF-FM-500-50-1.00-SAT-1"
"849","1861.675927","SPLOT-3CNF-FM-500-50-1.00-SAT-1"
"850","1967.614276","SPLOT-3CNF-FM-500-50-1.00-SAT-1"
"851","1740.520178","SPLOT-3CNF-FM-500-50-1.00-SAT-1"
"852","1980.992727","SPLOT-3CNF-FM-500-50-1.00-SAT-1"
"853","1798.005831","SPLOT-3CNF-FM-500-50-1.00-SAT-1"
"854","1844.732399","SPLOT-3CNF-FM-500-50-1.00-SAT-1"
"855","1794.851901","SPLOT-3CNF-FM-500-50-1.00-SAT-1"
"856","1718.75169","SPLOT-3CNF-FM-500-50-1.00-SAT-1"
"857","1887.111465","SPLOT-3CNF-FM-500-50-1.00-SAT-1"
"858","1891.201391","SPLOT-3CNF-FM-500-50-1.00-SAT-1"
"859","1776.356397","SPLOT-3CNF-FM-500-50-1.00-SAT-1"
"860","1831.666077","SPLOT-3CNF-FM-500-50-1.00-SAT-1"
"861","1872.763061","SPLOT-3CNF-FM-500-50-1.00-SAT-1"
"862","1936.887448","SPLOT-3CNF-FM-500-50-1.00-SAT-1"
"863","1899.510764","SPLOT-3CNF-FM-500-50-1.00-SAT-1"
"864","1882.837716","SPLOT-3CNF-FM-500-50-1.00-SAT-1"
"865","1859.616031","SPLOT-3CNF-FM-500-50-1.00-SAT-1"
"866","1810.637626","SPLOT-3CNF-FM-500-50-1.00-SAT-1"
"867","1862.843585","SPLOT-3CNF-FM-500-50-1.00-SAT-1"
"868","1727.24261","SPLOT-3CNF-FM-500-50-1.00-SAT-1"
"869","1858.248391","SPLOT-3CNF-FM-500-50-1.00-SAT-1"
"870","1815.297579","SPLOT-3CNF-FM-500-50-1.00-SAT-1"
"871","1932.181463","SPLOT-3CNF-FM-500-50-1.00-SAT-1"
"872","1802.280229","SPLOT-3CNF-FM-500-50-1.00-SAT-1"
"873","1751.342765","SPLOT-3CNF-FM-500-50-1.00-SAT-1"
"874","1898.163197","SPLOT-3CNF-FM-500-50-1.00-SAT-1"
"875","1833.19724","SPLOT-3CNF-FM-500-50-1.00-SAT-1"
"876","1837.28978","SPLOT-3CNF-FM-500-50-1.00-SAT-1"
"877","1761.467212","SPLOT-3CNF-FM-500-50-1.00-SAT-1"
"878","1840.489123","SPLOT-3CNF-FM-500-50-1.00-SAT-1"
"879","1923.632471","SPLOT-3CNF-FM-500-50-1.00-SAT-1"
"880","1773.879513","SPLOT-3CNF-FM-500-50-1.00-SAT-1"
"881","1706.019086","SPLOT-3CNF-FM-500-50-1.00-SAT-1"
"882","1840.431744","SPLOT-3CNF-FM-500-50-1.00-SAT-1"
"883","1839.344447","SPLOT-3CNF-FM-500-50-1.00-SAT-1"
"884","1811.604976","SPLOT-3CNF-FM-500-50-1.00-SAT-1"
"885","1749.986797","SPLOT-3CNF-FM-500-50-1.00-SAT-1"
"886","1813.10844","SPLOT-3CNF-FM-500-50-1.00-SAT-1"
"887","1858.481167","SPLOT-3CNF-FM-500-50-1.00-SAT-1"
"888","1832.215003","SPLOT-3CNF-FM-500-50-1.00-SAT-1"
"889","1857.511341","SPLOT-3CNF-FM-500-50-1.00-SAT-1"
"890","1875.652361","SPLOT-3CNF-FM-500-50-1.00-SAT-1"
"891","1887.824526","SPLOT-3CNF-FM-500-50-1.00-SAT-1"
"892","1927.553131","SPLOT-3CNF-FM-500-50-1.00-SAT-1"
"893","1885.605289","SPLOT-3CNF-FM-500-50-1.00-SAT-1"
"894","2098.44738","SPLOT-3CNF-FM-500-50-1.00-SAT-1"
"895","1977.833191","SPLOT-3CNF-FM-500-50-1.00-SAT-1"
"896","1909.165626","SPLOT-3CNF-FM-500-50-1.00-SAT-1"
"897","1773.211476","SPLOT-3CNF-FM-500-50-1.00-SAT-1"
"898","1795.117098","SPLOT-3CNF-FM-500-50-1.00-SAT-1"
"899","1919.500999","SPLOT-3CNF-FM-500-50-1.00-SAT-1"
"900","1859.151186","SPLOT-3CNF-FM-500-50-1.00-SAT-1"
