"","TIME","ALTERNATIVE"
"1","14.866115","x264ProductLine"
"2","7.912989","x264ProductLine"
"3","14.444474","x264ProductLine"
"4","13.266585","x264ProductLine"
"5","10.70743","x264ProductLine"
"6","9.392133","x264ProductLine"
"7","14.700649","x264ProductLine"
"8","11.42432","x264ProductLine"
"9","12.340986","x264ProductLine"
"10","9.686941","x264ProductLine"
"11","13.940389","x264ProductLine"
"12","11.397824","x264ProductLine"
"13","8.898265","x264ProductLine"
"14","9.661832","x264ProductLine"
"15","12.509387","x264ProductLine"
"16","9.560629","x264ProductLine"
"17","16.259176","x264ProductLine"
"18","8.869755","x264ProductLine"
"19","9.369896","x264ProductLine"
"20","8.998511","x264ProductLine"
"21","13.379992","x264ProductLine"
"22","12.771624","x264ProductLine"
"23","11.930594","x264ProductLine"
"24","11.704315","x264ProductLine"
"25","10.014094","x264ProductLine"
"26","13.954573","x264ProductLine"
"27","17.193654","x264ProductLine"
"28","11.251549","x264ProductLine"
"29","14.364444","x264ProductLine"
"30","13.025864","x264ProductLine"
"31","14.699565","x264ProductLine"
"32","8.551278","x264ProductLine"
"33","11.662525","x264ProductLine"
"34","7.748526","x264ProductLine"
"35","10.895987","x264ProductLine"
"36","9.807909","x264ProductLine"
"37","14.182243","x264ProductLine"
"38","9.673003","x264ProductLine"
"39","10.251476","x264ProductLine"
"40","13.00331","x264ProductLine"
"41","11.865331","x264ProductLine"
"42","10.84904","x264ProductLine"
"43","10.496056","x264ProductLine"
"44","16.745523","x264ProductLine"
"45","8.138183","x264ProductLine"
"46","8.422784","x264ProductLine"
"47","9.775104","x264ProductLine"
"48","16.88079","x264ProductLine"
"49","10.973746","x264ProductLine"
"50","11.600156","x264ProductLine"
"51","9.383807","x264ProductLine"
"52","11.181825","x264ProductLine"
"53","13.074375","x264ProductLine"
"54","12.280555","x264ProductLine"
"55","12.635503","x264ProductLine"
"56","12.567064","x264ProductLine"
"57","15.96914","x264ProductLine"
"58","10.874435","x264ProductLine"
"59","11.710972","x264ProductLine"
"60","10.922531","x264ProductLine"
"61","8.933824","x264ProductLine"
"62","9.864179","x264ProductLine"
"63","14.124693","x264ProductLine"
"64","12.092214","x264ProductLine"
"65","10.949442","x264ProductLine"
"66","10.956567","x264ProductLine"
"67","16.671063","x264ProductLine"
"68","13.560694","x264ProductLine"
"69","7.556186","x264ProductLine"
"70","11.494231","x264ProductLine"
"71","12.442586","x264ProductLine"
"72","11.642748","x264ProductLine"
"73","13.178978","x264ProductLine"
"74","9.809969","x264ProductLine"
"75","16.734574","x264ProductLine"
"76","11.597804","x264ProductLine"
"77","10.930911","x264ProductLine"
"78","11.390711","x264ProductLine"
"79","13.997806","x264ProductLine"
"80","9.563605","x264ProductLine"
"81","12.386776","x264ProductLine"
"82","14.915751","x264ProductLine"
"83","12.750895","x264ProductLine"
"84","12.290305","x264ProductLine"
"85","16.484897","x264ProductLine"
"86","12.490329","x264ProductLine"
"87","17.506424","x264ProductLine"
"88","8.999053","x264ProductLine"
"89","8.606196","x264ProductLine"
"90","12.235621","x264ProductLine"
"91","11.708882","x264ProductLine"
"92","8.047306","x264ProductLine"
"93","11.013007","x264ProductLine"
"94","11.012854","x264ProductLine"
"95","16.826691","x264ProductLine"
"96","15.449896","x264ProductLine"
"97","8.308713","x264ProductLine"
"98","10.626271","x264ProductLine"
"99","9.538132","x264ProductLine"
"100","8.478504","x264ProductLine"
"101","11.946257","WgetProductLine"
"102","12.477517","WgetProductLine"
"103","12.922602","WgetProductLine"
"104","12.798516","WgetProductLine"
"105","12.110399","WgetProductLine"
"106","11.50862","WgetProductLine"
"107","10.381343","WgetProductLine"
"108","12.100388","WgetProductLine"
"109","11.057907","WgetProductLine"
"110","13.509969","WgetProductLine"
"111","20.913966","WgetProductLine"
"112","9.927456","WgetProductLine"
"113","10.993774","WgetProductLine"
"114","9.953641","WgetProductLine"
"115","11.099547","WgetProductLine"
"116","10.877899","WgetProductLine"
"117","15.061547","WgetProductLine"
"118","11.049279","WgetProductLine"
"119","13.963958","WgetProductLine"
"120","17.701035","WgetProductLine"
"121","10.517746","WgetProductLine"
"122","11.874886","WgetProductLine"
"123","11.235326","WgetProductLine"
"124","10.130338","WgetProductLine"
"125","19.069425","WgetProductLine"
"126","12.524888","WgetProductLine"
"127","11.583707","WgetProductLine"
"128","10.802413","WgetProductLine"
"129","12.196147","WgetProductLine"
"130","12.638846","WgetProductLine"
"131","11.265775","WgetProductLine"
"132","11.954216","WgetProductLine"
"133","12.511532","WgetProductLine"
"134","12.854602","WgetProductLine"
"135","12.72374","WgetProductLine"
"136","16.249798","WgetProductLine"
"137","16.103537","WgetProductLine"
"138","11.951706","WgetProductLine"
"139","14.517994","WgetProductLine"
"140","97.920613","WgetProductLine"
"141","14.900108","WgetProductLine"
"142","17.254555","WgetProductLine"
"143","14.041094","WgetProductLine"
"144","12.094706","WgetProductLine"
"145","17.568543","WgetProductLine"
"146","11.214322","WgetProductLine"
"147","10.38426","WgetProductLine"
"148","12.815993","WgetProductLine"
"149","11.805364","WgetProductLine"
"150","12.016891","WgetProductLine"
"151","15.597045","WgetProductLine"
"152","11.431175","WgetProductLine"
"153","15.797599","WgetProductLine"
"154","10.929647","WgetProductLine"
"155","13.592111","WgetProductLine"
"156","12.04108","WgetProductLine"
"157","14.721162","WgetProductLine"
"158","16.055909","WgetProductLine"
"159","10.390722","WgetProductLine"
"160","11.964911","WgetProductLine"
"161","11.437314","WgetProductLine"
"162","16.33562","WgetProductLine"
"163","13.969082","WgetProductLine"
"164","30.658158","WgetProductLine"
"165","13.402824","WgetProductLine"
"166","12.77251","WgetProductLine"
"167","14.407578","WgetProductLine"
"168","12.069614","WgetProductLine"
"169","18.611007","WgetProductLine"
"170","13.64631","WgetProductLine"
"171","12.160236","WgetProductLine"
"172","10.805658","WgetProductLine"
"173","16.397036","WgetProductLine"
"174","17.900662","WgetProductLine"
"175","11.682935","WgetProductLine"
"176","14.464369","WgetProductLine"
"177","10.869567","WgetProductLine"
"178","15.367451","WgetProductLine"
"179","11.981461","WgetProductLine"
"180","16.209144","WgetProductLine"
"181","13.48244","WgetProductLine"
"182","11.005286","WgetProductLine"
"183","11.116719","WgetProductLine"
"184","13.449456","WgetProductLine"
"185","22.219578","WgetProductLine"
"186","10.952982","WgetProductLine"
"187","10.559117","WgetProductLine"
"188","13.535587","WgetProductLine"
"189","13.855109","WgetProductLine"
"190","11.659356","WgetProductLine"
"191","15.288663","WgetProductLine"
"192","11.648167","WgetProductLine"
"193","15.081022","WgetProductLine"
"194","10.30038","WgetProductLine"
"195","13.514666","WgetProductLine"
"196","11.549745","WgetProductLine"
"197","12.447664","WgetProductLine"
"198","17.106298","WgetProductLine"
"199","19.983007","WgetProductLine"
"200","13.20987","WgetProductLine"
"201","15.077771","BerkeleyDBMemoryversionProductLine"
"202","15.474017","BerkeleyDBMemoryversionProductLine"
"203","12.838733","BerkeleyDBMemoryversionProductLine"
"204","15.750705","BerkeleyDBMemoryversionProductLine"
"205","12.318059","BerkeleyDBMemoryversionProductLine"
"206","15.08853","BerkeleyDBMemoryversionProductLine"
"207","12.551345","BerkeleyDBMemoryversionProductLine"
"208","17.74207","BerkeleyDBMemoryversionProductLine"
"209","14.922996","BerkeleyDBMemoryversionProductLine"
"210","20.774541","BerkeleyDBMemoryversionProductLine"
"211","15.265151","BerkeleyDBMemoryversionProductLine"
"212","10.754115","BerkeleyDBMemoryversionProductLine"
"213","13.073728","BerkeleyDBMemoryversionProductLine"
"214","12.677365","BerkeleyDBMemoryversionProductLine"
"215","13.049245","BerkeleyDBMemoryversionProductLine"
"216","15.85612","BerkeleyDBMemoryversionProductLine"
"217","58.98518","BerkeleyDBMemoryversionProductLine"
"218","14.35686","BerkeleyDBMemoryversionProductLine"
"219","17.172015","BerkeleyDBMemoryversionProductLine"
"220","14.697636","BerkeleyDBMemoryversionProductLine"
"221","14.450892","BerkeleyDBMemoryversionProductLine"
"222","12.782793","BerkeleyDBMemoryversionProductLine"
"223","12.831321","BerkeleyDBMemoryversionProductLine"
"224","14.525936","BerkeleyDBMemoryversionProductLine"
"225","10.38008","BerkeleyDBMemoryversionProductLine"
"226","11.833045","BerkeleyDBMemoryversionProductLine"
"227","13.167","BerkeleyDBMemoryversionProductLine"
"228","14.303719","BerkeleyDBMemoryversionProductLine"
"229","11.923927","BerkeleyDBMemoryversionProductLine"
"230","13.97094","BerkeleyDBMemoryversionProductLine"
"231","12.41564","BerkeleyDBMemoryversionProductLine"
"232","19.003745","BerkeleyDBMemoryversionProductLine"
"233","12.45273","BerkeleyDBMemoryversionProductLine"
"234","11.065324","BerkeleyDBMemoryversionProductLine"
"235","12.864698","BerkeleyDBMemoryversionProductLine"
"236","22.610944","BerkeleyDBMemoryversionProductLine"
"237","69.500356","BerkeleyDBMemoryversionProductLine"
"238","12.730055","BerkeleyDBMemoryversionProductLine"
"239","15.76067","BerkeleyDBMemoryversionProductLine"
"240","10.537409","BerkeleyDBMemoryversionProductLine"
"241","11.797016","BerkeleyDBMemoryversionProductLine"
"242","18.475203","BerkeleyDBMemoryversionProductLine"
"243","13.514093","BerkeleyDBMemoryversionProductLine"
"244","14.100857","BerkeleyDBMemoryversionProductLine"
"245","11.41712","BerkeleyDBMemoryversionProductLine"
"246","11.33735","BerkeleyDBMemoryversionProductLine"
"247","11.193223","BerkeleyDBMemoryversionProductLine"
"248","10.375536","BerkeleyDBMemoryversionProductLine"
"249","10.635273","BerkeleyDBMemoryversionProductLine"
"250","11.268322","BerkeleyDBMemoryversionProductLine"
"251","12.326043","BerkeleyDBMemoryversionProductLine"
"252","12.537352","BerkeleyDBMemoryversionProductLine"
"253","10.490183","BerkeleyDBMemoryversionProductLine"
"254","10.551023","BerkeleyDBMemoryversionProductLine"
"255","16.292737","BerkeleyDBMemoryversionProductLine"
"256","13.180312","BerkeleyDBMemoryversionProductLine"
"257","12.125001","BerkeleyDBMemoryversionProductLine"
"258","17.057592","BerkeleyDBMemoryversionProductLine"
"259","14.278562","BerkeleyDBMemoryversionProductLine"
"260","14.747162","BerkeleyDBMemoryversionProductLine"
"261","14.899989","BerkeleyDBMemoryversionProductLine"
"262","14.166699","BerkeleyDBMemoryversionProductLine"
"263","11.934621","BerkeleyDBMemoryversionProductLine"
"264","18.476907","BerkeleyDBMemoryversionProductLine"
"265","16.530475","BerkeleyDBMemoryversionProductLine"
"266","13.627628","BerkeleyDBMemoryversionProductLine"
"267","19.7356","BerkeleyDBMemoryversionProductLine"
"268","14.04809","BerkeleyDBMemoryversionProductLine"
"269","13.448509","BerkeleyDBMemoryversionProductLine"
"270","10.639749","BerkeleyDBMemoryversionProductLine"
"271","12.248703","BerkeleyDBMemoryversionProductLine"
"272","11.609395","BerkeleyDBMemoryversionProductLine"
"273","12.378201","BerkeleyDBMemoryversionProductLine"
"274","18.604965","BerkeleyDBMemoryversionProductLine"
"275","16.372658","BerkeleyDBMemoryversionProductLine"
"276","12.302638","BerkeleyDBMemoryversionProductLine"
"277","18.901543","BerkeleyDBMemoryversionProductLine"
"278","11.516262","BerkeleyDBMemoryversionProductLine"
"279","12.129763","BerkeleyDBMemoryversionProductLine"
"280","11.860706","BerkeleyDBMemoryversionProductLine"
"281","15.000669","BerkeleyDBMemoryversionProductLine"
"282","14.501563","BerkeleyDBMemoryversionProductLine"
"283","13.929699","BerkeleyDBMemoryversionProductLine"
"284","14.273148","BerkeleyDBMemoryversionProductLine"
"285","16.730856","BerkeleyDBMemoryversionProductLine"
"286","38.536139","BerkeleyDBMemoryversionProductLine"
"287","14.250093","BerkeleyDBMemoryversionProductLine"
"288","16.785795","BerkeleyDBMemoryversionProductLine"
"289","12.806555","BerkeleyDBMemoryversionProductLine"
"290","10.176485","BerkeleyDBMemoryversionProductLine"
"291","14.50151","BerkeleyDBMemoryversionProductLine"
"292","11.266426","BerkeleyDBMemoryversionProductLine"
"293","12.297541","BerkeleyDBMemoryversionProductLine"
"294","11.583091","BerkeleyDBMemoryversionProductLine"
"295","12.873201","BerkeleyDBMemoryversionProductLine"
"296","17.084993","BerkeleyDBMemoryversionProductLine"
"297","12.382449","BerkeleyDBMemoryversionProductLine"
"298","12.862678","BerkeleyDBMemoryversionProductLine"
"299","10.95099","BerkeleyDBMemoryversionProductLine"
"300","11.171785","BerkeleyDBMemoryversionProductLine"
"301","24.271906","SensorNetworkProductLine"
"302","16.903008","SensorNetworkProductLine"
"303","15.172931","SensorNetworkProductLine"
"304","15.108839","SensorNetworkProductLine"
"305","15.968722","SensorNetworkProductLine"
"306","23.50966","SensorNetworkProductLine"
"307","11.428158","SensorNetworkProductLine"
"308","13.656249","SensorNetworkProductLine"
"309","14.139421","SensorNetworkProductLine"
"310","116.784087","SensorNetworkProductLine"
"311","13.90738","SensorNetworkProductLine"
"312","9.074103","SensorNetworkProductLine"
"313","13.533926","SensorNetworkProductLine"
"314","26.869872","SensorNetworkProductLine"
"315","13.157815","SensorNetworkProductLine"
"316","13.658986","SensorNetworkProductLine"
"317","12.543457","SensorNetworkProductLine"
"318","14.490784","SensorNetworkProductLine"
"319","14.136533","SensorNetworkProductLine"
"320","14.723871","SensorNetworkProductLine"
"321","10.640936","SensorNetworkProductLine"
"322","17.987087","SensorNetworkProductLine"
"323","16.872735","SensorNetworkProductLine"
"324","16.776867","SensorNetworkProductLine"
"325","12.831178","SensorNetworkProductLine"
"326","83.924946","SensorNetworkProductLine"
"327","12.389087","SensorNetworkProductLine"
"328","18.518775","SensorNetworkProductLine"
"329","12.532152","SensorNetworkProductLine"
"330","13.626317","SensorNetworkProductLine"
"331","11.868715","SensorNetworkProductLine"
"332","11.361544","SensorNetworkProductLine"
"333","12.832789","SensorNetworkProductLine"
"334","13.650464","SensorNetworkProductLine"
"335","13.610788","SensorNetworkProductLine"
"336","13.056914","SensorNetworkProductLine"
"337","10.183743","SensorNetworkProductLine"
"338","15.131973","SensorNetworkProductLine"
"339","15.360975","SensorNetworkProductLine"
"340","13.956536","SensorNetworkProductLine"
"341","13.661332","SensorNetworkProductLine"
"342","12.232429","SensorNetworkProductLine"
"343","15.22399","SensorNetworkProductLine"
"344","14.836345","SensorNetworkProductLine"
"345","20.971726","SensorNetworkProductLine"
"346","11.380728","SensorNetworkProductLine"
"347","14.079913","SensorNetworkProductLine"
"348","16.154977","SensorNetworkProductLine"
"349","11.510559","SensorNetworkProductLine"
"350","11.964325","SensorNetworkProductLine"
"351","14.427251","SensorNetworkProductLine"
"352","16.699254","SensorNetworkProductLine"
"353","16.78041","SensorNetworkProductLine"
"354","11.682628","SensorNetworkProductLine"
"355","17.335634","SensorNetworkProductLine"
"356","18.074167","SensorNetworkProductLine"
"357","17.062036","SensorNetworkProductLine"
"358","15.414306","SensorNetworkProductLine"
"359","12.235004","SensorNetworkProductLine"
"360","15.201899","SensorNetworkProductLine"
"361","11.489494","SensorNetworkProductLine"
"362","16.51792","SensorNetworkProductLine"
"363","20.423842","SensorNetworkProductLine"
"364","13.700693","SensorNetworkProductLine"
"365","14.121254","SensorNetworkProductLine"
"366","15.371968","SensorNetworkProductLine"
"367","11.859107","SensorNetworkProductLine"
"368","24.738893","SensorNetworkProductLine"
"369","12.811559","SensorNetworkProductLine"
"370","16.502359","SensorNetworkProductLine"
"371","12.809447","SensorNetworkProductLine"
"372","14.73246","SensorNetworkProductLine"
"373","14.535888","SensorNetworkProductLine"
"374","12.635859","SensorNetworkProductLine"
"375","12.546867","SensorNetworkProductLine"
"376","13.608671","SensorNetworkProductLine"
"377","47.358632","SensorNetworkProductLine"
"378","13.405863","SensorNetworkProductLine"
"379","16.013591","SensorNetworkProductLine"
"380","10.620968","SensorNetworkProductLine"
"381","10.469817","SensorNetworkProductLine"
"382","15.938783","SensorNetworkProductLine"
"383","3173.311387","SensorNetworkProductLine"
"384","16.284829","SensorNetworkProductLine"
"385","10.864981","SensorNetworkProductLine"
"386","13.886286","SensorNetworkProductLine"
"387","16.451749","SensorNetworkProductLine"
"388","16.879679","SensorNetworkProductLine"
"389","12.97178","SensorNetworkProductLine"
"390","20.519225","SensorNetworkProductLine"
"391","15.589909","SensorNetworkProductLine"
"392","14.071941","SensorNetworkProductLine"
"393","14.545715","SensorNetworkProductLine"
"394","17.255006","SensorNetworkProductLine"
"395","17.967042","SensorNetworkProductLine"
"396","16.201327","SensorNetworkProductLine"
"397","12.361146","SensorNetworkProductLine"
"398","14.391776","SensorNetworkProductLine"
"399","16.911285","SensorNetworkProductLine"
"400","15.639629","SensorNetworkProductLine"
"401","15.290995","StrategyMobileGame"
"402","11.397165","StrategyMobileGame"
"403","13.638782","StrategyMobileGame"
"404","86.983587","StrategyMobileGame"
"405","15.049542","StrategyMobileGame"
"406","13.447074","StrategyMobileGame"
"407","13.70878","StrategyMobileGame"
"408","15.389465","StrategyMobileGame"
"409","15.412202","StrategyMobileGame"
"410","12.869511","StrategyMobileGame"
"411","17.318693","StrategyMobileGame"
"412","8.94983","StrategyMobileGame"
"413","15.003936","StrategyMobileGame"
"414","18.636945","StrategyMobileGame"
"415","15.551503","StrategyMobileGame"
"416","19.754592","StrategyMobileGame"
"417","16.2462","StrategyMobileGame"
"418","14.530787","StrategyMobileGame"
"419","20.998287","StrategyMobileGame"
"420","14.8906","StrategyMobileGame"
"421","12.747741","StrategyMobileGame"
"422","11.615579","StrategyMobileGame"
"423","13.714658","StrategyMobileGame"
"424","13.275332","StrategyMobileGame"
"425","14.610544","StrategyMobileGame"
"426","13.076346","StrategyMobileGame"
"427","12.311407","StrategyMobileGame"
"428","14.768319","StrategyMobileGame"
"429","16.411565","StrategyMobileGame"
"430","17.886601","StrategyMobileGame"
"431","10.292671","StrategyMobileGame"
"432","12.654096","StrategyMobileGame"
"433","18.670776","StrategyMobileGame"
"434","16.588913","StrategyMobileGame"
"435","23.086994","StrategyMobileGame"
"436","11.985108","StrategyMobileGame"
"437","14.310205","StrategyMobileGame"
"438","12.527777","StrategyMobileGame"
"439","11.341018","StrategyMobileGame"
"440","17.531181","StrategyMobileGame"
"441","11.277171","StrategyMobileGame"
"442","13.146499","StrategyMobileGame"
"443","11.454777","StrategyMobileGame"
"444","14.937674","StrategyMobileGame"
"445","13.753505","StrategyMobileGame"
"446","114.126081","StrategyMobileGame"
"447","15.346868","StrategyMobileGame"
"448","16.708239","StrategyMobileGame"
"449","13.587653","StrategyMobileGame"
"450","16.775295","StrategyMobileGame"
"451","14.592891","StrategyMobileGame"
"452","13.882816","StrategyMobileGame"
"453","12.401425","StrategyMobileGame"
"454","11.840722","StrategyMobileGame"
"455","11.09142","StrategyMobileGame"
"456","13.660861","StrategyMobileGame"
"457","16.253164","StrategyMobileGame"
"458","20.482767","StrategyMobileGame"
"459","15.358357","StrategyMobileGame"
"460","11.22528","StrategyMobileGame"
"461","15.419287","StrategyMobileGame"
"462","17.810531","StrategyMobileGame"
"463","12.218563","StrategyMobileGame"
"464","11.652297","StrategyMobileGame"
"465","17.933715","StrategyMobileGame"
"466","14.154326","StrategyMobileGame"
"467","13.676866","StrategyMobileGame"
"468","17.330043","StrategyMobileGame"
"469","13.823899","StrategyMobileGame"
"470","16.141274","StrategyMobileGame"
"471","17.011367","StrategyMobileGame"
"472","17.843303","StrategyMobileGame"
"473","17.414292","StrategyMobileGame"
"474","13.570249","StrategyMobileGame"
"475","15.438312","StrategyMobileGame"
"476","11.706621","StrategyMobileGame"
"477","13.516021","StrategyMobileGame"
"478","13.870187","StrategyMobileGame"
"479","11.632167","StrategyMobileGame"
"480","19.813693","StrategyMobileGame"
"481","11.96568","StrategyMobileGame"
"482","10.639689","StrategyMobileGame"
"483","10.741631","StrategyMobileGame"
"484","11.417621","StrategyMobileGame"
"485","14.398435","StrategyMobileGame"
"486","16.664574","StrategyMobileGame"
"487","14.948941","StrategyMobileGame"
"488","12.586327","StrategyMobileGame"
"489","19.147562","StrategyMobileGame"
"490","16.947447","StrategyMobileGame"
"491","15.817568","StrategyMobileGame"
"492","14.632896","StrategyMobileGame"
"493","13.154967","StrategyMobileGame"
"494","15.753134","StrategyMobileGame"
"495","16.729505","StrategyMobileGame"
"496","12.069377","StrategyMobileGame"
"497","14.151984","StrategyMobileGame"
"498","104.800081","StrategyMobileGame"
"499","14.129338","StrategyMobileGame"
"500","12.852813","StrategyMobileGame"
"501","12.124943","TankWar"
"502","18.414484","TankWar"
"503","16.55367","TankWar"
"504","21.052254","TankWar"
"505","12.975095","TankWar"
"506","14.335058","TankWar"
"507","12.919606","TankWar"
"508","14.04446","TankWar"
"509","14.077286","TankWar"
"510","11.908163","TankWar"
"511","12.365776","TankWar"
"512","89.01898","TankWar"
"513","13.827821","TankWar"
"514","12.060595","TankWar"
"515","12.573073","TankWar"
"516","12.679549","TankWar"
"517","13.634477","TankWar"
"518","16.26478","TankWar"
"519","19.710473","TankWar"
"520","13.369952","TankWar"
"521","17.510114","TankWar"
"522","13.168566","TankWar"
"523","12.380073","TankWar"
"524","13.06047","TankWar"
"525","12.610517","TankWar"
"526","15.789264","TankWar"
"527","19.727332","TankWar"
"528","13.64569","TankWar"
"529","13.429308","TankWar"
"530","18.887297","TankWar"
"531","13.422886","TankWar"
"532","15.666875","TankWar"
"533","11.330641","TankWar"
"534","14.542598","TankWar"
"535","26.249292","TankWar"
"536","21.273102","TankWar"
"537","11.803007","TankWar"
"538","11.456534","TankWar"
"539","19.322439","TankWar"
"540","19.145627","TankWar"
"541","18.141445","TankWar"
"542","14.397958","TankWar"
"543","15.665297","TankWar"
"544","10.613597","TankWar"
"545","16.886041","TankWar"
"546","12.565454","TankWar"
"547","18.282638","TankWar"
"548","15.15909","TankWar"
"549","17.069298","TankWar"
"550","17.853","TankWar"
"551","14.549708","TankWar"
"552","11.711384","TankWar"
"553","18.242125","TankWar"
"554","28.999408","TankWar"
"555","17.272211","TankWar"
"556","20.783728","TankWar"
"557","12.004282","TankWar"
"558","18.125888","TankWar"
"559","19.177134","TankWar"
"560","16.320064","TankWar"
"561","11.650993","TankWar"
"562","12.394082","TankWar"
"563","12.039703","TankWar"
"564","15.596046","TankWar"
"565","12.491292","TankWar"
"566","10.817646","TankWar"
"567","17.388359","TankWar"
"568","17.584233","TankWar"
"569","16.73742","TankWar"
"570","11.39937","TankWar"
"571","10.273511","TankWar"
"572","11.103909","TankWar"
"573","12.225079","TankWar"
"574","12.470954","TankWar"
"575","11.977797","TankWar"
"576","14.851372","TankWar"
"577","16.014117","TankWar"
"578","16.565764","TankWar"
"579","10.506253","TankWar"
"580","12.131739","TankWar"
"581","16.957453","TankWar"
"582","13.437016","TankWar"
"583","15.464317","TankWar"
"584","14.287506","TankWar"
"585","11.82035","TankWar"
"586","12.381676","TankWar"
"587","12.902468","TankWar"
"588","12.174391","TankWar"
"589","18.566468","TankWar"
"590","11.705855","TankWar"
"591","14.448717","TankWar"
"592","16.494085","TankWar"
"593","15.701322","TankWar"
"594","22.430636","TankWar"
"595","13.538177","TankWar"
"596","13.846705","TankWar"
"597","14.627887","TankWar"
"598","12.128458","TankWar"
"599","12.841174","TankWar"
"600","11.64587","TankWar"
"601","14.953828","MobileMedia2"
"602","13.439198","MobileMedia2"
"603","22.190575","MobileMedia2"
"604","17.841076","MobileMedia2"
"605","22.267046","MobileMedia2"
"606","19.398431","MobileMedia2"
"607","16.757642","MobileMedia2"
"608","15.110258","MobileMedia2"
"609","14.881087","MobileMedia2"
"610","10.6601","MobileMedia2"
"611","13.602328","MobileMedia2"
"612","11.624322","MobileMedia2"
"613","13.658132","MobileMedia2"
"614","14.67795","MobileMedia2"
"615","11.672949","MobileMedia2"
"616","17.904766","MobileMedia2"
"617","13.527858","MobileMedia2"
"618","16.152363","MobileMedia2"
"619","11.82035","MobileMedia2"
"620","16.009869","MobileMedia2"
"621","14.308968","MobileMedia2"
"622","17.804385","MobileMedia2"
"623","15.972252","MobileMedia2"
"624","14.712022","MobileMedia2"
"625","11.063209","MobileMedia2"
"626","13.692931","MobileMedia2"
"627","16.105894","MobileMedia2"
"628","11.815242","MobileMedia2"
"629","18.476455","MobileMedia2"
"630","24.280519","MobileMedia2"
"631","14.518421","MobileMedia2"
"632","12.03665","MobileMedia2"
"633","16.795897","MobileMedia2"
"634","18.056875","MobileMedia2"
"635","11.071322","MobileMedia2"
"636","12.240401","MobileMedia2"
"637","18.959547","MobileMedia2"
"638","14.511149","MobileMedia2"
"639","14.8853","MobileMedia2"
"640","14.190374","MobileMedia2"
"641","12.537084","MobileMedia2"
"642","18.724561","MobileMedia2"
"643","12.42245","MobileMedia2"
"644","11.280188","MobileMedia2"
"645","12.500754","MobileMedia2"
"646","20.580155","MobileMedia2"
"647","13.888661","MobileMedia2"
"648","17.619576","MobileMedia2"
"649","13.221188","MobileMedia2"
"650","18.527045","MobileMedia2"
"651","14.761392","MobileMedia2"
"652","15.333833","MobileMedia2"
"653","21.980598","MobileMedia2"
"654","24.201891","MobileMedia2"
"655","12.918099","MobileMedia2"
"656","13.626887","MobileMedia2"
"657","13.974437","MobileMedia2"
"658","13.366429","MobileMedia2"
"659","18.1924","MobileMedia2"
"660","19.989365","MobileMedia2"
"661","11.851152","MobileMedia2"
"662","12.061819","MobileMedia2"
"663","15.476959","MobileMedia2"
"664","10.75966","MobileMedia2"
"665","14.569115","MobileMedia2"
"666","17.903579","MobileMedia2"
"667","16.202715","MobileMedia2"
"668","13.456415","MobileMedia2"
"669","10.798604","MobileMedia2"
"670","16.770136","MobileMedia2"
"671","11.570458","MobileMedia2"
"672","15.403956","MobileMedia2"
"673","15.441338","MobileMedia2"
"674","13.356976","MobileMedia2"
"675","12.296698","MobileMedia2"
"676","15.506195","MobileMedia2"
"677","11.032308","MobileMedia2"
"678","15.435589","MobileMedia2"
"679","11.245096","MobileMedia2"
"680","10.444444","MobileMedia2"
"681","11.778263","MobileMedia2"
"682","13.790247","MobileMedia2"
"683","14.538147","MobileMedia2"
"684","11.570566","MobileMedia2"
"685","10.839428","MobileMedia2"
"686","17.766534","MobileMedia2"
"687","15.060438","MobileMedia2"
"688","13.910394","MobileMedia2"
"689","12.176713","MobileMedia2"
"690","13.436976","MobileMedia2"
"691","19.297295","MobileMedia2"
"692","15.411444","MobileMedia2"
"693","12.979365","MobileMedia2"
"694","21.303018","MobileMedia2"
"695","20.639914","MobileMedia2"
"696","13.863047","MobileMedia2"
"697","15.177378","MobileMedia2"
"698","14.699407","MobileMedia2"
"699","22.032711","MobileMedia2"
"700","15.781532","MobileMedia2"
"701","18.821836","MobileGuide"
"702","20.219168","MobileGuide"
"703","13.015069","MobileGuide"
"704","13.690997","MobileGuide"
"705","123.662343","MobileGuide"
"706","24.466589","MobileGuide"
"707","14.3183","MobileGuide"
"708","13.094163","MobileGuide"
"709","11.510466","MobileGuide"
"710","21.100876","MobileGuide"
"711","14.272253","MobileGuide"
"712","10.478588","MobileGuide"
"713","16.513196","MobileGuide"
"714","16.004329","MobileGuide"
"715","20.130467","MobileGuide"
"716","13.657215","MobileGuide"
"717","16.320467","MobileGuide"
"718","14.523387","MobileGuide"
"719","16.290329","MobileGuide"
"720","16.554826","MobileGuide"
"721","11.740012","MobileGuide"
"722","13.624057","MobileGuide"
"723","13.573916","MobileGuide"
"724","98.329883","MobileGuide"
"725","14.677874","MobileGuide"
"726","10.809265","MobileGuide"
"727","14.632744","MobileGuide"
"728","12.962555","MobileGuide"
"729","13.401478","MobileGuide"
"730","11.622458","MobileGuide"
"731","11.204482","MobileGuide"
"732","16.751307","MobileGuide"
"733","13.569633","MobileGuide"
"734","18.683085","MobileGuide"
"735","17.765844","MobileGuide"
"736","16.129795","MobileGuide"
"737","13.807124","MobileGuide"
"738","13.070306","MobileGuide"
"739","16.398306","MobileGuide"
"740","11.367773","MobileGuide"
"741","12.627752","MobileGuide"
"742","11.982056","MobileGuide"
"743","14.001956","MobileGuide"
"744","16.246825","MobileGuide"
"745","9.563481","MobileGuide"
"746","16.155046","MobileGuide"
"747","12.538963","MobileGuide"
"748","9.474825","MobileGuide"
"749","14.364076","MobileGuide"
"750","14.960625","MobileGuide"
"751","14.004307","MobileGuide"
"752","11.603397","MobileGuide"
"753","16.369413","MobileGuide"
"754","16.016755","MobileGuide"
"755","14.41834","MobileGuide"
"756","12.646996","MobileGuide"
"757","20.262739","MobileGuide"
"758","17.25377","MobileGuide"
"759","19.413555","MobileGuide"
"760","12.306178","MobileGuide"
"761","12.122241","MobileGuide"
"762","13.0496","MobileGuide"
"763","16.607627","MobileGuide"
"764","13.990882","MobileGuide"
"765","16.689625","MobileGuide"
"766","9.806547","MobileGuide"
"767","11.53974","MobileGuide"
"768","14.99619","MobileGuide"
"769","14.125788","MobileGuide"
"770","15.633513","MobileGuide"
"771","18.239142","MobileGuide"
"772","16.073594","MobileGuide"
"773","16.840043","MobileGuide"
"774","16.556611","MobileGuide"
"775","11.372345","MobileGuide"
"776","12.822054","MobileGuide"
"777","14.520362","MobileGuide"
"778","12.616954","MobileGuide"
"779","25.33108","MobileGuide"
"780","16.125763","MobileGuide"
"781","10.566044","MobileGuide"
"782","20.281096","MobileGuide"
"783","17.896924","MobileGuide"
"784","12.870625","MobileGuide"
"785","12.251811","MobileGuide"
"786","14.093871","MobileGuide"
"787","16.460274","MobileGuide"
"788","13.900605","MobileGuide"
"789","14.999272","MobileGuide"
"790","11.112684","MobileGuide"
"791","22.786104","MobileGuide"
"792","13.634684","MobileGuide"
"793","15.845904","MobileGuide"
"794","17.153716","MobileGuide"
"795","9.456067","MobileGuide"
"796","11.246228","MobileGuide"
"797","16.662887","MobileGuide"
"798","15.823985","MobileGuide"
"799","20.578745","MobileGuide"
"800","14.059133","MobileGuide"
"801","80.192605","SPLOT-3CNF-FM-500-50-1.00-SAT-1"
"802","132.311083","SPLOT-3CNF-FM-500-50-1.00-SAT-1"
"803","72.96908","SPLOT-3CNF-FM-500-50-1.00-SAT-1"
"804","37.867727","SPLOT-3CNF-FM-500-50-1.00-SAT-1"
"805","22.55295","SPLOT-3CNF-FM-500-50-1.00-SAT-1"
"806","89.781485","SPLOT-3CNF-FM-500-50-1.00-SAT-1"
"807","75.499192","SPLOT-3CNF-FM-500-50-1.00-SAT-1"
"808","24.906169","SPLOT-3CNF-FM-500-50-1.00-SAT-1"
"809","42.79776","SPLOT-3CNF-FM-500-50-1.00-SAT-1"
"810","105.764049","SPLOT-3CNF-FM-500-50-1.00-SAT-1"
"811","107.386202","SPLOT-3CNF-FM-500-50-1.00-SAT-1"
"812","84.994071","SPLOT-3CNF-FM-500-50-1.00-SAT-1"
"813","23.282203","SPLOT-3CNF-FM-500-50-1.00-SAT-1"
"814","87.163277","SPLOT-3CNF-FM-500-50-1.00-SAT-1"
"815","16.094358","SPLOT-3CNF-FM-500-50-1.00-SAT-1"
"816","110.10218","SPLOT-3CNF-FM-500-50-1.00-SAT-1"
"817","143.003318","SPLOT-3CNF-FM-500-50-1.00-SAT-1"
"818","51.774678","SPLOT-3CNF-FM-500-50-1.00-SAT-1"
"819","62.07289","SPLOT-3CNF-FM-500-50-1.00-SAT-1"
"820","106.382432","SPLOT-3CNF-FM-500-50-1.00-SAT-1"
"821","28.806859","SPLOT-3CNF-FM-500-50-1.00-SAT-1"
"822","56.463251","SPLOT-3CNF-FM-500-50-1.00-SAT-1"
"823","69.183613","SPLOT-3CNF-FM-500-50-1.00-SAT-1"
"824","19.979282","SPLOT-3CNF-FM-500-50-1.00-SAT-1"
"825","56.512207","SPLOT-3CNF-FM-500-50-1.00-SAT-1"
"826","118.535439","SPLOT-3CNF-FM-500-50-1.00-SAT-1"
"827","20.618928","SPLOT-3CNF-FM-500-50-1.00-SAT-1"
"828","62.555916","SPLOT-3CNF-FM-500-50-1.00-SAT-1"
"829","86.08824","SPLOT-3CNF-FM-500-50-1.00-SAT-1"
"830","140.058282","SPLOT-3CNF-FM-500-50-1.00-SAT-1"
"831","66.578741","SPLOT-3CNF-FM-500-50-1.00-SAT-1"
"832","73.866561","SPLOT-3CNF-FM-500-50-1.00-SAT-1"
"833","53.737799","SPLOT-3CNF-FM-500-50-1.00-SAT-1"
"834","21.963793","SPLOT-3CNF-FM-500-50-1.00-SAT-1"
"835","54.133076","SPLOT-3CNF-FM-500-50-1.00-SAT-1"
"836","145.958932","SPLOT-3CNF-FM-500-50-1.00-SAT-1"
"837","80.756977","SPLOT-3CNF-FM-500-50-1.00-SAT-1"
"838","39.083349","SPLOT-3CNF-FM-500-50-1.00-SAT-1"
"839","33.026708","SPLOT-3CNF-FM-500-50-1.00-SAT-1"
"840","48.802108","SPLOT-3CNF-FM-500-50-1.00-SAT-1"
"841","60.745348","SPLOT-3CNF-FM-500-50-1.00-SAT-1"
"842","143.504057","SPLOT-3CNF-FM-500-50-1.00-SAT-1"
"843","108.634047","SPLOT-3CNF-FM-500-50-1.00-SAT-1"
"844","130.341711","SPLOT-3CNF-FM-500-50-1.00-SAT-1"
"845","21.815908","SPLOT-3CNF-FM-500-50-1.00-SAT-1"
"846","29.871929","SPLOT-3CNF-FM-500-50-1.00-SAT-1"
"847","143.712437","SPLOT-3CNF-FM-500-50-1.00-SAT-1"
"848","105.055777","SPLOT-3CNF-FM-500-50-1.00-SAT-1"
"849","76.423537","SPLOT-3CNF-FM-500-50-1.00-SAT-1"
"850","98.785148","SPLOT-3CNF-FM-500-50-1.00-SAT-1"
"851","29.807946","SPLOT-3CNF-FM-500-50-1.00-SAT-1"
"852","96.113116","SPLOT-3CNF-FM-500-50-1.00-SAT-1"
"853","142.895835","SPLOT-3CNF-FM-500-50-1.00-SAT-1"
"854","50.422721","SPLOT-3CNF-FM-500-50-1.00-SAT-1"
"855","19.432781","SPLOT-3CNF-FM-500-50-1.00-SAT-1"
"856","97.797064","SPLOT-3CNF-FM-500-50-1.00-SAT-1"
"857","55.113302","SPLOT-3CNF-FM-500-50-1.00-SAT-1"
"858","60.406522","SPLOT-3CNF-FM-500-50-1.00-SAT-1"
"859","125.4809","SPLOT-3CNF-FM-500-50-1.00-SAT-1"
"860","100.688141","SPLOT-3CNF-FM-500-50-1.00-SAT-1"
"861","117.423278","SPLOT-3CNF-FM-500-50-1.00-SAT-1"
"862","62.255234","SPLOT-3CNF-FM-500-50-1.00-SAT-1"
"863","26.552424","SPLOT-3CNF-FM-500-50-1.00-SAT-1"
"864","59.880593","SPLOT-3CNF-FM-500-50-1.00-SAT-1"
"865","32.10699","SPLOT-3CNF-FM-500-50-1.00-SAT-1"
"866","117.41931","SPLOT-3CNF-FM-500-50-1.00-SAT-1"
"867","88.990798","SPLOT-3CNF-FM-500-50-1.00-SAT-1"
"868","136.124327","SPLOT-3CNF-FM-500-50-1.00-SAT-1"
"869","63.093844","SPLOT-3CNF-FM-500-50-1.00-SAT-1"
"870","73.257743","SPLOT-3CNF-FM-500-50-1.00-SAT-1"
"871","139.139619","SPLOT-3CNF-FM-500-50-1.00-SAT-1"
"872","125.017605","SPLOT-3CNF-FM-500-50-1.00-SAT-1"
"873","106.545108","SPLOT-3CNF-FM-500-50-1.00-SAT-1"
"874","108.046048","SPLOT-3CNF-FM-500-50-1.00-SAT-1"
"875","127.285129","SPLOT-3CNF-FM-500-50-1.00-SAT-1"
"876","115.595596","SPLOT-3CNF-FM-500-50-1.00-SAT-1"
"877","55.237034","SPLOT-3CNF-FM-500-50-1.00-SAT-1"
"878","99.105563","SPLOT-3CNF-FM-500-50-1.00-SAT-1"
"879","134.794328","SPLOT-3CNF-FM-500-50-1.00-SAT-1"
"880","117.007033","SPLOT-3CNF-FM-500-50-1.00-SAT-1"
"881","130.16661","SPLOT-3CNF-FM-500-50-1.00-SAT-1"
"882","63.098712","SPLOT-3CNF-FM-500-50-1.00-SAT-1"
"883","18.492426","SPLOT-3CNF-FM-500-50-1.00-SAT-1"
"884","59.505304","SPLOT-3CNF-FM-500-50-1.00-SAT-1"
"885","51.933202","SPLOT-3CNF-FM-500-50-1.00-SAT-1"
"886","83.653364","SPLOT-3CNF-FM-500-50-1.00-SAT-1"
"887","47.603983","SPLOT-3CNF-FM-500-50-1.00-SAT-1"
"888","133.725318","SPLOT-3CNF-FM-500-50-1.00-SAT-1"
"889","104.88404","SPLOT-3CNF-FM-500-50-1.00-SAT-1"
"890","111.962951","SPLOT-3CNF-FM-500-50-1.00-SAT-1"
"891","25.825907","SPLOT-3CNF-FM-500-50-1.00-SAT-1"
"892","18.00411","SPLOT-3CNF-FM-500-50-1.00-SAT-1"
"893","101.8757","SPLOT-3CNF-FM-500-50-1.00-SAT-1"
"894","94.745531","SPLOT-3CNF-FM-500-50-1.00-SAT-1"
"895","137.182783","SPLOT-3CNF-FM-500-50-1.00-SAT-1"
"896","32.601426","SPLOT-3CNF-FM-500-50-1.00-SAT-1"
"897","114.001556","SPLOT-3CNF-FM-500-50-1.00-SAT-1"
"898","73.168553","SPLOT-3CNF-FM-500-50-1.00-SAT-1"
"899","125.57018","SPLOT-3CNF-FM-500-50-1.00-SAT-1"
"900","107.676617","SPLOT-3CNF-FM-500-50-1.00-SAT-1"
