"","TIME","ALTERNATIVE"
"1","147.722968","x264ProductLine"
"2","93.806338","x264ProductLine"
"3","94.963719","x264ProductLine"
"4","116.327848","x264ProductLine"
"5","88.695465","x264ProductLine"
"6","95.034049","x264ProductLine"
"7","104.103812","x264ProductLine"
"8","92.196085","x264ProductLine"
"9","85.342858","x264ProductLine"
"10","97.507507","x264ProductLine"
"11","95.578975","x264ProductLine"
"12","91.150703","x264ProductLine"
"13","89.651783","x264ProductLine"
"14","87.547945","x264ProductLine"
"15","96.117441","x264ProductLine"
"16","80.991795","x264ProductLine"
"17","100.596462","x264ProductLine"
"18","84.294009","x264ProductLine"
"19","68.979708","x264ProductLine"
"20","92.527031","x264ProductLine"
"21","97.788639","x264ProductLine"
"22","103.281439","x264ProductLine"
"23","96.557125","x264ProductLine"
"24","90.395041","x264ProductLine"
"25","93.259456","x264ProductLine"
"26","93.546464","x264ProductLine"
"27","130.911434","x264ProductLine"
"28","101.6467","x264ProductLine"
"29","95.460078","x264ProductLine"
"30","109.750654","x264ProductLine"
"31","91.765327","x264ProductLine"
"32","82.124378","x264ProductLine"
"33","94.562013","x264ProductLine"
"34","85.296685","x264ProductLine"
"35","88.814309","x264ProductLine"
"36","92.978783","x264ProductLine"
"37","100.620755","x264ProductLine"
"38","74.381041","x264ProductLine"
"39","97.250947","x264ProductLine"
"40","100.973051","x264ProductLine"
"41","96.561807","x264ProductLine"
"42","91.231326","x264ProductLine"
"43","88.397801","x264ProductLine"
"44","88.325173","x264ProductLine"
"45","98.123175","x264ProductLine"
"46","80.777817","x264ProductLine"
"47","93.335587","x264ProductLine"
"48","110.39191","x264ProductLine"
"49","102.983966","x264ProductLine"
"50","85.727629","x264ProductLine"
"51","95.122908","x264ProductLine"
"52","88.53203","x264ProductLine"
"53","100.581446","x264ProductLine"
"54","84.548214","x264ProductLine"
"55","97.258949","x264ProductLine"
"56","91.582778","x264ProductLine"
"57","92.547121","x264ProductLine"
"58","97.137474","x264ProductLine"
"59","95.874764","x264ProductLine"
"60","75.500172","x264ProductLine"
"61","79.605313","x264ProductLine"
"62","103.200327","x264ProductLine"
"63","107.66692","x264ProductLine"
"64","95.626458","x264ProductLine"
"65","75.167121","x264ProductLine"
"66","93.465284","x264ProductLine"
"67","102.806731","x264ProductLine"
"68","98.26314","x264ProductLine"
"69","91.709102","x264ProductLine"
"70","94.285112","x264ProductLine"
"71","91.651116","x264ProductLine"
"72","97.884854","x264ProductLine"
"73","96.651727","x264ProductLine"
"74","84.856341","x264ProductLine"
"75","103.046969","x264ProductLine"
"76","115.394241","x264ProductLine"
"77","91.073894","x264ProductLine"
"78","98.705699","x264ProductLine"
"79","89.966385","x264ProductLine"
"80","91.311919","x264ProductLine"
"81","97.305924","x264ProductLine"
"82","106.328468","x264ProductLine"
"83","97.15529","x264ProductLine"
"84","97.288382","x264ProductLine"
"85","117.829993","x264ProductLine"
"86","86.870501","x264ProductLine"
"87","111.154687","x264ProductLine"
"88","96.634712","x264ProductLine"
"89","94.491677","x264ProductLine"
"90","91.542506","x264ProductLine"
"91","100.97295","x264ProductLine"
"92","87.984313","x264ProductLine"
"93","96.282187","x264ProductLine"
"94","101.909055","x264ProductLine"
"95","97.228178","x264ProductLine"
"96","94.771261","x264ProductLine"
"97","78.7326","x264ProductLine"
"98","94.858939","x264ProductLine"
"99","89.903593","x264ProductLine"
"100","126.45934","x264ProductLine"
"101","143.174162","WgetProductLine"
"102","126.601045","WgetProductLine"
"103","99.640656","WgetProductLine"
"104","111.903415","WgetProductLine"
"105","116.606006","WgetProductLine"
"106","109.103537","WgetProductLine"
"107","114.793759","WgetProductLine"
"108","119.072534","WgetProductLine"
"109","117.729447","WgetProductLine"
"110","82.415648","WgetProductLine"
"111","131.296051","WgetProductLine"
"112","117.567287","WgetProductLine"
"113","116.70565","WgetProductLine"
"114","91.422268","WgetProductLine"
"115","113.862697","WgetProductLine"
"116","103.57156","WgetProductLine"
"117","126.230411","WgetProductLine"
"118","102.43608","WgetProductLine"
"119","126.10478","WgetProductLine"
"120","119.396245","WgetProductLine"
"121","122.179804","WgetProductLine"
"122","124.070682","WgetProductLine"
"123","94.820329","WgetProductLine"
"124","112.605381","WgetProductLine"
"125","134.190337","WgetProductLine"
"126","125.367514","WgetProductLine"
"127","87.946441","WgetProductLine"
"128","117.107876","WgetProductLine"
"129","121.834027","WgetProductLine"
"130","100.040211","WgetProductLine"
"131","102.351019","WgetProductLine"
"132","107.401953","WgetProductLine"
"133","101.609114","WgetProductLine"
"134","115.406171","WgetProductLine"
"135","112.524182","WgetProductLine"
"136","125.399117","WgetProductLine"
"137","93.441766","WgetProductLine"
"138","118.063126","WgetProductLine"
"139","130.215125","WgetProductLine"
"140","193.239481","WgetProductLine"
"141","127.498773","WgetProductLine"
"142","132.754754","WgetProductLine"
"143","116.342988","WgetProductLine"
"144","112.417022","WgetProductLine"
"145","121.943368","WgetProductLine"
"146","101.297583","WgetProductLine"
"147","102.793382","WgetProductLine"
"148","87.155036","WgetProductLine"
"149","126.488046","WgetProductLine"
"150","122.100395","WgetProductLine"
"151","124.336743","WgetProductLine"
"152","97.404064","WgetProductLine"
"153","129.570215","WgetProductLine"
"154","101.971081","WgetProductLine"
"155","114.917941","WgetProductLine"
"156","123.09516","WgetProductLine"
"157","104.025461","WgetProductLine"
"158","126.97122","WgetProductLine"
"159","119.640033","WgetProductLine"
"160","113.527893","WgetProductLine"
"161","92.299339","WgetProductLine"
"162","98.672003","WgetProductLine"
"163","120.843514","WgetProductLine"
"164","120.156752","WgetProductLine"
"165","94.096044","WgetProductLine"
"166","124.331816","WgetProductLine"
"167","95.986575","WgetProductLine"
"168","114.043741","WgetProductLine"
"169","125.717722","WgetProductLine"
"170","126.835538","WgetProductLine"
"171","127.05815","WgetProductLine"
"172","119.517705","WgetProductLine"
"173","104.281881","WgetProductLine"
"174","111.935603","WgetProductLine"
"175","113.748921","WgetProductLine"
"176","126.65535","WgetProductLine"
"177","117.833726","WgetProductLine"
"178","126.880663","WgetProductLine"
"179","114.805059","WgetProductLine"
"180","128.692015","WgetProductLine"
"181","112.646718","WgetProductLine"
"182","120.338857","WgetProductLine"
"183","102.060475","WgetProductLine"
"184","127.737547","WgetProductLine"
"185","114.375558","WgetProductLine"
"186","105.946169","WgetProductLine"
"187","100.581205","WgetProductLine"
"188","121.507845","WgetProductLine"
"189","128.989885","WgetProductLine"
"190","109.9876","WgetProductLine"
"191","124.23178","WgetProductLine"
"192","82.556042","WgetProductLine"
"193","119.265317","WgetProductLine"
"194","120.970352","WgetProductLine"
"195","110.985853","WgetProductLine"
"196","115.224099","WgetProductLine"
"197","130.377979","WgetProductLine"
"198","135.517703","WgetProductLine"
"199","132.817126","WgetProductLine"
"200","100.205198","WgetProductLine"
"201","95.206025","BerkeleyDBMemoryversionProductLine"
"202","96.151379","BerkeleyDBMemoryversionProductLine"
"203","86.262691","BerkeleyDBMemoryversionProductLine"
"204","87.979481","BerkeleyDBMemoryversionProductLine"
"205","92.423417","BerkeleyDBMemoryversionProductLine"
"206","88.828199","BerkeleyDBMemoryversionProductLine"
"207","86.532474","BerkeleyDBMemoryversionProductLine"
"208","82.174962","BerkeleyDBMemoryversionProductLine"
"209","91.518109","BerkeleyDBMemoryversionProductLine"
"210","97.410034","BerkeleyDBMemoryversionProductLine"
"211","91.691379","BerkeleyDBMemoryversionProductLine"
"212","84.697773","BerkeleyDBMemoryversionProductLine"
"213","86.384434","BerkeleyDBMemoryversionProductLine"
"214","84.3295","BerkeleyDBMemoryversionProductLine"
"215","80.995768","BerkeleyDBMemoryversionProductLine"
"216","93.082718","BerkeleyDBMemoryversionProductLine"
"217","128.333822","BerkeleyDBMemoryversionProductLine"
"218","85.730756","BerkeleyDBMemoryversionProductLine"
"219","96.285033","BerkeleyDBMemoryversionProductLine"
"220","85.811828","BerkeleyDBMemoryversionProductLine"
"221","81.48564","BerkeleyDBMemoryversionProductLine"
"222","87.813263","BerkeleyDBMemoryversionProductLine"
"223","85.708036","BerkeleyDBMemoryversionProductLine"
"224","89.984834","BerkeleyDBMemoryversionProductLine"
"225","83.810477","BerkeleyDBMemoryversionProductLine"
"226","83.770408","BerkeleyDBMemoryversionProductLine"
"227","87.245019","BerkeleyDBMemoryversionProductLine"
"228","76.626071","BerkeleyDBMemoryversionProductLine"
"229","78.976128","BerkeleyDBMemoryversionProductLine"
"230","86.505834","BerkeleyDBMemoryversionProductLine"
"231","88.311091","BerkeleyDBMemoryversionProductLine"
"232","88.602919","BerkeleyDBMemoryversionProductLine"
"233","78.373712","BerkeleyDBMemoryversionProductLine"
"234","87.174879","BerkeleyDBMemoryversionProductLine"
"235","88.262227","BerkeleyDBMemoryversionProductLine"
"236","99.841448","BerkeleyDBMemoryversionProductLine"
"237","147.016942","BerkeleyDBMemoryversionProductLine"
"238","86.003351","BerkeleyDBMemoryversionProductLine"
"239","96.416665","BerkeleyDBMemoryversionProductLine"
"240","84.972559","BerkeleyDBMemoryversionProductLine"
"241","96.609541","BerkeleyDBMemoryversionProductLine"
"242","98.772214","BerkeleyDBMemoryversionProductLine"
"243","84.170784","BerkeleyDBMemoryversionProductLine"
"244","87.161742","BerkeleyDBMemoryversionProductLine"
"245","84.3615","BerkeleyDBMemoryversionProductLine"
"246","92.554776","BerkeleyDBMemoryversionProductLine"
"247","86.638658","BerkeleyDBMemoryversionProductLine"
"248","86.959264","BerkeleyDBMemoryversionProductLine"
"249","87.4728","BerkeleyDBMemoryversionProductLine"
"250","91.012799","BerkeleyDBMemoryversionProductLine"
"251","83.966178","BerkeleyDBMemoryversionProductLine"
"252","86.114615","BerkeleyDBMemoryversionProductLine"
"253","81.160808","BerkeleyDBMemoryversionProductLine"
"254","84.323076","BerkeleyDBMemoryversionProductLine"
"255","89.024884","BerkeleyDBMemoryversionProductLine"
"256","86.473193","BerkeleyDBMemoryversionProductLine"
"257","84.825489","BerkeleyDBMemoryversionProductLine"
"258","92.251792","BerkeleyDBMemoryversionProductLine"
"259","89.294973","BerkeleyDBMemoryversionProductLine"
"260","94.314172","BerkeleyDBMemoryversionProductLine"
"261","90.54736","BerkeleyDBMemoryversionProductLine"
"262","85.987628","BerkeleyDBMemoryversionProductLine"
"263","85.189644","BerkeleyDBMemoryversionProductLine"
"264","89.683053","BerkeleyDBMemoryversionProductLine"
"265","90.726564","BerkeleyDBMemoryversionProductLine"
"266","83.850692","BerkeleyDBMemoryversionProductLine"
"267","117.65245","BerkeleyDBMemoryversionProductLine"
"268","91.305891","BerkeleyDBMemoryversionProductLine"
"269","86.058678","BerkeleyDBMemoryversionProductLine"
"270","81.579486","BerkeleyDBMemoryversionProductLine"
"271","87.484862","BerkeleyDBMemoryversionProductLine"
"272","83.402111","BerkeleyDBMemoryversionProductLine"
"273","89.041794","BerkeleyDBMemoryversionProductLine"
"274","89.411745","BerkeleyDBMemoryversionProductLine"
"275","89.689278","BerkeleyDBMemoryversionProductLine"
"276","84.364878","BerkeleyDBMemoryversionProductLine"
"277","94.78712","BerkeleyDBMemoryversionProductLine"
"278","88.243341","BerkeleyDBMemoryversionProductLine"
"279","80.170245","BerkeleyDBMemoryversionProductLine"
"280","92.655434","BerkeleyDBMemoryversionProductLine"
"281","86.101916","BerkeleyDBMemoryversionProductLine"
"282","85.310905","BerkeleyDBMemoryversionProductLine"
"283","89.555743","BerkeleyDBMemoryversionProductLine"
"284","91.821616","BerkeleyDBMemoryversionProductLine"
"285","92.957917","BerkeleyDBMemoryversionProductLine"
"286","115.861936","BerkeleyDBMemoryversionProductLine"
"287","86.09739","BerkeleyDBMemoryversionProductLine"
"288","89.673314","BerkeleyDBMemoryversionProductLine"
"289","89.032173","BerkeleyDBMemoryversionProductLine"
"290","81.916041","BerkeleyDBMemoryversionProductLine"
"291","88.001888","BerkeleyDBMemoryversionProductLine"
"292","83.511922","BerkeleyDBMemoryversionProductLine"
"293","83.183803","BerkeleyDBMemoryversionProductLine"
"294","83.402269","BerkeleyDBMemoryversionProductLine"
"295","88.189465","BerkeleyDBMemoryversionProductLine"
"296","92.257184","BerkeleyDBMemoryversionProductLine"
"297","85.92298","BerkeleyDBMemoryversionProductLine"
"298","85.459741","BerkeleyDBMemoryversionProductLine"
"299","86.797077","BerkeleyDBMemoryversionProductLine"
"300","81.43481","BerkeleyDBMemoryversionProductLine"
"301","162.526415","SensorNetworkProductLine"
"302","146.88442","SensorNetworkProductLine"
"303","145.07842","SensorNetworkProductLine"
"304","145.119269","SensorNetworkProductLine"
"305","149.977589","SensorNetworkProductLine"
"306","145.333908","SensorNetworkProductLine"
"307","144.945699","SensorNetworkProductLine"
"308","150.613023","SensorNetworkProductLine"
"309","139.172973","SensorNetworkProductLine"
"310","252.812368","SensorNetworkProductLine"
"311","149.118498","SensorNetworkProductLine"
"312","131.231633","SensorNetworkProductLine"
"313","146.573991","SensorNetworkProductLine"
"314","157.115406","SensorNetworkProductLine"
"315","140.934069","SensorNetworkProductLine"
"316","149.443513","SensorNetworkProductLine"
"317","148.513718","SensorNetworkProductLine"
"318","146.439847","SensorNetworkProductLine"
"319","144.308081","SensorNetworkProductLine"
"320","149.334552","SensorNetworkProductLine"
"321","145.596814","SensorNetworkProductLine"
"322","155.455527","SensorNetworkProductLine"
"323","146.636469","SensorNetworkProductLine"
"324","148.387277","SensorNetworkProductLine"
"325","148.088532","SensorNetworkProductLine"
"326","211.746804","SensorNetworkProductLine"
"327","148.024846","SensorNetworkProductLine"
"328","155.602332","SensorNetworkProductLine"
"329","136.786898","SensorNetworkProductLine"
"330","152.291639","SensorNetworkProductLine"
"331","144.508396","SensorNetworkProductLine"
"332","143.741867","SensorNetworkProductLine"
"333","139.885531","SensorNetworkProductLine"
"334","152.834146","SensorNetworkProductLine"
"335","147.152137","SensorNetworkProductLine"
"336","148.042267","SensorNetworkProductLine"
"337","139.251922","SensorNetworkProductLine"
"338","145.193523","SensorNetworkProductLine"
"339","149.144806","SensorNetworkProductLine"
"340","153.890509","SensorNetworkProductLine"
"341","152.192681","SensorNetworkProductLine"
"342","139.890403","SensorNetworkProductLine"
"343","126.260866","SensorNetworkProductLine"
"344","148.496125","SensorNetworkProductLine"
"345","143.939021","SensorNetworkProductLine"
"346","142.664895","SensorNetworkProductLine"
"347","148.33028","SensorNetworkProductLine"
"348","142.712601","SensorNetworkProductLine"
"349","139.906976","SensorNetworkProductLine"
"350","139.093556","SensorNetworkProductLine"
"351","145.894611","SensorNetworkProductLine"
"352","147.881088","SensorNetworkProductLine"
"353","142.61566","SensorNetworkProductLine"
"354","143.417211","SensorNetworkProductLine"
"355","145.338506","SensorNetworkProductLine"
"356","154.965757","SensorNetworkProductLine"
"357","152.056687","SensorNetworkProductLine"
"358","148.55923","SensorNetworkProductLine"
"359","135.475667","SensorNetworkProductLine"
"360","150.273936","SensorNetworkProductLine"
"361","144.902206","SensorNetworkProductLine"
"362","147.824913","SensorNetworkProductLine"
"363","147.770372","SensorNetworkProductLine"
"364","143.421048","SensorNetworkProductLine"
"365","147.299679","SensorNetworkProductLine"
"366","136.909076","SensorNetworkProductLine"
"367","146.509004","SensorNetworkProductLine"
"368","152.643903","SensorNetworkProductLine"
"369","143.748922","SensorNetworkProductLine"
"370","147.770514","SensorNetworkProductLine"
"371","148.964448","SensorNetworkProductLine"
"372","151.753444","SensorNetworkProductLine"
"373","149.076518","SensorNetworkProductLine"
"374","131.362801","SensorNetworkProductLine"
"375","144.334305","SensorNetworkProductLine"
"376","149.776125","SensorNetworkProductLine"
"377","181.285574","SensorNetworkProductLine"
"378","160.017886","SensorNetworkProductLine"
"379","144.105493","SensorNetworkProductLine"
"380","154.570518","SensorNetworkProductLine"
"381","145.359156","SensorNetworkProductLine"
"382","144.865934","SensorNetworkProductLine"
"383","3309.275495","SensorNetworkProductLine"
"384","158.129056","SensorNetworkProductLine"
"385","139.773231","SensorNetworkProductLine"
"386","149.587736","SensorNetworkProductLine"
"387","139.649701","SensorNetworkProductLine"
"388","147.172323","SensorNetworkProductLine"
"389","138.355227","SensorNetworkProductLine"
"390","152.212455","SensorNetworkProductLine"
"391","144.004823","SensorNetworkProductLine"
"392","146.245189","SensorNetworkProductLine"
"393","151.400231","SensorNetworkProductLine"
"394","153.376353","SensorNetworkProductLine"
"395","159.318816","SensorNetworkProductLine"
"396","149.533068","SensorNetworkProductLine"
"397","134.72956","SensorNetworkProductLine"
"398","141.227085","SensorNetworkProductLine"
"399","155.814021","SensorNetworkProductLine"
"400","152.2161","SensorNetworkProductLine"
"401","134.899803","StrategyMobileGame"
"402","135.220498","StrategyMobileGame"
"403","135.168468","StrategyMobileGame"
"404","209.109592","StrategyMobileGame"
"405","124.702273","StrategyMobileGame"
"406","132.166252","StrategyMobileGame"
"407","138.269793","StrategyMobileGame"
"408","139.341875","StrategyMobileGame"
"409","137.274392","StrategyMobileGame"
"410","125.852845","StrategyMobileGame"
"411","138.059385","StrategyMobileGame"
"412","118.142347","StrategyMobileGame"
"413","119.340932","StrategyMobileGame"
"414","127.969672","StrategyMobileGame"
"415","133.11762","StrategyMobileGame"
"416","135.882686","StrategyMobileGame"
"417","131.533898","StrategyMobileGame"
"418","131.006103","StrategyMobileGame"
"419","142.213366","StrategyMobileGame"
"420","139.874463","StrategyMobileGame"
"421","139.324089","StrategyMobileGame"
"422","128.510795","StrategyMobileGame"
"423","133.148159","StrategyMobileGame"
"424","135.486832","StrategyMobileGame"
"425","135.710085","StrategyMobileGame"
"426","125.117971","StrategyMobileGame"
"427","132.79228","StrategyMobileGame"
"428","120.378495","StrategyMobileGame"
"429","135.313246","StrategyMobileGame"
"430","137.991511","StrategyMobileGame"
"431","124.416158","StrategyMobileGame"
"432","133.581813","StrategyMobileGame"
"433","137.05012","StrategyMobileGame"
"434","126.591905","StrategyMobileGame"
"435","140.072871","StrategyMobileGame"
"436","132.379524","StrategyMobileGame"
"437","126.250858","StrategyMobileGame"
"438","135.52367","StrategyMobileGame"
"439","133.954215","StrategyMobileGame"
"440","137.347907","StrategyMobileGame"
"441","137.058303","StrategyMobileGame"
"442","132.244905","StrategyMobileGame"
"443","130.741952","StrategyMobileGame"
"444","141.454548","StrategyMobileGame"
"445","138.204439","StrategyMobileGame"
"446","234.54434","StrategyMobileGame"
"447","133.876027","StrategyMobileGame"
"448","111.996071","StrategyMobileGame"
"449","126.319167","StrategyMobileGame"
"450","133.468063","StrategyMobileGame"
"451","130.516102","StrategyMobileGame"
"452","126.172853","StrategyMobileGame"
"453","133.801496","StrategyMobileGame"
"454","132.429098","StrategyMobileGame"
"455","127.26205","StrategyMobileGame"
"456","129.272944","StrategyMobileGame"
"457","140.902635","StrategyMobileGame"
"458","139.277882","StrategyMobileGame"
"459","135.421997","StrategyMobileGame"
"460","117.117695","StrategyMobileGame"
"461","136.648793","StrategyMobileGame"
"462","137.979055","StrategyMobileGame"
"463","144.777299","StrategyMobileGame"
"464","130.602536","StrategyMobileGame"
"465","129.071759","StrategyMobileGame"
"466","130.638461","StrategyMobileGame"
"467","135.138737","StrategyMobileGame"
"468","151.198434","StrategyMobileGame"
"469","140.9188","StrategyMobileGame"
"470","141.797652","StrategyMobileGame"
"471","142.026055","StrategyMobileGame"
"472","132.529456","StrategyMobileGame"
"473","132.983099","StrategyMobileGame"
"474","113.853591","StrategyMobileGame"
"475","134.051393","StrategyMobileGame"
"476","133.169057","StrategyMobileGame"
"477","140.147135","StrategyMobileGame"
"478","132.796298","StrategyMobileGame"
"479","129.005062","StrategyMobileGame"
"480","116.392749","StrategyMobileGame"
"481","140.256856","StrategyMobileGame"
"482","108.370181","StrategyMobileGame"
"483","130.480919","StrategyMobileGame"
"484","127.301996","StrategyMobileGame"
"485","136.395547","StrategyMobileGame"
"486","139.052116","StrategyMobileGame"
"487","132.865917","StrategyMobileGame"
"488","133.924336","StrategyMobileGame"
"489","145.616631","StrategyMobileGame"
"490","134.865935","StrategyMobileGame"
"491","128.203184","StrategyMobileGame"
"492","135.709554","StrategyMobileGame"
"493","131.444739","StrategyMobileGame"
"494","134.621493","StrategyMobileGame"
"495","123.006158","StrategyMobileGame"
"496","127.281295","StrategyMobileGame"
"497","127.037328","StrategyMobileGame"
"498","233.391047","StrategyMobileGame"
"499","105.056918","StrategyMobileGame"
"500","128.641288","StrategyMobileGame"
"501","165.036325","TankWar"
"502","129.287505","TankWar"
"503","136.787946","TankWar"
"504","141.22147","TankWar"
"505","111.706263","TankWar"
"506","131.597537","TankWar"
"507","132.788242","TankWar"
"508","142.079559","TankWar"
"509","125.154089","TankWar"
"510","129.199614","TankWar"
"511","119.916009","TankWar"
"512","200.157747","TankWar"
"513","133.590418","TankWar"
"514","126.952634","TankWar"
"515","121.730428","TankWar"
"516","127.518582","TankWar"
"517","128.200558","TankWar"
"518","134.662266","TankWar"
"519","133.134901","TankWar"
"520","135.810094","TankWar"
"521","118.272836","TankWar"
"522","128.117629","TankWar"
"523","130.74349","TankWar"
"524","133.454669","TankWar"
"525","132.907844","TankWar"
"526","122.195584","TankWar"
"527","138.549863","TankWar"
"528","128.455518","TankWar"
"529","125.311775","TankWar"
"530","132.363653","TankWar"
"531","134.713819","TankWar"
"532","128.824115","TankWar"
"533","133.15177","TankWar"
"534","126.271482","TankWar"
"535","131.588608","TankWar"
"536","127.681172","TankWar"
"537","128.369798","TankWar"
"538","126.349125","TankWar"
"539","128.756656","TankWar"
"540","135.86355","TankWar"
"541","137.061364","TankWar"
"542","126.420593","TankWar"
"543","134.557684","TankWar"
"544","132.93304","TankWar"
"545","121.04005","TankWar"
"546","142.121884","TankWar"
"547","133.75323","TankWar"
"548","138.905749","TankWar"
"549","139.770806","TankWar"
"550","130.410541","TankWar"
"551","125.791583","TankWar"
"552","131.484542","TankWar"
"553","127.619869","TankWar"
"554","144.8367","TankWar"
"555","132.208117","TankWar"
"556","142.95581","TankWar"
"557","132.011992","TankWar"
"558","131.540965","TankWar"
"559","141.102227","TankWar"
"560","131.533921","TankWar"
"561","128.408348","TankWar"
"562","120.036836","TankWar"
"563","124.523721","TankWar"
"564","130.061907","TankWar"
"565","137.363969","TankWar"
"566","122.679801","TankWar"
"567","140.012719","TankWar"
"568","137.01585","TankWar"
"569","131.688886","TankWar"
"570","134.32429","TankWar"
"571","122.014811","TankWar"
"572","126.551002","TankWar"
"573","128.037369","TankWar"
"574","128.335585","TankWar"
"575","133.694686","TankWar"
"576","122.46988","TankWar"
"577","124.397481","TankWar"
"578","132.1603","TankWar"
"579","128.263125","TankWar"
"580","130.451405","TankWar"
"581","141.629279","TankWar"
"582","123.852037","TankWar"
"583","130.625114","TankWar"
"584","129.373804","TankWar"
"585","127.474282","TankWar"
"586","123.279588","TankWar"
"587","120.843248","TankWar"
"588","132.28086","TankWar"
"589","133.494315","TankWar"
"590","127.287955","TankWar"
"591","134.044397","TankWar"
"592","121.250371","TankWar"
"593","125.484664","TankWar"
"594","137.27446","TankWar"
"595","123.406699","TankWar"
"596","128.623642","TankWar"
"597","127.028481","TankWar"
"598","120.115949","TankWar"
"599","131.107914","TankWar"
"600","127.734703","TankWar"
"601","142.041362","MobileMedia2"
"602","142.787855","MobileMedia2"
"603","144.448631","MobileMedia2"
"604","143.508934","MobileMedia2"
"605","150.174388","MobileMedia2"
"606","140.191183","MobileMedia2"
"607","144.893527","MobileMedia2"
"608","127.886129","MobileMedia2"
"609","140.038038","MobileMedia2"
"610","143.552022","MobileMedia2"
"611","139.117957","MobileMedia2"
"612","140.502584","MobileMedia2"
"613","118.746135","MobileMedia2"
"614","132.854321","MobileMedia2"
"615","131.941156","MobileMedia2"
"616","145.093148","MobileMedia2"
"617","141.666871","MobileMedia2"
"618","135.314375","MobileMedia2"
"619","139.765208","MobileMedia2"
"620","149.193981","MobileMedia2"
"621","141.887632","MobileMedia2"
"622","136.824004","MobileMedia2"
"623","140.520004","MobileMedia2"
"624","132.116587","MobileMedia2"
"625","135.964086","MobileMedia2"
"626","135.676848","MobileMedia2"
"627","128.370213","MobileMedia2"
"628","139.900352","MobileMedia2"
"629","142.257764","MobileMedia2"
"630","157.157096","MobileMedia2"
"631","138.166999","MobileMedia2"
"632","140.026016","MobileMedia2"
"633","143.389158","MobileMedia2"
"634","149.531663","MobileMedia2"
"635","145.73057","MobileMedia2"
"636","135.533177","MobileMedia2"
"637","141.39352","MobileMedia2"
"638","138.392273","MobileMedia2"
"639","126.963995","MobileMedia2"
"640","137.020313","MobileMedia2"
"641","139.610383","MobileMedia2"
"642","149.707397","MobileMedia2"
"643","125.778412","MobileMedia2"
"644","142.352168","MobileMedia2"
"645","137.554745","MobileMedia2"
"646","133.480225","MobileMedia2"
"647","137.717157","MobileMedia2"
"648","142.237232","MobileMedia2"
"649","129.631854","MobileMedia2"
"650","153.257837","MobileMedia2"
"651","141.290976","MobileMedia2"
"652","139.890798","MobileMedia2"
"653","139.918411","MobileMedia2"
"654","148.142245","MobileMedia2"
"655","139.223675","MobileMedia2"
"656","136.170865","MobileMedia2"
"657","134.245561","MobileMedia2"
"658","138.309232","MobileMedia2"
"659","140.449316","MobileMedia2"
"660","150.42118","MobileMedia2"
"661","135.071025","MobileMedia2"
"662","142.773568","MobileMedia2"
"663","124.249748","MobileMedia2"
"664","139.000734","MobileMedia2"
"665","125.982132","MobileMedia2"
"666","128.954023","MobileMedia2"
"667","148.758811","MobileMedia2"
"668","128.797084","MobileMedia2"
"669","133.236174","MobileMedia2"
"670","138.436531","MobileMedia2"
"671","125.267342","MobileMedia2"
"672","137.185655","MobileMedia2"
"673","139.204353","MobileMedia2"
"674","138.716764","MobileMedia2"
"675","133.507542","MobileMedia2"
"676","145.673904","MobileMedia2"
"677","138.907497","MobileMedia2"
"678","148.213603","MobileMedia2"
"679","131.346637","MobileMedia2"
"680","131.098605","MobileMedia2"
"681","135.048048","MobileMedia2"
"682","130.516829","MobileMedia2"
"683","136.605198","MobileMedia2"
"684","138.556961","MobileMedia2"
"685","144.10238","MobileMedia2"
"686","149.794574","MobileMedia2"
"687","138.810313","MobileMedia2"
"688","139.473327","MobileMedia2"
"689","135.450711","MobileMedia2"
"690","129.440426","MobileMedia2"
"691","138.014938","MobileMedia2"
"692","149.618114","MobileMedia2"
"693","134.498911","MobileMedia2"
"694","137.064263","MobileMedia2"
"695","132.830433","MobileMedia2"
"696","151.809348","MobileMedia2"
"697","137.029747","MobileMedia2"
"698","142.547191","MobileMedia2"
"699","150.811638","MobileMedia2"
"700","128.011004","MobileMedia2"
"701","155.839007","MobileGuide"
"702","160.315972","MobileGuide"
"703","138.588837","MobileGuide"
"704","144.597178","MobileGuide"
"705","254.676642","MobileGuide"
"706","158.711485","MobileGuide"
"707","157.136793","MobileGuide"
"708","153.404455","MobileGuide"
"709","152.494614","MobileGuide"
"710","156.582649","MobileGuide"
"711","156.933199","MobileGuide"
"712","147.411841","MobileGuide"
"713","163.486343","MobileGuide"
"714","160.145067","MobileGuide"
"715","155.886993","MobileGuide"
"716","157.029675","MobileGuide"
"717","161.201747","MobileGuide"
"718","140.852331","MobileGuide"
"719","155.804335","MobileGuide"
"720","145.324424","MobileGuide"
"721","151.850346","MobileGuide"
"722","153.362224","MobileGuide"
"723","138.650944","MobileGuide"
"724","236.800661","MobileGuide"
"725","151.747382","MobileGuide"
"726","144.228412","MobileGuide"
"727","158.614435","MobileGuide"
"728","149.506582","MobileGuide"
"729","153.188362","MobileGuide"
"730","155.08492","MobileGuide"
"731","154.734405","MobileGuide"
"732","152.160683","MobileGuide"
"733","146.850527","MobileGuide"
"734","151.560778","MobileGuide"
"735","147.397213","MobileGuide"
"736","145.40645","MobileGuide"
"737","147.471072","MobileGuide"
"738","155.725265","MobileGuide"
"739","155.435027","MobileGuide"
"740","148.918771","MobileGuide"
"741","153.238079","MobileGuide"
"742","144.78115","MobileGuide"
"743","152.678117","MobileGuide"
"744","146.347066","MobileGuide"
"745","138.803922","MobileGuide"
"746","151.976035","MobileGuide"
"747","143.600111","MobileGuide"
"748","142.646615","MobileGuide"
"749","154.600835","MobileGuide"
"750","144.19382","MobileGuide"
"751","154.35286","MobileGuide"
"752","148.147332","MobileGuide"
"753","153.466877","MobileGuide"
"754","151.862556","MobileGuide"
"755","162.173271","MobileGuide"
"756","157.481155","MobileGuide"
"757","164.703493","MobileGuide"
"758","150.23234","MobileGuide"
"759","156.850094","MobileGuide"
"760","149.011655","MobileGuide"
"761","159.036548","MobileGuide"
"762","150.345305","MobileGuide"
"763","141.631145","MobileGuide"
"764","159.514708","MobileGuide"
"765","161.299715","MobileGuide"
"766","150.888495","MobileGuide"
"767","139.151807","MobileGuide"
"768","163.519028","MobileGuide"
"769","151.100132","MobileGuide"
"770","156.318582","MobileGuide"
"771","164.781975","MobileGuide"
"772","151.444939","MobileGuide"
"773","152.919814","MobileGuide"
"774","161.688871","MobileGuide"
"775","158.175557","MobileGuide"
"776","152.981412","MobileGuide"
"777","152.341525","MobileGuide"
"778","157.304651","MobileGuide"
"779","163.305767","MobileGuide"
"780","140.632201","MobileGuide"
"781","136.507618","MobileGuide"
"782","150.615012","MobileGuide"
"783","156.899369","MobileGuide"
"784","147.028873","MobileGuide"
"785","157.649771","MobileGuide"
"786","147.93939","MobileGuide"
"787","154.03097","MobileGuide"
"788","156.950439","MobileGuide"
"789","150.782618","MobileGuide"
"790","145.717433","MobileGuide"
"791","147.784406","MobileGuide"
"792","157.404943","MobileGuide"
"793","156.48468","MobileGuide"
"794","161.036743","MobileGuide"
"795","137.130045","MobileGuide"
"796","149.283141","MobileGuide"
"797","142.754878","MobileGuide"
"798","158.954132","MobileGuide"
"799","166.475013","MobileGuide"
"800","150.240968","MobileGuide"
"801","1371.515727","SPLOT-3CNF-FM-500-50-1.00-SAT-1"
"802","1441.707891","SPLOT-3CNF-FM-500-50-1.00-SAT-1"
"803","1403.801014","SPLOT-3CNF-FM-500-50-1.00-SAT-1"
"804","1305.202099","SPLOT-3CNF-FM-500-50-1.00-SAT-1"
"805","1354.160067","SPLOT-3CNF-FM-500-50-1.00-SAT-1"
"806","1359.20854","SPLOT-3CNF-FM-500-50-1.00-SAT-1"
"807","1404.180067","SPLOT-3CNF-FM-500-50-1.00-SAT-1"
"808","1315.945712","SPLOT-3CNF-FM-500-50-1.00-SAT-1"
"809","1306.524499","SPLOT-3CNF-FM-500-50-1.00-SAT-1"
"810","1460.155358","SPLOT-3CNF-FM-500-50-1.00-SAT-1"
"811","1380.889553","SPLOT-3CNF-FM-500-50-1.00-SAT-1"
"812","1478.099364","SPLOT-3CNF-FM-500-50-1.00-SAT-1"
"813","1352.700272","SPLOT-3CNF-FM-500-50-1.00-SAT-1"
"814","1383.856835","SPLOT-3CNF-FM-500-50-1.00-SAT-1"
"815","1271.012247","SPLOT-3CNF-FM-500-50-1.00-SAT-1"
"816","1468.5062","SPLOT-3CNF-FM-500-50-1.00-SAT-1"
"817","1441.663677","SPLOT-3CNF-FM-500-50-1.00-SAT-1"
"818","1359.342516","SPLOT-3CNF-FM-500-50-1.00-SAT-1"
"819","1421.28203","SPLOT-3CNF-FM-500-50-1.00-SAT-1"
"820","1367.731659","SPLOT-3CNF-FM-500-50-1.00-SAT-1"
"821","1398.912093","SPLOT-3CNF-FM-500-50-1.00-SAT-1"
"822","1398.806816","SPLOT-3CNF-FM-500-50-1.00-SAT-1"
"823","1462.056792","SPLOT-3CNF-FM-500-50-1.00-SAT-1"
"824","1311.984429","SPLOT-3CNF-FM-500-50-1.00-SAT-1"
"825","1321.071477","SPLOT-3CNF-FM-500-50-1.00-SAT-1"
"826","1370.104389","SPLOT-3CNF-FM-500-50-1.00-SAT-1"
"827","1264.479027","SPLOT-3CNF-FM-500-50-1.00-SAT-1"
"828","1443.743018","SPLOT-3CNF-FM-500-50-1.00-SAT-1"
"829","1377.247487","SPLOT-3CNF-FM-500-50-1.00-SAT-1"
"830","1534.43083","SPLOT-3CNF-FM-500-50-1.00-SAT-1"
"831","1376.060055","SPLOT-3CNF-FM-500-50-1.00-SAT-1"
"832","1341.242592","SPLOT-3CNF-FM-500-50-1.00-SAT-1"
"833","1378.263991","SPLOT-3CNF-FM-500-50-1.00-SAT-1"
"834","1336.456024","SPLOT-3CNF-FM-500-50-1.00-SAT-1"
"835","1347.620629","SPLOT-3CNF-FM-500-50-1.00-SAT-1"
"836","1456.177768","SPLOT-3CNF-FM-500-50-1.00-SAT-1"
"837","1396.602798","SPLOT-3CNF-FM-500-50-1.00-SAT-1"
"838","1395.572903","SPLOT-3CNF-FM-500-50-1.00-SAT-1"
"839","1377.267301","SPLOT-3CNF-FM-500-50-1.00-SAT-1"
"840","1330.785623","SPLOT-3CNF-FM-500-50-1.00-SAT-1"
"841","1296.392178","SPLOT-3CNF-FM-500-50-1.00-SAT-1"
"842","1437.460136","SPLOT-3CNF-FM-500-50-1.00-SAT-1"
"843","1452.728414","SPLOT-3CNF-FM-500-50-1.00-SAT-1"
"844","1457.99923","SPLOT-3CNF-FM-500-50-1.00-SAT-1"
"845","1345.991307","SPLOT-3CNF-FM-500-50-1.00-SAT-1"
"846","1372.578208","SPLOT-3CNF-FM-500-50-1.00-SAT-1"
"847","1431.345263","SPLOT-3CNF-FM-500-50-1.00-SAT-1"
"848","1370.708111","SPLOT-3CNF-FM-500-50-1.00-SAT-1"
"849","1366.016592","SPLOT-3CNF-FM-500-50-1.00-SAT-1"
"850","1405.243017","SPLOT-3CNF-FM-500-50-1.00-SAT-1"
"851","1392.230385","SPLOT-3CNF-FM-500-50-1.00-SAT-1"
"852","1386.057584","SPLOT-3CNF-FM-500-50-1.00-SAT-1"
"853","1533.395316","SPLOT-3CNF-FM-500-50-1.00-SAT-1"
"854","1297.917381","SPLOT-3CNF-FM-500-50-1.00-SAT-1"
"855","1278.235684","SPLOT-3CNF-FM-500-50-1.00-SAT-1"
"856","1533.951823","SPLOT-3CNF-FM-500-50-1.00-SAT-1"
"857","1457.862564","SPLOT-3CNF-FM-500-50-1.00-SAT-1"
"858","1367.946689","SPLOT-3CNF-FM-500-50-1.00-SAT-1"
"859","1513.413366","SPLOT-3CNF-FM-500-50-1.00-SAT-1"
"860","1375.520367","SPLOT-3CNF-FM-500-50-1.00-SAT-1"
"861","1481.54634","SPLOT-3CNF-FM-500-50-1.00-SAT-1"
"862","1308.698453","SPLOT-3CNF-FM-500-50-1.00-SAT-1"
"863","1371.933653","SPLOT-3CNF-FM-500-50-1.00-SAT-1"
"864","1303.280836","SPLOT-3CNF-FM-500-50-1.00-SAT-1"
"865","1321.094572","SPLOT-3CNF-FM-500-50-1.00-SAT-1"
"866","1389.801243","SPLOT-3CNF-FM-500-50-1.00-SAT-1"
"867","1420.474075","SPLOT-3CNF-FM-500-50-1.00-SAT-1"
"868","1424.875233","SPLOT-3CNF-FM-500-50-1.00-SAT-1"
"869","1439.931416","SPLOT-3CNF-FM-500-50-1.00-SAT-1"
"870","1359.289854","SPLOT-3CNF-FM-500-50-1.00-SAT-1"
"871","1523.570921","SPLOT-3CNF-FM-500-50-1.00-SAT-1"
"872","1485.295557","SPLOT-3CNF-FM-500-50-1.00-SAT-1"
"873","1377.793914","SPLOT-3CNF-FM-500-50-1.00-SAT-1"
"874","1474.244642","SPLOT-3CNF-FM-500-50-1.00-SAT-1"
"875","1390.494834","SPLOT-3CNF-FM-500-50-1.00-SAT-1"
"876","1511.852651","SPLOT-3CNF-FM-500-50-1.00-SAT-1"
"877","1332.976474","SPLOT-3CNF-FM-500-50-1.00-SAT-1"
"878","1368.351191","SPLOT-3CNF-FM-500-50-1.00-SAT-1"
"879","1449.464968","SPLOT-3CNF-FM-500-50-1.00-SAT-1"
"880","1398.328985","SPLOT-3CNF-FM-500-50-1.00-SAT-1"
"881","1544.751776","SPLOT-3CNF-FM-500-50-1.00-SAT-1"
"882","1360.506929","SPLOT-3CNF-FM-500-50-1.00-SAT-1"
"883","1297.807073","SPLOT-3CNF-FM-500-50-1.00-SAT-1"
"884","1436.650832","SPLOT-3CNF-FM-500-50-1.00-SAT-1"
"885","1452.233354","SPLOT-3CNF-FM-500-50-1.00-SAT-1"
"886","1349.388045","SPLOT-3CNF-FM-500-50-1.00-SAT-1"
"887","1329.048447","SPLOT-3CNF-FM-500-50-1.00-SAT-1"
"888","1403.03547","SPLOT-3CNF-FM-500-50-1.00-SAT-1"
"889","1433.930019","SPLOT-3CNF-FM-500-50-1.00-SAT-1"
"890","1408.422485","SPLOT-3CNF-FM-500-50-1.00-SAT-1"
"891","1271.211083","SPLOT-3CNF-FM-500-50-1.00-SAT-1"
"892","1291.056686","SPLOT-3CNF-FM-500-50-1.00-SAT-1"
"893","1436.079229","SPLOT-3CNF-FM-500-50-1.00-SAT-1"
"894","1341.890495","SPLOT-3CNF-FM-500-50-1.00-SAT-1"
"895","1432.460241","SPLOT-3CNF-FM-500-50-1.00-SAT-1"
"896","1270.12092","SPLOT-3CNF-FM-500-50-1.00-SAT-1"
"897","1456.347834","SPLOT-3CNF-FM-500-50-1.00-SAT-1"
"898","1377.070429","SPLOT-3CNF-FM-500-50-1.00-SAT-1"
"899","1417.369239","SPLOT-3CNF-FM-500-50-1.00-SAT-1"
"900","1406.03361","SPLOT-3CNF-FM-500-50-1.00-SAT-1"
