"","TIME","ALTERNATIVE"
"1","1100.301333","x264ProductLine"
"2","1006.414001","x264ProductLine"
"3","1127.503","x264ProductLine"
"4","1276.197876","x264ProductLine"
"5","1276.917125","x264ProductLine"
"6","1352.449168","x264ProductLine"
"7","1535.879334","x264ProductLine"
"8","1254.049459","x264ProductLine"
"9","1537.249543","x264ProductLine"
"10","1536.102834","x264ProductLine"
"11","1018.477084","x264ProductLine"
"12","1543.895626","x264ProductLine"
"13","1539.469751","x264ProductLine"
"14","1531.556376","x264ProductLine"
"15","1720.940292","x264ProductLine"
"16","1008.735501","x264ProductLine"
"17","1344.543001","x264ProductLine"
"18","1380.595418","x264ProductLine"
"19","1390.433584","x264ProductLine"
"20","1243.664167","x264ProductLine"
"21","1733.929917","x264ProductLine"
"22","1495.213875","x264ProductLine"
"23","1457.090584","x264ProductLine"
"24","1725.611084","x264ProductLine"
"25","1311.889917","x264ProductLine"
"26","1696.561584","x264ProductLine"
"27","1742.968417","x264ProductLine"
"28","1377.456042","x264ProductLine"
"29","1190.674667","x264ProductLine"
"30","1749.801085","x264ProductLine"
"31","1732.242835","x264ProductLine"
"32","1402.286792","x264ProductLine"
"33","1443.988876","x264ProductLine"
"34","1752.348751","x264ProductLine"
"35","1380.289","x264ProductLine"
"36","1483.294251","x264ProductLine"
"37","1756.024292","x264ProductLine"
"38","1387.881667","x264ProductLine"
"39","1436.594209","x264ProductLine"
"40","1752.630751","x264ProductLine"
"41","1515.693792","x264ProductLine"
"42","1178.829667","x264ProductLine"
"43","1744.506668","x264ProductLine"
"44","1739.504709","x264ProductLine"
"45","1392.665584","x264ProductLine"
"46","1341.478292","x264ProductLine"
"47","1730.958084","x264ProductLine"
"48","1741.946376","x264ProductLine"
"49","1289.153459","x264ProductLine"
"50","1678.642626","x264ProductLine"
"51","1753.898584","x264ProductLine"
"52","1605.143209","x264ProductLine"
"53","1078.372959","x264ProductLine"
"54","1737.223376","x264ProductLine"
"55","1751.037167","x264ProductLine"
"56","1393.732834","x264ProductLine"
"57","1428.287918","x264ProductLine"
"58","1740.22946","x264ProductLine"
"59","1501.254001","x264ProductLine"
"60","1211.5355","x264ProductLine"
"61","1751.555668","x264ProductLine"
"62","1596.184793","x264ProductLine"
"63","1278.301917","x264ProductLine"
"64","1672.570376","x264ProductLine"
"65","1742.351543","x264ProductLine"
"66","1380.250542","x264ProductLine"
"67","1440.939292","x264ProductLine"
"68","1731.629292","x264ProductLine"
"69","1733.333668","x264ProductLine"
"70","1296.932917","x264ProductLine"
"71","1608.368042","x264ProductLine"
"72","1738.875334","x264ProductLine"
"73","1383.565709","x264ProductLine"
"74","1450.074959","x264ProductLine"
"75","1731.907334","x264ProductLine"
"76","1500.673292","x264ProductLine"
"77","1281.287209","x264ProductLine"
"78","1734.544126","x264ProductLine"
"79","1761.321834","x264ProductLine"
"80","1298.364501","x264ProductLine"
"81","1749.495584","x264ProductLine"
"82","1748.869668","x264ProductLine"
"83","1298.845043","x264ProductLine"
"84","1711.832001","x264ProductLine"
"85","1760.630501","x264ProductLine"
"86","1378.920292","x264ProductLine"
"87","1490.590668","x264ProductLine"
"88","1738.290751","x264ProductLine"
"89","1403.279168","x264ProductLine"
"90","1437.618667","x264ProductLine"
"91","1738.057126","x264ProductLine"
"92","1734.353793","x264ProductLine"
"93","1392.150126","x264ProductLine"
"94","1585.860585","x264ProductLine"
"95","1732.261043","x264ProductLine"
"96","1491.098417","x264ProductLine"
"97","1020.471625","x264ProductLine"
"98","1742.395918","x264ProductLine"
"99","1744.335626","x264ProductLine"
"100","1382.282834","x264ProductLine"
"101","989.513167","WgetProductLine"
"102","984.786876","WgetProductLine"
"103","1100.724501","WgetProductLine"
"104","1229.572042","WgetProductLine"
"105","1220.201376","WgetProductLine"
"106","1300.810459","WgetProductLine"
"107","1493.798334","WgetProductLine"
"108","1095.712626","WgetProductLine"
"109","1497.313501","WgetProductLine"
"110","1495.330459","WgetProductLine"
"111","981.977459","WgetProductLine"
"112","1500.725709","WgetProductLine"
"113","1493.311001","WgetProductLine"
"114","1495.834376","WgetProductLine"
"115","1679.147626","WgetProductLine"
"116","985.731958","WgetProductLine"
"117","1368.684625","WgetProductLine"
"118","1346.604584","WgetProductLine"
"119","1344.470751","WgetProductLine"
"120","1236.392626","WgetProductLine"
"121","1680.57446","WgetProductLine"
"122","1437.649667","WgetProductLine"
"123","1415.113126","WgetProductLine"
"124","1683.087085","WgetProductLine"
"125","1254.489959","WgetProductLine"
"126","1646.237959","WgetProductLine"
"127","1682.765793","WgetProductLine"
"128","1276.396167","WgetProductLine"
"129","1148.170834","WgetProductLine"
"130","1631.148917","WgetProductLine"
"131","1687.536876","WgetProductLine"
"132","1341.978709","WgetProductLine"
"133","1399.396625","WgetProductLine"
"134","1682.549168","WgetProductLine"
"135","1348.50825","WgetProductLine"
"136","1436.525959","WgetProductLine"
"137","1675.449834","WgetProductLine"
"138","1364.403917","WgetProductLine"
"139","1405.481167","WgetProductLine"
"140","1686.699251","WgetProductLine"
"141","1437.814542","WgetProductLine"
"142","1221.887459","WgetProductLine"
"143","1696.178043","WgetProductLine"
"144","1678.042292","WgetProductLine"
"145","1342.770042","WgetProductLine"
"146","1297.122876","WgetProductLine"
"147","1673.987376","WgetProductLine"
"148","1699.161959","WgetProductLine"
"149","1248.973917","WgetProductLine"
"150","1678.291584","WgetProductLine"
"151","1684.188334","WgetProductLine"
"152","1564.893918","WgetProductLine"
"153","1234.585959","WgetProductLine"
"154","1688.907751","WgetProductLine"
"155","1687.127417","WgetProductLine"
"156","1341.279501","WgetProductLine"
"157","1599.774001","WgetProductLine"
"158","1680.964792","WgetProductLine"
"159","1442.417459","WgetProductLine"
"160","1186.299709","WgetProductLine"
"161","1688.558251","WgetProductLine"
"162","1569.708667","WgetProductLine"
"163","1258.652376","WgetProductLine"
"164","1651.057042","WgetProductLine"
"165","1682.445209","WgetProductLine"
"166","1345.717418","WgetProductLine"
"167","1406.749917","WgetProductLine"
"168","1681.563209","WgetProductLine"
"169","1674.374917","WgetProductLine"
"170","1258.956209","WgetProductLine"
"171","1569.336501","WgetProductLine"
"172","1695.905168","WgetProductLine"
"173","1345.623125","WgetProductLine"
"174","1418.120167","WgetProductLine"
"175","1692.687376","WgetProductLine"
"176","1438.954917","WgetProductLine"
"177","1222.209584","WgetProductLine"
"178","1693.629792","WgetProductLine"
"179","1688.772668","WgetProductLine"
"180","1249.175959","WgetProductLine"
"181","1680.793501","WgetProductLine"
"182","1674.452918","WgetProductLine"
"183","1248.977501","WgetProductLine"
"184","1641.410084","WgetProductLine"
"185","1690.038292","WgetProductLine"
"186","1344.590209","WgetProductLine"
"187","1435.613792","WgetProductLine"
"188","1680.25471","WgetProductLine"
"189","1340.494167","WgetProductLine"
"190","1426.287417","WgetProductLine"
"191","1689.197375","WgetProductLine"
"192","1686.674876","WgetProductLine"
"193","1272.358584","WgetProductLine"
"194","1650.475584","WgetProductLine"
"195","1676.897293","WgetProductLine"
"196","1437.952959","WgetProductLine"
"197","986.852251","WgetProductLine"
"198","1691.945293","WgetProductLine"
"199","1688.571709","WgetProductLine"
"200","1341.52025","WgetProductLine"
"201","1106.732001","BerkeleyDBMemoryversionProductLine"
"202","1139.061417","BerkeleyDBMemoryversionProductLine"
"203","1204.502084","BerkeleyDBMemoryversionProductLine"
"204","1332.301084","BerkeleyDBMemoryversionProductLine"
"205","1340.487084","BerkeleyDBMemoryversionProductLine"
"206","1425.086251","BerkeleyDBMemoryversionProductLine"
"207","1640.049418","BerkeleyDBMemoryversionProductLine"
"208","1077.442751","BerkeleyDBMemoryversionProductLine"
"209","1640.031084","BerkeleyDBMemoryversionProductLine"
"210","1640.102584","BerkeleyDBMemoryversionProductLine"
"211","1093.678208","BerkeleyDBMemoryversionProductLine"
"212","1635.058293","BerkeleyDBMemoryversionProductLine"
"213","1639.700501","BerkeleyDBMemoryversionProductLine"
"214","1633.495168","BerkeleyDBMemoryversionProductLine"
"215","1856.180125","BerkeleyDBMemoryversionProductLine"
"216","1076.600959","BerkeleyDBMemoryversionProductLine"
"217","1548.860042","BerkeleyDBMemoryversionProductLine"
"218","1507.817668","BerkeleyDBMemoryversionProductLine"
"219","1468.154751","BerkeleyDBMemoryversionProductLine"
"220","1328.9125","BerkeleyDBMemoryversionProductLine"
"221","1830.814","BerkeleyDBMemoryversionProductLine"
"222","1550.038543","BerkeleyDBMemoryversionProductLine"
"223","1523.738709","BerkeleyDBMemoryversionProductLine"
"224","1852.459334","BerkeleyDBMemoryversionProductLine"
"225","1391.027876","BerkeleyDBMemoryversionProductLine"
"226","1790.507417","BerkeleyDBMemoryversionProductLine"
"227","1841.881251","BerkeleyDBMemoryversionProductLine"
"228","1376.605875","BerkeleyDBMemoryversionProductLine"
"229","1259.433","BerkeleyDBMemoryversionProductLine"
"230","1805.057875","BerkeleyDBMemoryversionProductLine"
"231","1835.428626","BerkeleyDBMemoryversionProductLine"
"232","1477.958709","BerkeleyDBMemoryversionProductLine"
"233","1536.500709","BerkeleyDBMemoryversionProductLine"
"234","1835.284667","BerkeleyDBMemoryversionProductLine"
"235","1467.584543","BerkeleyDBMemoryversionProductLine"
"236","1545.386168","BerkeleyDBMemoryversionProductLine"
"237","1885.989543","BerkeleyDBMemoryversionProductLine"
"238","1462.80221","BerkeleyDBMemoryversionProductLine"
"239","1543.929334","BerkeleyDBMemoryversionProductLine"
"240","1854.335334","BerkeleyDBMemoryversionProductLine"
"241","1580.925917","BerkeleyDBMemoryversionProductLine"
"242","1337.603417","BerkeleyDBMemoryversionProductLine"
"243","1835.121709","BerkeleyDBMemoryversionProductLine"
"244","1832.239876","BerkeleyDBMemoryversionProductLine"
"245","1461.143001","BerkeleyDBMemoryversionProductLine"
"246","1415.550917","BerkeleyDBMemoryversionProductLine"
"247","1841.853751","BerkeleyDBMemoryversionProductLine"
"248","1839.969917","BerkeleyDBMemoryversionProductLine"
"249","1394.196376","BerkeleyDBMemoryversionProductLine"
"250","1842.501001","BerkeleyDBMemoryversionProductLine"
"251","1852.65746","BerkeleyDBMemoryversionProductLine"
"252","1723.259834","BerkeleyDBMemoryversionProductLine"
"253","1328.240792","BerkeleyDBMemoryversionProductLine"
"254","1829.351667","BerkeleyDBMemoryversionProductLine"
"255","1858.596251","BerkeleyDBMemoryversionProductLine"
"256","1452.605125","BerkeleyDBMemoryversionProductLine"
"257","1765.774251","BerkeleyDBMemoryversionProductLine"
"258","1835.772543","BerkeleyDBMemoryversionProductLine"
"259","1581.074459","BerkeleyDBMemoryversionProductLine"
"260","1292.188501","BerkeleyDBMemoryversionProductLine"
"261","1850.995542","BerkeleyDBMemoryversionProductLine"
"262","1723.046376","BerkeleyDBMemoryversionProductLine"
"263","1389.002168","BerkeleyDBMemoryversionProductLine"
"264","1798.935459","BerkeleyDBMemoryversionProductLine"
"265","1818.164876","BerkeleyDBMemoryversionProductLine"
"266","1482.746001","BerkeleyDBMemoryversionProductLine"
"267","1546.472334","BerkeleyDBMemoryversionProductLine"
"268","1856.771376","BerkeleyDBMemoryversionProductLine"
"269","1709.477209","BerkeleyDBMemoryversionProductLine"
"270","1376.055584","BerkeleyDBMemoryversionProductLine"
"271","1702.726375","BerkeleyDBMemoryversionProductLine"
"272","1854.59","BerkeleyDBMemoryversionProductLine"
"273","1478.050876","BerkeleyDBMemoryversionProductLine"
"274","1557.781834","BerkeleyDBMemoryversionProductLine"
"275","1850.573334","BerkeleyDBMemoryversionProductLine"
"276","1583.417834","BerkeleyDBMemoryversionProductLine"
"277","1352.004709","BerkeleyDBMemoryversionProductLine"
"278","1823.348334","BerkeleyDBMemoryversionProductLine"
"279","1843.469542","BerkeleyDBMemoryversionProductLine"
"280","1252.450251","BerkeleyDBMemoryversionProductLine"
"281","1854.864834","BerkeleyDBMemoryversionProductLine"
"282","1839.31221","BerkeleyDBMemoryversionProductLine"
"283","1366.020625","BerkeleyDBMemoryversionProductLine"
"284","1793.477001","BerkeleyDBMemoryversionProductLine"
"285","1837.756417","BerkeleyDBMemoryversionProductLine"
"286","1476.421459","BerkeleyDBMemoryversionProductLine"
"287","1575.968584","BerkeleyDBMemoryversionProductLine"
"288","1828.80621","BerkeleyDBMemoryversionProductLine"
"289","1491.849709","BerkeleyDBMemoryversionProductLine"
"290","1530.358542","BerkeleyDBMemoryversionProductLine"
"291","1830.81746","BerkeleyDBMemoryversionProductLine"
"292","1847.485292","BerkeleyDBMemoryversionProductLine"
"293","1383.598543","BerkeleyDBMemoryversionProductLine"
"294","1815.248084","BerkeleyDBMemoryversionProductLine"
"295","1875.983959","BerkeleyDBMemoryversionProductLine"
"296","1578.773626","BerkeleyDBMemoryversionProductLine"
"297","1268.679792","BerkeleyDBMemoryversionProductLine"
"298","1846.494542","BerkeleyDBMemoryversionProductLine"
"299","1819.950542","BerkeleyDBMemoryversionProductLine"
"300","1458.772375","BerkeleyDBMemoryversionProductLine"
"301","1328.554792","SensorNetworkProductLine"
"302","1390.216751","SensorNetworkProductLine"
"303","1511.939417","SensorNetworkProductLine"
"304","1668.328376","SensorNetworkProductLine"
"305","1660.210542","SensorNetworkProductLine"
"306","1760.308501","SensorNetworkProductLine"
"307","2031.758751","SensorNetworkProductLine"
"308","1359.187292","SensorNetworkProductLine"
"309","2039.421293","SensorNetworkProductLine"
"310","2020.683751","SensorNetworkProductLine"
"311","1638.423793","SensorNetworkProductLine"
"312","2044.595334","SensorNetworkProductLine"
"313","2023.181042","SensorNetworkProductLine"
"314","2048.210376","SensorNetworkProductLine"
"315","2266.868418","SensorNetworkProductLine"
"316","1328.46475","SensorNetworkProductLine"
"317","1896.699668","SensorNetworkProductLine"
"318","1830.167584","SensorNetworkProductLine"
"319","1815.997876","SensorNetworkProductLine"
"320","1677.894126","SensorNetworkProductLine"
"321","2274.406168","SensorNetworkProductLine"
"322","1971.549501","SensorNetworkProductLine"
"323","1912.972167","SensorNetworkProductLine"
"324","2278.069751","SensorNetworkProductLine"
"325","1716.42521","SensorNetworkProductLine"
"326","2241.852209","SensorNetworkProductLine"
"327","2281.480001","SensorNetworkProductLine"
"328","1682.251459","SensorNetworkProductLine"
"329","1764.802334","SensorNetworkProductLine"
"330","2223.682001","SensorNetworkProductLine"
"331","2268.029917","SensorNetworkProductLine"
"332","1827.563835","SensorNetworkProductLine"
"333","1926.407376","SensorNetworkProductLine"
"334","2263.29946","SensorNetworkProductLine"
"335","1832.241293","SensorNetworkProductLine"
"336","1915.100001","SensorNetworkProductLine"
"337","2324.400251","SensorNetworkProductLine"
"338","1804.830084","SensorNetworkProductLine"
"339","1906.131126","SensorNetworkProductLine"
"340","2298.573459","SensorNetworkProductLine"
"341","1960.825251","SensorNetworkProductLine"
"342","1661.529043","SensorNetworkProductLine"
"343","2277.473043","SensorNetworkProductLine"
"344","2268.024168","SensorNetworkProductLine"
"345","1598.110709","SensorNetworkProductLine"
"346","1899.548043","SensorNetworkProductLine"
"347","2299.220418","SensorNetworkProductLine"
"348","2283.045542","SensorNetworkProductLine"
"349","1719.819792","SensorNetworkProductLine"
"350","2325.113626","SensorNetworkProductLine"
"351","2284.689292","SensorNetworkProductLine"
"352","2100.367709","SensorNetworkProductLine"
"353","1668.522459","SensorNetworkProductLine"
"354","2281.681376","SensorNetworkProductLine"
"355","2267.142376","SensorNetworkProductLine"
"356","1722.945876","SensorNetworkProductLine"
"357","2219.339126","SensorNetworkProductLine"
"358","2302.833459","SensorNetworkProductLine"
"359","1945.329709","SensorNetworkProductLine"
"360","1603.768042","SensorNetworkProductLine"
"361","2323.848126","SensorNetworkProductLine"
"362","2087.578543","SensorNetworkProductLine"
"363","1701.556959","SensorNetworkProductLine"
"364","2276.770626","SensorNetworkProductLine"
"365","2310.244501","SensorNetworkProductLine"
"366","1814.997542","SensorNetworkProductLine"
"367","1912.132918","SensorNetworkProductLine"
"368","2255.543918","SensorNetworkProductLine"
"369","2114.139293","SensorNetworkProductLine"
"370","1690.012834","SensorNetworkProductLine"
"371","2134.195168","SensorNetworkProductLine"
"372","2290.035834","SensorNetworkProductLine"
"373","1814.232876","SensorNetworkProductLine"
"374","1872.607584","SensorNetworkProductLine"
"375","2277.326834","SensorNetworkProductLine"
"376","1960.682543","SensorNetworkProductLine"
"377","1686.701918","SensorNetworkProductLine"
"378","2278.096084","SensorNetworkProductLine"
"379","2296.88371","SensorNetworkProductLine"
"380","1342.682334","SensorNetworkProductLine"
"381","2292.048418","SensorNetworkProductLine"
"382","2297.480085","SensorNetworkProductLine"
"383","1682.778918","SensorNetworkProductLine"
"384","2217.818168","SensorNetworkProductLine"
"385","2272.237209","SensorNetworkProductLine"
"386","1826.767084","SensorNetworkProductLine"
"387","1941.325626","SensorNetworkProductLine"
"388","2296.182293","SensorNetworkProductLine"
"389","1819.629876","SensorNetworkProductLine"
"390","1892.646876","SensorNetworkProductLine"
"391","2274.959376","SensorNetworkProductLine"
"392","2270.211918","SensorNetworkProductLine"
"393","1701.485793","SensorNetworkProductLine"
"394","2237.124334","SensorNetworkProductLine"
"395","2296.365542","SensorNetworkProductLine"
"396","1955.070626","SensorNetworkProductLine"
"397","1677.022334","SensorNetworkProductLine"
"398","2283.014835","SensorNetworkProductLine"
"399","2264.293417","SensorNetworkProductLine"
"400","1723.882043","SensorNetworkProductLine"
"401","1512.550875","StrategyMobileGame"
"402","1534.219793","StrategyMobileGame"
"403","1666.492875","StrategyMobileGame"
"404","1876.256959","StrategyMobileGame"
"405","1908.191626","StrategyMobileGame"
"406","1970.210168","StrategyMobileGame"
"407","2283.391126","StrategyMobileGame"
"408","1790.137667","StrategyMobileGame"
"409","2284.14746","StrategyMobileGame"
"410","2272.839918","StrategyMobileGame"
"411","1885.719542","StrategyMobileGame"
"412","2327.468168","StrategyMobileGame"
"413","2288.568835","StrategyMobileGame"
"414","2329.264792","StrategyMobileGame"
"415","2514.952793","StrategyMobileGame"
"416","1507.651292","StrategyMobileGame"
"417","2123.24146","StrategyMobileGame"
"418","2061.868876","StrategyMobileGame"
"419","2059.460459","StrategyMobileGame"
"420","1863.823834","StrategyMobileGame"
"421","2607.835335","StrategyMobileGame"
"422","2195.304542","StrategyMobileGame"
"423","2176.383668","StrategyMobileGame"
"424","2552.519167","StrategyMobileGame"
"425","1910.327084","StrategyMobileGame"
"426","2523.591501","StrategyMobileGame"
"427","2599.60396","StrategyMobileGame"
"428","1924.995084","StrategyMobileGame"
"429","1972.881085","StrategyMobileGame"
"430","2530.432501","StrategyMobileGame"
"431","2536.806126","StrategyMobileGame"
"432","2051.67421","StrategyMobileGame"
"433","2197.778918","StrategyMobileGame"
"434","2570.120001","StrategyMobileGame"
"435","2059.182917","StrategyMobileGame"
"436","2170.459292","StrategyMobileGame"
"437","2586.602751","StrategyMobileGame"
"438","2051.096251","StrategyMobileGame"
"439","2197.43271","StrategyMobileGame"
"440","2607.949418","StrategyMobileGame"
"441","2203.602959","StrategyMobileGame"
"442","1887.441585","StrategyMobileGame"
"443","2568.938792","StrategyMobileGame"
"444","2573.457002","StrategyMobileGame"
"445","1809.005418","StrategyMobileGame"
"446","2332.115668","StrategyMobileGame"
"447","2589.555293","StrategyMobileGame"
"448","2590.776168","StrategyMobileGame"
"449","1907.438543","StrategyMobileGame"
"450","2614.549959","StrategyMobileGame"
"451","2565.778918","StrategyMobileGame"
"452","2394.249709","StrategyMobileGame"
"453","1895.172293","StrategyMobileGame"
"454","2569.302293","StrategyMobileGame"
"455","2590.868876","StrategyMobileGame"
"456","1905.858084","StrategyMobileGame"
"457","2521.939293","StrategyMobileGame"
"458","2564.064668","StrategyMobileGame"
"459","2227.411667","StrategyMobileGame"
"460","1826.289626","StrategyMobileGame"
"461","2577.65146","StrategyMobileGame"
"462","2381.550418","StrategyMobileGame"
"463","1948.155626","StrategyMobileGame"
"464","2599.719459","StrategyMobileGame"
"465","2614.711752","StrategyMobileGame"
"466","2027.183043","StrategyMobileGame"
"467","2445.673001","StrategyMobileGame"
"468","2636.354376","StrategyMobileGame"
"469","2363.778251","StrategyMobileGame"
"470","1938.637043","StrategyMobileGame"
"471","2405.554334","StrategyMobileGame"
"472","2587.081459","StrategyMobileGame"
"473","2089.643584","StrategyMobileGame"
"474","2161.423459","StrategyMobileGame"
"475","2565.137793","StrategyMobileGame"
"476","2227.28346","StrategyMobileGame"
"477","1881.698001","StrategyMobileGame"
"478","2602.888334","StrategyMobileGame"
"479","2602.161209","StrategyMobileGame"
"480","1500.147001","StrategyMobileGame"
"481","2576.894834","StrategyMobileGame"
"482","2571.851043","StrategyMobileGame"
"483","1927.132876","StrategyMobileGame"
"484","2501.422293","StrategyMobileGame"
"485","2621.744668","StrategyMobileGame"
"486","2093.069876","StrategyMobileGame"
"487","2237.555834","StrategyMobileGame"
"488","2614.685876","StrategyMobileGame"
"489","2056.393459","StrategyMobileGame"
"490","2167.840418","StrategyMobileGame"
"491","2570.195793","StrategyMobileGame"
"492","2593.216543","StrategyMobileGame"
"493","1939.821001","StrategyMobileGame"
"494","2514.357585","StrategyMobileGame"
"495","2628.061335","StrategyMobileGame"
"496","2218.837126","StrategyMobileGame"
"497","1885.901459","StrategyMobileGame"
"498","2576.333252","StrategyMobileGame"
"499","2578.665918","StrategyMobileGame"
"500","1946.398334","StrategyMobileGame"
"501","1629.641167","TankWar"
"502","1652.886751","TankWar"
"503","1800.485835","TankWar"
"504","2032.623126","TankWar"
"505","2011.856626","TankWar"
"506","2155.294501","TankWar"
"507","2502.389585","TankWar"
"508","1876.565293","TankWar"
"509","2469.962793","TankWar"
"510","2477.268626","TankWar"
"511","2042.809085","TankWar"
"512","2485.585709","TankWar"
"513","2504.814043","TankWar"
"514","2595.097626","TankWar"
"515","2606.181127","TankWar"
"516","1649.440875","TankWar"
"517","2304.495584","TankWar"
"518","2248.098376","TankWar"
"519","2211.221376","TankWar"
"520","2090.39371","TankWar"
"521","2769.346793","TankWar"
"522","2367.370917","TankWar"
"523","2324.127084","TankWar"
"524","2791.692084","TankWar"
"525","2050.400126","TankWar"
"526","2734.14896","TankWar"
"527","2753.698335","TankWar"
"528","2081.794418","TankWar"
"529","2164.569501","TankWar"
"530","2735.229418","TankWar"
"531","2777.202418","TankWar"
"532","2215.865418","TankWar"
"533","2329.233627","TankWar"
"534","2744.788709","TankWar"
"535","2255.058001","TankWar"
"536","2323.926334","TankWar"
"537","2784.934251","TankWar"
"538","2233.990293","TankWar"
"539","2351.607667","TankWar"
"540","2757.344709","TankWar"
"541","2387.024917","TankWar"
"542","2019.082001","TankWar"
"543","2781.802626","TankWar"
"544","2734.149501","TankWar"
"545","1952.471251","TankWar"
"546","2459.487543","TankWar"
"547","2755.21771","TankWar"
"548","2761.498209","TankWar"
"549","1865.439251","TankWar"
"550","2765.596668","TankWar"
"551","2744.107168","TankWar"
"552","2545.802918","TankWar"
"553","2004.35775","TankWar"
"554","2799.033835","TankWar"
"555","2755.528877","TankWar"
"556","2074.169834","TankWar"
"557","2716.370168","TankWar"
"558","2756.818751","TankWar"
"559","2348.220334","TankWar"
"560","1935.986042","TankWar"
"561","2753.335584","TankWar"
"562","2577.355084","TankWar"
"563","2092.14221","TankWar"
"564","2769.622877","TankWar"
"565","2780.524043","TankWar"
"566","2057.153626","TankWar"
"567","2758.139752","TankWar"
"568","2755.841585","TankWar"
"569","2589.680335","TankWar"
"570","2056.846418","TankWar"
"571","2689.764626","TankWar"
"572","2798.125668","TankWar"
"573","2190.449126","TankWar"
"574","2298.979251","TankWar"
"575","2748.622751","TankWar"
"576","2420.465043","TankWar"
"577","2035.619501","TankWar"
"578","2795.747876","TankWar"
"579","2603.643126","TankWar"
"580","1651.115501","TankWar"
"581","2756.125752","TankWar"
"582","2728.12171","TankWar"
"583","2069.27696","TankWar"
"584","2738.454126","TankWar"
"585","2771.878834","TankWar"
"586","2219.052084","TankWar"
"587","2367.92196","TankWar"
"588","2796.016168","TankWar"
"589","2201.79221","TankWar"
"590","2315.995417","TankWar"
"591","2748.967001","TankWar"
"592","2787.283001","TankWar"
"593","2060.384084","TankWar"
"594","2702.312376","TankWar"
"595","2756.728626","TankWar"
"596","2357.462543","TankWar"
"597","2046.289168","TankWar"
"598","2768.44871","TankWar"
"599","2772.89046","TankWar"
"600","2059.336876","TankWar"
"601","1848.881917","MobileMedia2"
"602","1877.060584","MobileMedia2"
"603","2074.35421","MobileMedia2"
"604","2292.228876","MobileMedia2"
"605","2289.142293","MobileMedia2"
"606","2422.845293","MobileMedia2"
"607","2833.538418","MobileMedia2"
"608","2141.589459","MobileMedia2"
"609","2827.570084","MobileMedia2"
"610","2827.081627","MobileMedia2"
"611","2270.052877","MobileMedia2"
"612","2815.77471","MobileMedia2"
"613","2809.290793","MobileMedia2"
"614","3143.376377","MobileMedia2"
"615","2914.822002","MobileMedia2"
"616","1991.248626","MobileMedia2"
"617","2662.552876","MobileMedia2"
"618","2509.050793","MobileMedia2"
"619","2513.713377","MobileMedia2"
"620","2659.376668","MobileMedia2"
"621","3160.782043","MobileMedia2"
"622","2675.648502","MobileMedia2"
"623","2668.940418","MobileMedia2"
"624","3122.900626","MobileMedia2"
"625","2385.950002","MobileMedia2"
"626","3063.420668","MobileMedia2"
"627","3135.858293","MobileMedia2"
"628","2356.037751","MobileMedia2"
"629","2426.050292","MobileMedia2"
"630","3119.97471","MobileMedia2"
"631","3143.622043","MobileMedia2"
"632","2537.656334","MobileMedia2"
"633","2841.696085","MobileMedia2"
"634","3172.373418","MobileMedia2"
"635","2539.985085","MobileMedia2"
"636","2624.329501","MobileMedia2"
"637","3134.55921","MobileMedia2"
"638","2539.852543","MobileMedia2"
"639","2612.473709","MobileMedia2"
"640","3180.118543","MobileMedia2"
"641","2688.814959","MobileMedia2"
"642","2312.653377","MobileMedia2"
"643","3135.777793","MobileMedia2"
"644","3135.838001","MobileMedia2"
"645","2200.57071","MobileMedia2"
"646","2821.541626","MobileMedia2"
"647","3166.743293","MobileMedia2"
"648","3161.369502","MobileMedia2"
"649","1821.667501","MobileMedia2"
"650","3143.503876","MobileMedia2"
"651","3160.367543","MobileMedia2"
"652","2929.210877","MobileMedia2"
"653","2284.382002","MobileMedia2"
"654","3143.217251","MobileMedia2"
"655","3193.556459","MobileMedia2"
"656","2363.830835","MobileMedia2"
"657","3104.260543","MobileMedia2"
"658","3162.304252","MobileMedia2"
"659","2716.906626","MobileMedia2"
"660","2211.595043","MobileMedia2"
"661","3136.198376","MobileMedia2"
"662","2966.11446","MobileMedia2"
"663","1865.350418","MobileMedia2"
"664","3179.189126","MobileMedia2"
"665","3174.323668","MobileMedia2"
"666","2340.305876","MobileMedia2"
"667","3073.174751","MobileMedia2"
"668","3186.294752","MobileMedia2"
"669","2924.910543","MobileMedia2"
"670","2369.319167","MobileMedia2"
"671","3171.510376","MobileMedia2"
"672","3194.413126","MobileMedia2"
"673","2516.606001","MobileMedia2"
"674","2856.822502","MobileMedia2"
"675","3157.540794","MobileMedia2"
"676","2629.901002","MobileMedia2"
"677","2633.929085","MobileMedia2"
"678","3149.112126","MobileMedia2"
"679","2690.964126","MobileMedia2"
"680","2199.457084","MobileMedia2"
"681","3125.084043","MobileMedia2"
"682","2954.256793","MobileMedia2"
"683","2342.027084","MobileMedia2"
"684","3058.118751","MobileMedia2"
"685","3153.49046","MobileMedia2"
"686","2544.608168","MobileMedia2"
"687","2757.39946","MobileMedia2"
"688","3204.395626","MobileMedia2"
"689","2540.022793","MobileMedia2"
"690","2659.905877","MobileMedia2"
"691","3183.361793","MobileMedia2"
"692","3015.31346","MobileMedia2"
"693","2361.782751","MobileMedia2"
"694","3084.387252","MobileMedia2"
"695","3169.507085","MobileMedia2"
"696","2673.112876","MobileMedia2"
"697","2325.952168","MobileMedia2"
"698","3180.830543","MobileMedia2"
"699","3172.662252","MobileMedia2"
"700","2344.597042","MobileMedia2"
"701","2067.689251","MobileGuide"
"702","2094.125293","MobileGuide"
"703","2284.827126","MobileGuide"
"704","2558.640002","MobileGuide"
"705","2550.667501","MobileGuide"
"706","2759.732584","MobileGuide"
"707","3092.410002","MobileGuide"
"708","2414.628751","MobileGuide"
"709","3111.540751","MobileGuide"
"710","3139.100043","MobileGuide"
"711","2580.993418","MobileGuide"
"712","3150.216459","MobileGuide"
"713","2943.812501","MobileGuide"
"714","3506.158001","MobileGuide"
"715","3266.90521","MobileGuide"
"716","2564.630335","MobileGuide"
"717","2902.511502","MobileGuide"
"718","2829.363876","MobileGuide"
"719","2823.843585","MobileGuide"
"720","2945.830918","MobileGuide"
"721","3525.123376","MobileGuide"
"722","2708.969085","MobileGuide"
"723","3253.506293","MobileGuide"
"724","3462.920626","MobileGuide"
"725","2622.801668","MobileGuide"
"726","3433.018126","MobileGuide"
"727","3515.735585","MobileGuide"
"728","2592.350501","MobileGuide"
"729","2732.178543","MobileGuide"
"730","3526.051043","MobileGuide"
"731","3539.706627","MobileGuide"
"732","2655.484626","MobileGuide"
"733","3427.609252","MobileGuide"
"734","3543.406794","MobileGuide"
"735","2813.109627","MobileGuide"
"736","3051.43696","MobileGuide"
"737","3484.786044","MobileGuide"
"738","2810.907668","MobileGuide"
"739","2947.282335","MobileGuide"
"740","3494.818877","MobileGuide"
"741","2979.043502","MobileGuide"
"742","2624.638376","MobileGuide"
"743","3498.787085","MobileGuide"
"744","3296.813085","MobileGuide"
"745","2469.754793","MobileGuide"
"746","3129.821543","MobileGuide"
"747","3501.72046","MobileGuide"
"748","3519.144502","MobileGuide"
"749","2106.951001","MobileGuide"
"750","3522.093294","MobileGuide"
"751","3535.682585","MobileGuide"
"752","3205.28071","MobileGuide"
"753","2839.734918","MobileGuide"
"754","3548.144877","MobileGuide"
"755","3275.482251","MobileGuide"
"756","2620.057376","MobileGuide"
"757","3438.933793","MobileGuide"
"758","3480.334085","MobileGuide"
"759","3018.323335","MobileGuide"
"760","2646.016043","MobileGuide"
"761","3513.646752","MobileGuide"
"762","3266.194835","MobileGuide"
"763","2044.889335","MobileGuide"
"764","3488.709377","MobileGuide"
"765","3500.988376","MobileGuide"
"766","2644.282001","MobileGuide"
"767","3399.682752","MobileGuide"
"768","3516.301168","MobileGuide"
"769","3270.033418","MobileGuide"
"770","2542.845084","MobileGuide"
"771","3463.621168","MobileGuide"
"772","3566.278168","MobileGuide"
"773","2620.246584","MobileGuide"
"774","3411.48421","MobileGuide"
"775","3547.009127","MobileGuide"
"776","2827.68646","MobileGuide"
"777","2935.58396","MobileGuide"
"778","3535.33971","MobileGuide"
"779","2982.139168","MobileGuide"
"780","2559.95071","MobileGuide"
"781","3492.27021","MobileGuide"
"782","3298.447876","MobileGuide"
"783","2603.879293","MobileGuide"
"784","3501.447794","MobileGuide"
"785","3530.37246","MobileGuide"
"786","2853.077918","MobileGuide"
"787","3305.164084","MobileGuide"
"788","3474.594085","MobileGuide"
"789","2826.93871","MobileGuide"
"790","2941.277709","MobileGuide"
"791","3535.627168","MobileGuide"
"792","3272.146668","MobileGuide"
"793","2624.973751","MobileGuide"
"794","3437.415126","MobileGuide"
"795","3466.958668","MobileGuide"
"796","3002.720668","MobileGuide"
"797","2596.495793","MobileGuide"
"798","3509.989376","MobileGuide"
"799","3395.038502","MobileGuide"
"800","2657.022418","MobileGuide"
"801","36929.513642","SPLOT-3CNF-FM-500-50-1.00-SAT-1"
"802","39428.155769","SPLOT-3CNF-FM-500-50-1.00-SAT-1"
"803","45452.23223","SPLOT-3CNF-FM-500-50-1.00-SAT-1"
"804","46501.083522","SPLOT-3CNF-FM-500-50-1.00-SAT-1"
"805","46626.262189","SPLOT-3CNF-FM-500-50-1.00-SAT-1"
"806","55124.488735","SPLOT-3CNF-FM-500-50-1.00-SAT-1"
"807","45114.015146","SPLOT-3CNF-FM-500-50-1.00-SAT-1"
"808","50601.503899","SPLOT-3CNF-FM-500-50-1.00-SAT-1"
"809","61426.411529","SPLOT-3CNF-FM-500-50-1.00-SAT-1"
"810","44738.731021","SPLOT-3CNF-FM-500-50-1.00-SAT-1"
"811","54253.223317","SPLOT-3CNF-FM-500-50-1.00-SAT-1"
"812","56570.261985","SPLOT-3CNF-FM-500-50-1.00-SAT-1"
"813","46602.709022","SPLOT-3CNF-FM-500-50-1.00-SAT-1"
"814","62726.050655","SPLOT-3CNF-FM-500-50-1.00-SAT-1"
"815","51176.269608","SPLOT-3CNF-FM-500-50-1.00-SAT-1"
"816","44886.064146","SPLOT-3CNF-FM-500-50-1.00-SAT-1"
"817","50140.569023","SPLOT-3CNF-FM-500-50-1.00-SAT-1"
"818","50179.428815","SPLOT-3CNF-FM-500-50-1.00-SAT-1"
"819","45108.688438","SPLOT-3CNF-FM-500-50-1.00-SAT-1"
"820","59684.231361","SPLOT-3CNF-FM-500-50-1.00-SAT-1"
"821","60046.96132","SPLOT-3CNF-FM-500-50-1.00-SAT-1"
"822","43315.290187","SPLOT-3CNF-FM-500-50-1.00-SAT-1"
"823","62495.929946","SPLOT-3CNF-FM-500-50-1.00-SAT-1"
"824","56213.938319","SPLOT-3CNF-FM-500-50-1.00-SAT-1"
"825","46085.053105","SPLOT-3CNF-FM-500-50-1.00-SAT-1"
"826","62873.590155","SPLOT-3CNF-FM-500-50-1.00-SAT-1"
"827","55055.554693","SPLOT-3CNF-FM-500-50-1.00-SAT-1"
"828","43372.551854","SPLOT-3CNF-FM-500-50-1.00-SAT-1"
"829","57709.630403","SPLOT-3CNF-FM-500-50-1.00-SAT-1"
"830","62898.208364","SPLOT-3CNF-FM-500-50-1.00-SAT-1"
"831","56299.054694","SPLOT-3CNF-FM-500-50-1.00-SAT-1"
"832","45108.835772","SPLOT-3CNF-FM-500-50-1.00-SAT-1"
"833","62761.786822","SPLOT-3CNF-FM-500-50-1.00-SAT-1"
"834","57432.471402","SPLOT-3CNF-FM-500-50-1.00-SAT-1"
"835","43616.157645","SPLOT-3CNF-FM-500-50-1.00-SAT-1"
"836","62211.698863","SPLOT-3CNF-FM-500-50-1.00-SAT-1"
"837","60186.963695","SPLOT-3CNF-FM-500-50-1.00-SAT-1"
"838","43622.168604","SPLOT-3CNF-FM-500-50-1.00-SAT-1"
"839","61946.885446","SPLOT-3CNF-FM-500-50-1.00-SAT-1"
"840","62661.624572","SPLOT-3CNF-FM-500-50-1.00-SAT-1"
"841","46371.653188","SPLOT-3CNF-FM-500-50-1.00-SAT-1"
"842","59323.507903","SPLOT-3CNF-FM-500-50-1.00-SAT-1"
"843","63148.01453","SPLOT-3CNF-FM-500-50-1.00-SAT-1"
"844","53807.614609","SPLOT-3CNF-FM-500-50-1.00-SAT-1"
"845","44606.617896","SPLOT-3CNF-FM-500-50-1.00-SAT-1"
"846","62276.104155","SPLOT-3CNF-FM-500-50-1.00-SAT-1"
"847","63149.106739","SPLOT-3CNF-FM-500-50-1.00-SAT-1"
"848","54764.361651","SPLOT-3CNF-FM-500-50-1.00-SAT-1"
"849","52815.169109","SPLOT-3CNF-FM-500-50-1.00-SAT-1"
"850","62784.298447","SPLOT-3CNF-FM-500-50-1.00-SAT-1"
"851","62625.220779","SPLOT-3CNF-FM-500-50-1.00-SAT-1"
"852","47120.519731","SPLOT-3CNF-FM-500-50-1.00-SAT-1"
"853","58495.517694","SPLOT-3CNF-FM-500-50-1.00-SAT-1"
"854","62663.050363","SPLOT-3CNF-FM-500-50-1.00-SAT-1"
"855","53751.929817","SPLOT-3CNF-FM-500-50-1.00-SAT-1"
"856","47093.433439","SPLOT-3CNF-FM-500-50-1.00-SAT-1"
"857","62877.533155","SPLOT-3CNF-FM-500-50-1.00-SAT-1"
"858","62719.526405","SPLOT-3CNF-FM-500-50-1.00-SAT-1"
"859","48261.665231","SPLOT-3CNF-FM-500-50-1.00-SAT-1"
"860","56622.250402","SPLOT-3CNF-FM-500-50-1.00-SAT-1"
"861","62901.384613","SPLOT-3CNF-FM-500-50-1.00-SAT-1"
"862","51346.153566","SPLOT-3CNF-FM-500-50-1.00-SAT-1"
"863","51328.866691","SPLOT-3CNF-FM-500-50-1.00-SAT-1"
"864","62978.627697","SPLOT-3CNF-FM-500-50-1.00-SAT-1"
"865","55161.726026","SPLOT-3CNF-FM-500-50-1.00-SAT-1"
"866","45462.092689","SPLOT-3CNF-FM-500-50-1.00-SAT-1"
"867","62843.930363","SPLOT-3CNF-FM-500-50-1.00-SAT-1"
"868","62788.621071","SPLOT-3CNF-FM-500-50-1.00-SAT-1"
"869","51325.545483","SPLOT-3CNF-FM-500-50-1.00-SAT-1"
"870","48912.021981","SPLOT-3CNF-FM-500-50-1.00-SAT-1"
"871","62806.588197","SPLOT-3CNF-FM-500-50-1.00-SAT-1"
"872","55771.97536","SPLOT-3CNF-FM-500-50-1.00-SAT-1"
"873","45294.092855","SPLOT-3CNF-FM-500-50-1.00-SAT-1"
"874","62656.752572","SPLOT-3CNF-FM-500-50-1.00-SAT-1"
"875","60198.000779","SPLOT-3CNF-FM-500-50-1.00-SAT-1"
"876","46124.996314","SPLOT-3CNF-FM-500-50-1.00-SAT-1"
"877","59918.693403","SPLOT-3CNF-FM-500-50-1.00-SAT-1"
"878","62932.394571","SPLOT-3CNF-FM-500-50-1.00-SAT-1"
"879","50080.318774","SPLOT-3CNF-FM-500-50-1.00-SAT-1"
"880","54798.231234","SPLOT-3CNF-FM-500-50-1.00-SAT-1"
"881","63148.537321","SPLOT-3CNF-FM-500-50-1.00-SAT-1"
"882","53541.474734","SPLOT-3CNF-FM-500-50-1.00-SAT-1"
"883","47093.327772","SPLOT-3CNF-FM-500-50-1.00-SAT-1"
"884","62879.487113","SPLOT-3CNF-FM-500-50-1.00-SAT-1"
"885","57856.385861","SPLOT-3CNF-FM-500-50-1.00-SAT-1"
"886","49781.595148","SPLOT-3CNF-FM-500-50-1.00-SAT-1"
"887","61764.524946","SPLOT-3CNF-FM-500-50-1.00-SAT-1"
"888","57237.884527","SPLOT-3CNF-FM-500-50-1.00-SAT-1"
"889","44174.447479","SPLOT-3CNF-FM-500-50-1.00-SAT-1"
"890","62104.992904","SPLOT-3CNF-FM-500-50-1.00-SAT-1"
"891","63770.888989","SPLOT-3CNF-FM-500-50-1.00-SAT-1"
"892","53702.308526","SPLOT-3CNF-FM-500-50-1.00-SAT-1"
"893","46296.262689","SPLOT-3CNF-FM-500-50-1.00-SAT-1"
"894","62813.13228","SPLOT-3CNF-FM-500-50-1.00-SAT-1"
"895","61075.730238","SPLOT-3CNF-FM-500-50-1.00-SAT-1"
"896","47157.015314","SPLOT-3CNF-FM-500-50-1.00-SAT-1"
"897","59272.82232","SPLOT-3CNF-FM-500-50-1.00-SAT-1"
"898","62982.524489","SPLOT-3CNF-FM-500-50-1.00-SAT-1"
"899","54145.809776","SPLOT-3CNF-FM-500-50-1.00-SAT-1"
"900","41410.468686","SPLOT-3CNF-FM-500-50-1.00-SAT-1"
