"","TIME","ALTERNATIVE"
"1","112.408169","x264ProductLine"
"2","8.185363","x264ProductLine"
"3","7.560077","x264ProductLine"
"4","14.918486","x264ProductLine"
"5","15.556513","x264ProductLine"
"6","10.076146","x264ProductLine"
"7","14.284377","x264ProductLine"
"8","9.623462","x264ProductLine"
"9","9.951058","x264ProductLine"
"10","10.949535","x264ProductLine"
"11","8.993912","x264ProductLine"
"12","10.79965","x264ProductLine"
"13","9.22033","x264ProductLine"
"14","9.786021","x264ProductLine"
"15","9.840898","x264ProductLine"
"16","9.812906","x264ProductLine"
"17","8.410148","x264ProductLine"
"18","11.783227","x264ProductLine"
"19","7.409678","x264ProductLine"
"20","9.811542","x264ProductLine"
"21","10.017701","x264ProductLine"
"22","10.868008","x264ProductLine"
"23","9.250636","x264ProductLine"
"24","7.780004","x264ProductLine"
"25","13.138166","x264ProductLine"
"26","82.353004","x264ProductLine"
"27","57.782557","x264ProductLine"
"28","15.372362","x264ProductLine"
"29","6.58088","x264ProductLine"
"30","6.846463","x264ProductLine"
"31","7.915999","x264ProductLine"
"32","9.706717","x264ProductLine"
"33","7.518297","x264ProductLine"
"34","7.27966","x264ProductLine"
"35","8.285061","x264ProductLine"
"36","11.528818","x264ProductLine"
"37","7.73624","x264ProductLine"
"38","9.227583","x264ProductLine"
"39","14.100383","x264ProductLine"
"40","7.166424","x264ProductLine"
"41","6.802679","x264ProductLine"
"42","7.049136","x264ProductLine"
"43","9.347205","x264ProductLine"
"44","9.75362","x264ProductLine"
"45","8.421314","x264ProductLine"
"46","13.564593","x264ProductLine"
"47","10.3249","x264ProductLine"
"48","6.802032","x264ProductLine"
"49","7.480459","x264ProductLine"
"50","7.288112","x264ProductLine"
"51","11.907086","x264ProductLine"
"52","9.597072","x264ProductLine"
"53","6.836155","x264ProductLine"
"54","8.37456","x264ProductLine"
"55","7.637948","x264ProductLine"
"56","7.988969","x264ProductLine"
"57","13.080612","x264ProductLine"
"58","9.115136","x264ProductLine"
"59","8.199284","x264ProductLine"
"60","13.320558","x264ProductLine"
"61","13.891303","x264ProductLine"
"62","8.2158","x264ProductLine"
"63","13.791411","x264ProductLine"
"64","15.76339","x264ProductLine"
"65","40.27521","x264ProductLine"
"66","11.651167","x264ProductLine"
"67","14.824533","x264ProductLine"
"68","9.631893","x264ProductLine"
"69","8.716139","x264ProductLine"
"70","13.796304","x264ProductLine"
"71","9.25587","x264ProductLine"
"72","11.234786","x264ProductLine"
"73","10.98665","x264ProductLine"
"74","12.848343","x264ProductLine"
"75","11.277458","x264ProductLine"
"76","11.348905","x264ProductLine"
"77","15.398302","x264ProductLine"
"78","8.425474","x264ProductLine"
"79","13.891477","x264ProductLine"
"80","14.819003","x264ProductLine"
"81","9.371606","x264ProductLine"
"82","9.636904","x264ProductLine"
"83","8.586026","x264ProductLine"
"84","14.336627","x264ProductLine"
"85","8.215352","x264ProductLine"
"86","14.813668","x264ProductLine"
"87","11.595813","x264ProductLine"
"88","11.287314","x264ProductLine"
"89","8.464214","x264ProductLine"
"90","10.30952","x264ProductLine"
"91","6.482644","x264ProductLine"
"92","8.880418","x264ProductLine"
"93","10.072868","x264ProductLine"
"94","10.054242","x264ProductLine"
"95","11.205207","x264ProductLine"
"96","8.271835","x264ProductLine"
"97","17.745203","x264ProductLine"
"98","12.364168","x264ProductLine"
"99","7.933691","x264ProductLine"
"100","10.727843","x264ProductLine"
"101","18.997742","WgetProductLine"
"102","6.992514","WgetProductLine"
"103","11.327754","WgetProductLine"
"104","18.061081","WgetProductLine"
"105","12.946363","WgetProductLine"
"106","12.393424","WgetProductLine"
"107","8.698023","WgetProductLine"
"108","11.38097","WgetProductLine"
"109","13.321667","WgetProductLine"
"110","10.79304","WgetProductLine"
"111","14.774338","WgetProductLine"
"112","9.592551","WgetProductLine"
"113","12.686783","WgetProductLine"
"114","7.784552","WgetProductLine"
"115","13.717458","WgetProductLine"
"116","9.676374","WgetProductLine"
"117","17.863952","WgetProductLine"
"118","17.345121","WgetProductLine"
"119","8.253191","WgetProductLine"
"120","10.585338","WgetProductLine"
"121","7.791997","WgetProductLine"
"122","6.353944","WgetProductLine"
"123","7.690383","WgetProductLine"
"124","15.52428","WgetProductLine"
"125","13.305998","WgetProductLine"
"126","21.717505","WgetProductLine"
"127","12.896014","WgetProductLine"
"128","9.536177","WgetProductLine"
"129","8.042335","WgetProductLine"
"130","6.891972","WgetProductLine"
"131","6.920524","WgetProductLine"
"132","8.804904","WgetProductLine"
"133","6.54175","WgetProductLine"
"134","8.114153","WgetProductLine"
"135","9.682242","WgetProductLine"
"136","9.82815","WgetProductLine"
"137","9.625665","WgetProductLine"
"138","7.387266","WgetProductLine"
"139","9.145312","WgetProductLine"
"140","10.542891","WgetProductLine"
"141","7.287871","WgetProductLine"
"142","6.769653","WgetProductLine"
"143","11.022181","WgetProductLine"
"144","10.835924","WgetProductLine"
"145","16.284766","WgetProductLine"
"146","11.267184","WgetProductLine"
"147","7.467093","WgetProductLine"
"148","13.439155","WgetProductLine"
"149","7.599396","WgetProductLine"
"150","6.57938","WgetProductLine"
"151","22.497372","WgetProductLine"
"152","9.014693","WgetProductLine"
"153","7.056524","WgetProductLine"
"154","15.344312","WgetProductLine"
"155","10.588266","WgetProductLine"
"156","7.769078","WgetProductLine"
"157","12.833763","WgetProductLine"
"158","6.924226","WgetProductLine"
"159","11.341092","WgetProductLine"
"160","11.4333","WgetProductLine"
"161","11.719693","WgetProductLine"
"162","9.266165","WgetProductLine"
"163","7.400343","WgetProductLine"
"164","9.702191","WgetProductLine"
"165","11.087979","WgetProductLine"
"166","18.893451","WgetProductLine"
"167","10.22395","WgetProductLine"
"168","7.816575","WgetProductLine"
"169","8.743543","WgetProductLine"
"170","19.994067","WgetProductLine"
"171","9.850143","WgetProductLine"
"172","13.692897","WgetProductLine"
"173","11.477658","WgetProductLine"
"174","15.195533","WgetProductLine"
"175","11.737221","WgetProductLine"
"176","8.793527","WgetProductLine"
"177","10.196017","WgetProductLine"
"178","8.292664","WgetProductLine"
"179","10.849812","WgetProductLine"
"180","16.241631","WgetProductLine"
"181","12.976046","WgetProductLine"
"182","12.053728","WgetProductLine"
"183","8.992617","WgetProductLine"
"184","13.541182","WgetProductLine"
"185","12.279203","WgetProductLine"
"186","9.903098","WgetProductLine"
"187","8.319247","WgetProductLine"
"188","12.352855","WgetProductLine"
"189","7.525942","WgetProductLine"
"190","11.541954","WgetProductLine"
"191","7.298954","WgetProductLine"
"192","11.126731","WgetProductLine"
"193","10.278574","WgetProductLine"
"194","10.772101","WgetProductLine"
"195","13.001592","WgetProductLine"
"196","12.787359","WgetProductLine"
"197","11.334338","WgetProductLine"
"198","8.36534","WgetProductLine"
"199","10.265415","WgetProductLine"
"200","14.783352","WgetProductLine"
"201","14.05397","BerkeleyDBMemoryversionProductLine"
"202","11.504578","BerkeleyDBMemoryversionProductLine"
"203","11.306324","BerkeleyDBMemoryversionProductLine"
"204","14.475003","BerkeleyDBMemoryversionProductLine"
"205","15.477804","BerkeleyDBMemoryversionProductLine"
"206","10.519167","BerkeleyDBMemoryversionProductLine"
"207","11.895165","BerkeleyDBMemoryversionProductLine"
"208","10.73166","BerkeleyDBMemoryversionProductLine"
"209","15.040571","BerkeleyDBMemoryversionProductLine"
"210","13.141464","BerkeleyDBMemoryversionProductLine"
"211","12.597153","BerkeleyDBMemoryversionProductLine"
"212","9.375578","BerkeleyDBMemoryversionProductLine"
"213","10.5787","BerkeleyDBMemoryversionProductLine"
"214","12.329533","BerkeleyDBMemoryversionProductLine"
"215","12.225086","BerkeleyDBMemoryversionProductLine"
"216","14.579214","BerkeleyDBMemoryversionProductLine"
"217","8.772711","BerkeleyDBMemoryversionProductLine"
"218","14.065201","BerkeleyDBMemoryversionProductLine"
"219","12.466872","BerkeleyDBMemoryversionProductLine"
"220","10.716592","BerkeleyDBMemoryversionProductLine"
"221","7.128601","BerkeleyDBMemoryversionProductLine"
"222","6.748364","BerkeleyDBMemoryversionProductLine"
"223","11.44438","BerkeleyDBMemoryversionProductLine"
"224","10.863171","BerkeleyDBMemoryversionProductLine"
"225","12.076465","BerkeleyDBMemoryversionProductLine"
"226","11.836665","BerkeleyDBMemoryversionProductLine"
"227","12.34694","BerkeleyDBMemoryversionProductLine"
"228","9.971523","BerkeleyDBMemoryversionProductLine"
"229","10.268261","BerkeleyDBMemoryversionProductLine"
"230","7.619879","BerkeleyDBMemoryversionProductLine"
"231","9.074554","BerkeleyDBMemoryversionProductLine"
"232","14.870289","BerkeleyDBMemoryversionProductLine"
"233","8.049024","BerkeleyDBMemoryversionProductLine"
"234","9.729517","BerkeleyDBMemoryversionProductLine"
"235","11.9769","BerkeleyDBMemoryversionProductLine"
"236","12.096475","BerkeleyDBMemoryversionProductLine"
"237","13.837415","BerkeleyDBMemoryversionProductLine"
"238","12.880762","BerkeleyDBMemoryversionProductLine"
"239","9.592689","BerkeleyDBMemoryversionProductLine"
"240","9.675665","BerkeleyDBMemoryversionProductLine"
"241","13.398891","BerkeleyDBMemoryversionProductLine"
"242","10.554171","BerkeleyDBMemoryversionProductLine"
"243","7.575072","BerkeleyDBMemoryversionProductLine"
"244","9.619295","BerkeleyDBMemoryversionProductLine"
"245","9.021186","BerkeleyDBMemoryversionProductLine"
"246","12.525023","BerkeleyDBMemoryversionProductLine"
"247","9.509748","BerkeleyDBMemoryversionProductLine"
"248","12.322203","BerkeleyDBMemoryversionProductLine"
"249","8.620819","BerkeleyDBMemoryversionProductLine"
"250","9.932649","BerkeleyDBMemoryversionProductLine"
"251","17.223502","BerkeleyDBMemoryversionProductLine"
"252","10.131629","BerkeleyDBMemoryversionProductLine"
"253","10.434947","BerkeleyDBMemoryversionProductLine"
"254","12.097098","BerkeleyDBMemoryversionProductLine"
"255","14.048396","BerkeleyDBMemoryversionProductLine"
"256","11.173288","BerkeleyDBMemoryversionProductLine"
"257","14.077613","BerkeleyDBMemoryversionProductLine"
"258","11.331144","BerkeleyDBMemoryversionProductLine"
"259","11.963537","BerkeleyDBMemoryversionProductLine"
"260","13.613112","BerkeleyDBMemoryversionProductLine"
"261","13.550929","BerkeleyDBMemoryversionProductLine"
"262","12.488845","BerkeleyDBMemoryversionProductLine"
"263","10.482198","BerkeleyDBMemoryversionProductLine"
"264","11.527954","BerkeleyDBMemoryversionProductLine"
"265","14.99816","BerkeleyDBMemoryversionProductLine"
"266","12.788242","BerkeleyDBMemoryversionProductLine"
"267","11.809007","BerkeleyDBMemoryversionProductLine"
"268","12.910462","BerkeleyDBMemoryversionProductLine"
"269","28.042878","BerkeleyDBMemoryversionProductLine"
"270","17.358654","BerkeleyDBMemoryversionProductLine"
"271","9.719849","BerkeleyDBMemoryversionProductLine"
"272","14.35107","BerkeleyDBMemoryversionProductLine"
"273","15.44618","BerkeleyDBMemoryversionProductLine"
"274","19.528102","BerkeleyDBMemoryversionProductLine"
"275","12.274465","BerkeleyDBMemoryversionProductLine"
"276","12.179116","BerkeleyDBMemoryversionProductLine"
"277","16.068947","BerkeleyDBMemoryversionProductLine"
"278","13.833299","BerkeleyDBMemoryversionProductLine"
"279","10.794153","BerkeleyDBMemoryversionProductLine"
"280","12.87942","BerkeleyDBMemoryversionProductLine"
"281","15.250745","BerkeleyDBMemoryversionProductLine"
"282","12.948281","BerkeleyDBMemoryversionProductLine"
"283","9.558559","BerkeleyDBMemoryversionProductLine"
"284","18.474067","BerkeleyDBMemoryversionProductLine"
"285","16.429653","BerkeleyDBMemoryversionProductLine"
"286","13.900012","BerkeleyDBMemoryversionProductLine"
"287","10.260005","BerkeleyDBMemoryversionProductLine"
"288","14.796839","BerkeleyDBMemoryversionProductLine"
"289","18.931329","BerkeleyDBMemoryversionProductLine"
"290","14.681992","BerkeleyDBMemoryversionProductLine"
"291","9.360053","BerkeleyDBMemoryversionProductLine"
"292","13.354702","BerkeleyDBMemoryversionProductLine"
"293","11.904544","BerkeleyDBMemoryversionProductLine"
"294","9.369541","BerkeleyDBMemoryversionProductLine"
"295","9.656696","BerkeleyDBMemoryversionProductLine"
"296","12.31748","BerkeleyDBMemoryversionProductLine"
"297","16.868486","BerkeleyDBMemoryversionProductLine"
"298","11.711708","BerkeleyDBMemoryversionProductLine"
"299","11.684219","BerkeleyDBMemoryversionProductLine"
"300","10.252216","BerkeleyDBMemoryversionProductLine"
"301","17.403302","SensorNetworkProductLine"
"302","14.198814","SensorNetworkProductLine"
"303","14.124727","SensorNetworkProductLine"
"304","18.456078","SensorNetworkProductLine"
"305","11.106111","SensorNetworkProductLine"
"306","12.005837","SensorNetworkProductLine"
"307","17.223786","SensorNetworkProductLine"
"308","16.00362","SensorNetworkProductLine"
"309","13.44853","SensorNetworkProductLine"
"310","14.1396","SensorNetworkProductLine"
"311","12.793023","SensorNetworkProductLine"
"312","11.416359","SensorNetworkProductLine"
"313","10.805597","SensorNetworkProductLine"
"314","18.541219","SensorNetworkProductLine"
"315","14.610353","SensorNetworkProductLine"
"316","12.968491","SensorNetworkProductLine"
"317","13.574956","SensorNetworkProductLine"
"318","12.134762","SensorNetworkProductLine"
"319","12.500698","SensorNetworkProductLine"
"320","12.403931","SensorNetworkProductLine"
"321","6.687772","SensorNetworkProductLine"
"322","6.35909","SensorNetworkProductLine"
"323","10.341412","SensorNetworkProductLine"
"324","13.100974","SensorNetworkProductLine"
"325","13.786045","SensorNetworkProductLine"
"326","12.829869","SensorNetworkProductLine"
"327","11.831674","SensorNetworkProductLine"
"328","11.169998","SensorNetworkProductLine"
"329","8.109614","SensorNetworkProductLine"
"330","11.478579","SensorNetworkProductLine"
"331","12.070275","SensorNetworkProductLine"
"332","9.843487","SensorNetworkProductLine"
"333","7.553706","SensorNetworkProductLine"
"334","8.970871","SensorNetworkProductLine"
"335","10.437404","SensorNetworkProductLine"
"336","12.71235","SensorNetworkProductLine"
"337","15.788634","SensorNetworkProductLine"
"338","12.046093","SensorNetworkProductLine"
"339","9.786132","SensorNetworkProductLine"
"340","15.935488","SensorNetworkProductLine"
"341","16.295431","SensorNetworkProductLine"
"342","15.244585","SensorNetworkProductLine"
"343","10.527268","SensorNetworkProductLine"
"344","10.406512","SensorNetworkProductLine"
"345","14.616154","SensorNetworkProductLine"
"346","7.280283","SensorNetworkProductLine"
"347","16.19092","SensorNetworkProductLine"
"348","10.216356","SensorNetworkProductLine"
"349","25.606492","SensorNetworkProductLine"
"350","9.58183","SensorNetworkProductLine"
"351","10.158096","SensorNetworkProductLine"
"352","9.561965","SensorNetworkProductLine"
"353","8.752811","SensorNetworkProductLine"
"354","14.022051","SensorNetworkProductLine"
"355","14.082369","SensorNetworkProductLine"
"356","9.712548","SensorNetworkProductLine"
"357","15.434558","SensorNetworkProductLine"
"358","13.532514","SensorNetworkProductLine"
"359","11.334345","SensorNetworkProductLine"
"360","12.919","SensorNetworkProductLine"
"361","15.561618","SensorNetworkProductLine"
"362","12.664357","SensorNetworkProductLine"
"363","17.733075","SensorNetworkProductLine"
"364","14.616775","SensorNetworkProductLine"
"365","15.493002","SensorNetworkProductLine"
"366","13.547894","SensorNetworkProductLine"
"367","13.233335","SensorNetworkProductLine"
"368","14.512129","SensorNetworkProductLine"
"369","12.510773","SensorNetworkProductLine"
"370","16.110551","SensorNetworkProductLine"
"371","13.816738","SensorNetworkProductLine"
"372","11.768105","SensorNetworkProductLine"
"373","15.386793","SensorNetworkProductLine"
"374","18.942062","SensorNetworkProductLine"
"375","14.208264","SensorNetworkProductLine"
"376","13.366445","SensorNetworkProductLine"
"377","18.589972","SensorNetworkProductLine"
"378","23.050718","SensorNetworkProductLine"
"379","19.233841","SensorNetworkProductLine"
"380","13.83361","SensorNetworkProductLine"
"381","12.723141","SensorNetworkProductLine"
"382","12.007253","SensorNetworkProductLine"
"383","18.344405","SensorNetworkProductLine"
"384","13.490074","SensorNetworkProductLine"
"385","11.15182","SensorNetworkProductLine"
"386","12.044362","SensorNetworkProductLine"
"387","11.471683","SensorNetworkProductLine"
"388","14.310002","SensorNetworkProductLine"
"389","16.830441","SensorNetworkProductLine"
"390","10.165619","SensorNetworkProductLine"
"391","11.547629","SensorNetworkProductLine"
"392","13.966122","SensorNetworkProductLine"
"393","9.149704","SensorNetworkProductLine"
"394","15.73944","SensorNetworkProductLine"
"395","12.867525","SensorNetworkProductLine"
"396","11.230688","SensorNetworkProductLine"
"397","17.362981","SensorNetworkProductLine"
"398","11.302436","SensorNetworkProductLine"
"399","24.293391","SensorNetworkProductLine"
"400","13.480479","SensorNetworkProductLine"
"401","18.961582","StrategyMobileGame"
"402","16.11226","StrategyMobileGame"
"403","12.292495","StrategyMobileGame"
"404","21.331282","StrategyMobileGame"
"405","12.809526","StrategyMobileGame"
"406","20.378291","StrategyMobileGame"
"407","16.002362","StrategyMobileGame"
"408","18.088749","StrategyMobileGame"
"409","15.281898","StrategyMobileGame"
"410","11.846683","StrategyMobileGame"
"411","16.783501","StrategyMobileGame"
"412","13.400518","StrategyMobileGame"
"413","19.906616","StrategyMobileGame"
"414","12.698432","StrategyMobileGame"
"415","17.281687","StrategyMobileGame"
"416","15.026219","StrategyMobileGame"
"417","12.914946","StrategyMobileGame"
"418","13.164621","StrategyMobileGame"
"419","13.761025","StrategyMobileGame"
"420","14.456726","StrategyMobileGame"
"421","5.926196","StrategyMobileGame"
"422","6.155468","StrategyMobileGame"
"423","10.574762","StrategyMobileGame"
"424","9.136757","StrategyMobileGame"
"425","17.635133","StrategyMobileGame"
"426","29.557725","StrategyMobileGame"
"427","55.717412","StrategyMobileGame"
"428","10.093436","StrategyMobileGame"
"429","8.142617","StrategyMobileGame"
"430","10.131044","StrategyMobileGame"
"431","11.88329","StrategyMobileGame"
"432","11.345275","StrategyMobileGame"
"433","10.227776","StrategyMobileGame"
"434","10.25246","StrategyMobileGame"
"435","14.079486","StrategyMobileGame"
"436","17.533254","StrategyMobileGame"
"437","11.584273","StrategyMobileGame"
"438","12.333832","StrategyMobileGame"
"439","9.50479","StrategyMobileGame"
"440","7.924795","StrategyMobileGame"
"441","10.272735","StrategyMobileGame"
"442","10.144257","StrategyMobileGame"
"443","11.884919","StrategyMobileGame"
"444","13.274539","StrategyMobileGame"
"445","15.053079","StrategyMobileGame"
"446","11.820521","StrategyMobileGame"
"447","6.726544","StrategyMobileGame"
"448","11.071874","StrategyMobileGame"
"449","11.962597","StrategyMobileGame"
"450","11.914973","StrategyMobileGame"
"451","13.338678","StrategyMobileGame"
"452","15.861528","StrategyMobileGame"
"453","10.967189","StrategyMobileGame"
"454","15.433391","StrategyMobileGame"
"455","9.56759","StrategyMobileGame"
"456","11.398389","StrategyMobileGame"
"457","15.718995","StrategyMobileGame"
"458","15.930928","StrategyMobileGame"
"459","17.477698","StrategyMobileGame"
"460","12.759883","StrategyMobileGame"
"461","13.892032","StrategyMobileGame"
"462","11.053055","StrategyMobileGame"
"463","15.110973","StrategyMobileGame"
"464","9.246098","StrategyMobileGame"
"465","14.711244","StrategyMobileGame"
"466","12.893392","StrategyMobileGame"
"467","10.203938","StrategyMobileGame"
"468","13.478828","StrategyMobileGame"
"469","13.127173","StrategyMobileGame"
"470","18.202991","StrategyMobileGame"
"471","10.625634","StrategyMobileGame"
"472","19.698955","StrategyMobileGame"
"473","13.847962","StrategyMobileGame"
"474","12.213822","StrategyMobileGame"
"475","14.126157","StrategyMobileGame"
"476","15.962052","StrategyMobileGame"
"477","15.617311","StrategyMobileGame"
"478","14.602294","StrategyMobileGame"
"479","14.520061","StrategyMobileGame"
"480","15.697127","StrategyMobileGame"
"481","21.813748","StrategyMobileGame"
"482","10.740962","StrategyMobileGame"
"483","13.085897","StrategyMobileGame"
"484","20.529965","StrategyMobileGame"
"485","20.269353","StrategyMobileGame"
"486","12.381045","StrategyMobileGame"
"487","70.64905","StrategyMobileGame"
"488","9.852598","StrategyMobileGame"
"489","10.712442","StrategyMobileGame"
"490","10.455401","StrategyMobileGame"
"491","8.788439","StrategyMobileGame"
"492","12.586734","StrategyMobileGame"
"493","13.3343","StrategyMobileGame"
"494","11.305367","StrategyMobileGame"
"495","14.579189","StrategyMobileGame"
"496","10.975321","StrategyMobileGame"
"497","11.271234","StrategyMobileGame"
"498","14.555467","StrategyMobileGame"
"499","12.908914","StrategyMobileGame"
"500","15.622057","StrategyMobileGame"
"501","11.978357","TankWar"
"502","16.56398","TankWar"
"503","10.377404","TankWar"
"504","15.206529","TankWar"
"505","19.530295","TankWar"
"506","16.968131","TankWar"
"507","18.876459","TankWar"
"508","17.719057","TankWar"
"509","11.883563","TankWar"
"510","17.0627","TankWar"
"511","16.624905","TankWar"
"512","13.733168","TankWar"
"513","12.489952","TankWar"
"514","11.91992","TankWar"
"515","15.774908","TankWar"
"516","14.741291","TankWar"
"517","13.76001","TankWar"
"518","16.535913","TankWar"
"519","13.359263","TankWar"
"520","12.498541","TankWar"
"521","6.200568","TankWar"
"522","6.533457","TankWar"
"523","8.719146","TankWar"
"524","12.39322","TankWar"
"525","16.477649","TankWar"
"526","17.932007","TankWar"
"527","24.505917","TankWar"
"528","13.289787","TankWar"
"529","9.776365","TankWar"
"530","10.383145","TankWar"
"531","12.487119","TankWar"
"532","12.602591","TankWar"
"533","7.985206","TankWar"
"534","9.090258","TankWar"
"535","12.349435","TankWar"
"536","11.171379","TankWar"
"537","9.42523","TankWar"
"538","10.091883","TankWar"
"539","10.366","TankWar"
"540","12.237822","TankWar"
"541","13.41416","TankWar"
"542","8.946342","TankWar"
"543","11.567327","TankWar"
"544","8.181564","TankWar"
"545","13.642558","TankWar"
"546","14.933794","TankWar"
"547","9.338039","TankWar"
"548","9.728361","TankWar"
"549","92.990219","TankWar"
"550","9.821494","TankWar"
"551","21.068779","TankWar"
"552","15.114096","TankWar"
"553","13.378983","TankWar"
"554","15.998168","TankWar"
"555","8.193085","TankWar"
"556","12.527058","TankWar"
"557","18.330946","TankWar"
"558","14.827174","TankWar"
"559","16.44384","TankWar"
"560","18.461997","TankWar"
"561","12.829659","TankWar"
"562","11.977975","TankWar"
"563","11.597114","TankWar"
"564","9.239255","TankWar"
"565","13.405947","TankWar"
"566","11.520601","TankWar"
"567","15.15494","TankWar"
"568","13.191992","TankWar"
"569","11.828125","TankWar"
"570","16.00418","TankWar"
"571","13.560931","TankWar"
"572","12.995563","TankWar"
"573","10.996985","TankWar"
"574","17.401381","TankWar"
"575","17.934181","TankWar"
"576","18.481377","TankWar"
"577","89.210911","TankWar"
"578","12.933256","TankWar"
"579","17.05353","TankWar"
"580","13.410563","TankWar"
"581","15.897361","TankWar"
"582","12.070564","TankWar"
"583","14.646562","TankWar"
"584","15.638252","TankWar"
"585","10.779842","TankWar"
"586","18.73348","TankWar"
"587","13.332542","TankWar"
"588","19.390794","TankWar"
"589","10.556243","TankWar"
"590","13.728661","TankWar"
"591","8.261167","TankWar"
"592","15.252132","TankWar"
"593","16.078981","TankWar"
"594","12.337487","TankWar"
"595","14.282576","TankWar"
"596","17.315743","TankWar"
"597","14.622069","TankWar"
"598","16.701456","TankWar"
"599","13.221759","TankWar"
"600","15.643768","TankWar"
"601","15.880296","MobileMedia2"
"602","10.63293","MobileMedia2"
"603","17.264067","MobileMedia2"
"604","22.096439","MobileMedia2"
"605","12.147883","MobileMedia2"
"606","13.706487","MobileMedia2"
"607","18.986894","MobileMedia2"
"608","18.016643","MobileMedia2"
"609","16.107875","MobileMedia2"
"610","11.577589","MobileMedia2"
"611","17.300755","MobileMedia2"
"612","10.900718","MobileMedia2"
"613","13.638619","MobileMedia2"
"614","15.302591","MobileMedia2"
"615","17.662591","MobileMedia2"
"616","11.50911","MobileMedia2"
"617","17.987658","MobileMedia2"
"618","14.423091","MobileMedia2"
"619","16.212411","MobileMedia2"
"620","10.194151","MobileMedia2"
"621","10.946699","MobileMedia2"
"622","7.231821","MobileMedia2"
"623","11.476944","MobileMedia2"
"624","10.298643","MobileMedia2"
"625","15.630093","MobileMedia2"
"626","9.59793","MobileMedia2"
"627","9.64856","MobileMedia2"
"628","9.984832","MobileMedia2"
"629","13.330029","MobileMedia2"
"630","18.073937","MobileMedia2"
"631","91.866365","MobileMedia2"
"632","11.559398","MobileMedia2"
"633","14.930136","MobileMedia2"
"634","16.363117","MobileMedia2"
"635","11.92748","MobileMedia2"
"636","16.583587","MobileMedia2"
"637","14.263847","MobileMedia2"
"638","11.536835","MobileMedia2"
"639","8.075558","MobileMedia2"
"640","8.549887","MobileMedia2"
"641","12.498565","MobileMedia2"
"642","10.133525","MobileMedia2"
"643","8.914083","MobileMedia2"
"644","9.755598","MobileMedia2"
"645","10.339752","MobileMedia2"
"646","128.451071","MobileMedia2"
"647","14.184256","MobileMedia2"
"648","10.512401","MobileMedia2"
"649","9.908657","MobileMedia2"
"650","13.22566","MobileMedia2"
"651","17.14132","MobileMedia2"
"652","9.430053","MobileMedia2"
"653","11.289033","MobileMedia2"
"654","17.857728","MobileMedia2"
"655","18.853645","MobileMedia2"
"656","12.66419","MobileMedia2"
"657","14.365943","MobileMedia2"
"658","11.562259","MobileMedia2"
"659","13.221672","MobileMedia2"
"660","15.402088","MobileMedia2"
"661","15.230737","MobileMedia2"
"662","15.333461","MobileMedia2"
"663","23.572166","MobileMedia2"
"664","13.076124","MobileMedia2"
"665","13.491423","MobileMedia2"
"666","18.357981","MobileMedia2"
"667","19.470847","MobileMedia2"
"668","25.878182","MobileMedia2"
"669","16.436985","MobileMedia2"
"670","8.411521","MobileMedia2"
"671","21.853394","MobileMedia2"
"672","12.446159","MobileMedia2"
"673","19.663003","MobileMedia2"
"674","14.093128","MobileMedia2"
"675","16.744675","MobileMedia2"
"676","12.320608","MobileMedia2"
"677","12.750555","MobileMedia2"
"678","15.098942","MobileMedia2"
"679","17.315226","MobileMedia2"
"680","11.229664","MobileMedia2"
"681","17.892442","MobileMedia2"
"682","15.460409","MobileMedia2"
"683","18.329684","MobileMedia2"
"684","16.21647","MobileMedia2"
"685","15.461085","MobileMedia2"
"686","14.040413","MobileMedia2"
"687","12.055238","MobileMedia2"
"688","24.766316","MobileMedia2"
"689","11.870184","MobileMedia2"
"690","16.584231","MobileMedia2"
"691","10.932633","MobileMedia2"
"692","119.150243","MobileMedia2"
"693","68.058275","MobileMedia2"
"694","15.725813","MobileMedia2"
"695","10.421215","MobileMedia2"
"696","13.114383","MobileMedia2"
"697","10.567573","MobileMedia2"
"698","10.98362","MobileMedia2"
"699","16.746919","MobileMedia2"
"700","13.105611","MobileMedia2"
"701","12.684617","MobileGuide"
"702","15.017385","MobileGuide"
"703","15.214875","MobileGuide"
"704","20.799758","MobileGuide"
"705","16.427094","MobileGuide"
"706","10.871413","MobileGuide"
"707","16.512532","MobileGuide"
"708","15.05656","MobileGuide"
"709","11.695389","MobileGuide"
"710","23.216375","MobileGuide"
"711","14.419499","MobileGuide"
"712","15.943959","MobileGuide"
"713","9.51986","MobileGuide"
"714","15.211241","MobileGuide"
"715","23.89888","MobileGuide"
"716","123.442119","MobileGuide"
"717","13.814564","MobileGuide"
"718","21.03782","MobileGuide"
"719","16.244659","MobileGuide"
"720","14.045907","MobileGuide"
"721","6.908143","MobileGuide"
"722","6.958855","MobileGuide"
"723","69.328217","MobileGuide"
"724","18.350559","MobileGuide"
"725","17.482654","MobileGuide"
"726","11.435928","MobileGuide"
"727","19.616076","MobileGuide"
"728","9.224766","MobileGuide"
"729","10.812432","MobileGuide"
"730","12.153731","MobileGuide"
"731","16.459804","MobileGuide"
"732","17.179826","MobileGuide"
"733","115.462768","MobileGuide"
"734","14.375822","MobileGuide"
"735","111.498755","MobileGuide"
"736","7.792082","MobileGuide"
"737","13.095684","MobileGuide"
"738","16.26965","MobileGuide"
"739","14.585996","MobileGuide"
"740","123.951744","MobileGuide"
"741","16.408601","MobileGuide"
"742","10.664513","MobileGuide"
"743","12.749773","MobileGuide"
"744","8.109561","MobileGuide"
"745","18.702445","MobileGuide"
"746","17.701835","MobileGuide"
"747","10.180177","MobileGuide"
"748","28.054434","MobileGuide"
"749","8.496592","MobileGuide"
"750","13.240646","MobileGuide"
"751","12.367003","MobileGuide"
"752","13.175174","MobileGuide"
"753","11.243945","MobileGuide"
"754","13.347846","MobileGuide"
"755","11.542461","MobileGuide"
"756","10.389705","MobileGuide"
"757","24.233674","MobileGuide"
"758","13.341357","MobileGuide"
"759","14.910777","MobileGuide"
"760","12.144129","MobileGuide"
"761","17.441057","MobileGuide"
"762","11.24889","MobileGuide"
"763","12.569707","MobileGuide"
"764","15.049012","MobileGuide"
"765","18.9922","MobileGuide"
"766","20.178775","MobileGuide"
"767","11.780172","MobileGuide"
"768","14.267813","MobileGuide"
"769","15.937343","MobileGuide"
"770","17.898775","MobileGuide"
"771","12.54024","MobileGuide"
"772","16.523444","MobileGuide"
"773","17.736017","MobileGuide"
"774","13.813258","MobileGuide"
"775","12.031506","MobileGuide"
"776","11.118039","MobileGuide"
"777","17.018853","MobileGuide"
"778","14.900433","MobileGuide"
"779","12.164516","MobileGuide"
"780","17.041526","MobileGuide"
"781","20.788387","MobileGuide"
"782","14.892572","MobileGuide"
"783","11.810504","MobileGuide"
"784","18.057469","MobileGuide"
"785","12.833756","MobileGuide"
"786","18.128301","MobileGuide"
"787","13.411471","MobileGuide"
"788","17.774185","MobileGuide"
"789","19.997426","MobileGuide"
"790","11.635393","MobileGuide"
"791","94.949797","MobileGuide"
"792","14.624384","MobileGuide"
"793","14.225148","MobileGuide"
"794","10.214677","MobileGuide"
"795","13.657445","MobileGuide"
"796","12.034164","MobileGuide"
"797","15.14698","MobileGuide"
"798","15.819472","MobileGuide"
"799","14.700565","MobileGuide"
"800","14.668573","MobileGuide"
"801","24.151488","SPLOT-3CNF-FM-500-50-1.00-SAT-1"
"802","67.139546","SPLOT-3CNF-FM-500-50-1.00-SAT-1"
"803","143.352413","SPLOT-3CNF-FM-500-50-1.00-SAT-1"
"804","61.994051","SPLOT-3CNF-FM-500-50-1.00-SAT-1"
"805","27.027253","SPLOT-3CNF-FM-500-50-1.00-SAT-1"
"806","69.731775","SPLOT-3CNF-FM-500-50-1.00-SAT-1"
"807","141.556428","SPLOT-3CNF-FM-500-50-1.00-SAT-1"
"808","147.032654","SPLOT-3CNF-FM-500-50-1.00-SAT-1"
"809","81.87116","SPLOT-3CNF-FM-500-50-1.00-SAT-1"
"810","42.730264","SPLOT-3CNF-FM-500-50-1.00-SAT-1"
"811","111.972617","SPLOT-3CNF-FM-500-50-1.00-SAT-1"
"812","53.177309","SPLOT-3CNF-FM-500-50-1.00-SAT-1"
"813","22.679242","SPLOT-3CNF-FM-500-50-1.00-SAT-1"
"814","63.358134","SPLOT-3CNF-FM-500-50-1.00-SAT-1"
"815","94.849492","SPLOT-3CNF-FM-500-50-1.00-SAT-1"
"816","25.651202","SPLOT-3CNF-FM-500-50-1.00-SAT-1"
"817","49.572521","SPLOT-3CNF-FM-500-50-1.00-SAT-1"
"818","120.419985","SPLOT-3CNF-FM-500-50-1.00-SAT-1"
"819","23.687758","SPLOT-3CNF-FM-500-50-1.00-SAT-1"
"820","130.811642","SPLOT-3CNF-FM-500-50-1.00-SAT-1"
"821","92.705158","SPLOT-3CNF-FM-500-50-1.00-SAT-1"
"822","22.694468","SPLOT-3CNF-FM-500-50-1.00-SAT-1"
"823","133.545631","SPLOT-3CNF-FM-500-50-1.00-SAT-1"
"824","109.342536","SPLOT-3CNF-FM-500-50-1.00-SAT-1"
"825","116.186484","SPLOT-3CNF-FM-500-50-1.00-SAT-1"
"826","45.529191","SPLOT-3CNF-FM-500-50-1.00-SAT-1"
"827","84.045206","SPLOT-3CNF-FM-500-50-1.00-SAT-1"
"828","57.824918","SPLOT-3CNF-FM-500-50-1.00-SAT-1"
"829","85.351298","SPLOT-3CNF-FM-500-50-1.00-SAT-1"
"830","22.284483","SPLOT-3CNF-FM-500-50-1.00-SAT-1"
"831","82.571981","SPLOT-3CNF-FM-500-50-1.00-SAT-1"
"832","62.86981","SPLOT-3CNF-FM-500-50-1.00-SAT-1"
"833","133.32283","SPLOT-3CNF-FM-500-50-1.00-SAT-1"
"834","47.054504","SPLOT-3CNF-FM-500-50-1.00-SAT-1"
"835","23.73861","SPLOT-3CNF-FM-500-50-1.00-SAT-1"
"836","27.874361","SPLOT-3CNF-FM-500-50-1.00-SAT-1"
"837","22.210303","SPLOT-3CNF-FM-500-50-1.00-SAT-1"
"838","25.227259","SPLOT-3CNF-FM-500-50-1.00-SAT-1"
"839","128.837878","SPLOT-3CNF-FM-500-50-1.00-SAT-1"
"840","48.269901","SPLOT-3CNF-FM-500-50-1.00-SAT-1"
"841","126.580283","SPLOT-3CNF-FM-500-50-1.00-SAT-1"
"842","50.806457","SPLOT-3CNF-FM-500-50-1.00-SAT-1"
"843","34.070308","SPLOT-3CNF-FM-500-50-1.00-SAT-1"
"844","59.034682","SPLOT-3CNF-FM-500-50-1.00-SAT-1"
"845","71.800996","SPLOT-3CNF-FM-500-50-1.00-SAT-1"
"846","70.687182","SPLOT-3CNF-FM-500-50-1.00-SAT-1"
"847","92.869836","SPLOT-3CNF-FM-500-50-1.00-SAT-1"
"848","29.475887","SPLOT-3CNF-FM-500-50-1.00-SAT-1"
"849","87.088319","SPLOT-3CNF-FM-500-50-1.00-SAT-1"
"850","1639.673171","SPLOT-3CNF-FM-500-50-1.00-SAT-1"
"851","40.993966","SPLOT-3CNF-FM-500-50-1.00-SAT-1"
"852","106.130052","SPLOT-3CNF-FM-500-50-1.00-SAT-1"
"853","59.825655","SPLOT-3CNF-FM-500-50-1.00-SAT-1"
"854","99.233138","SPLOT-3CNF-FM-500-50-1.00-SAT-1"
"855","28.465693","SPLOT-3CNF-FM-500-50-1.00-SAT-1"
"856","151.469564","SPLOT-3CNF-FM-500-50-1.00-SAT-1"
"857","27.952961","SPLOT-3CNF-FM-500-50-1.00-SAT-1"
"858","123.643764","SPLOT-3CNF-FM-500-50-1.00-SAT-1"
"859","71.631986","SPLOT-3CNF-FM-500-50-1.00-SAT-1"
"860","71.683909","SPLOT-3CNF-FM-500-50-1.00-SAT-1"
"861","38.480767","SPLOT-3CNF-FM-500-50-1.00-SAT-1"
"862","40.470452","SPLOT-3CNF-FM-500-50-1.00-SAT-1"
"863","63.210886","SPLOT-3CNF-FM-500-50-1.00-SAT-1"
"864","29.965029","SPLOT-3CNF-FM-500-50-1.00-SAT-1"
"865","75.974232","SPLOT-3CNF-FM-500-50-1.00-SAT-1"
"866","103.24813","SPLOT-3CNF-FM-500-50-1.00-SAT-1"
"867","137.615483","SPLOT-3CNF-FM-500-50-1.00-SAT-1"
"868","127.840139","SPLOT-3CNF-FM-500-50-1.00-SAT-1"
"869","80.561483","SPLOT-3CNF-FM-500-50-1.00-SAT-1"
"870","113.832801","SPLOT-3CNF-FM-500-50-1.00-SAT-1"
"871","65.556084","SPLOT-3CNF-FM-500-50-1.00-SAT-1"
"872","83.887012","SPLOT-3CNF-FM-500-50-1.00-SAT-1"
"873","56.963628","SPLOT-3CNF-FM-500-50-1.00-SAT-1"
"874","121.666583","SPLOT-3CNF-FM-500-50-1.00-SAT-1"
"875","64.987887","SPLOT-3CNF-FM-500-50-1.00-SAT-1"
"876","69.586085","SPLOT-3CNF-FM-500-50-1.00-SAT-1"
"877","86.950032","SPLOT-3CNF-FM-500-50-1.00-SAT-1"
"878","62.749936","SPLOT-3CNF-FM-500-50-1.00-SAT-1"
"879","74.957549","SPLOT-3CNF-FM-500-50-1.00-SAT-1"
"880","120.706208","SPLOT-3CNF-FM-500-50-1.00-SAT-1"
"881","105.442435","SPLOT-3CNF-FM-500-50-1.00-SAT-1"
"882","75.118569","SPLOT-3CNF-FM-500-50-1.00-SAT-1"
"883","93.919763","SPLOT-3CNF-FM-500-50-1.00-SAT-1"
"884","34.231216","SPLOT-3CNF-FM-500-50-1.00-SAT-1"
"885","68.262022","SPLOT-3CNF-FM-500-50-1.00-SAT-1"
"886","128.886294","SPLOT-3CNF-FM-500-50-1.00-SAT-1"
"887","116.316465","SPLOT-3CNF-FM-500-50-1.00-SAT-1"
"888","100.627834","SPLOT-3CNF-FM-500-50-1.00-SAT-1"
"889","80.579497","SPLOT-3CNF-FM-500-50-1.00-SAT-1"
"890","94.396381","SPLOT-3CNF-FM-500-50-1.00-SAT-1"
"891","85.581204","SPLOT-3CNF-FM-500-50-1.00-SAT-1"
"892","92.275302","SPLOT-3CNF-FM-500-50-1.00-SAT-1"
"893","53.434604","SPLOT-3CNF-FM-500-50-1.00-SAT-1"
"894","48.448409","SPLOT-3CNF-FM-500-50-1.00-SAT-1"
"895","72.095418","SPLOT-3CNF-FM-500-50-1.00-SAT-1"
"896","100.141206","SPLOT-3CNF-FM-500-50-1.00-SAT-1"
"897","20.714041","SPLOT-3CNF-FM-500-50-1.00-SAT-1"
"898","145.194571","SPLOT-3CNF-FM-500-50-1.00-SAT-1"
"899","94.10943","SPLOT-3CNF-FM-500-50-1.00-SAT-1"
"900","3221.491078","SPLOT-3CNF-FM-500-50-1.00-SAT-1"
