"","TIME","ALTERNATIVE"
"1","530.847021","x264ProductLine"
"2","62.11321","x264ProductLine"
"3","53.923369","x264ProductLine"
"4","61.462885","x264ProductLine"
"5","64.857363","x264ProductLine"
"6","57.819675","x264ProductLine"
"7","98.225376","x264ProductLine"
"8","59.498437","x264ProductLine"
"9","88.796168","x264ProductLine"
"10","58.155047","x264ProductLine"
"11","51.491283","x264ProductLine"
"12","90.521454","x264ProductLine"
"13","52.067431","x264ProductLine"
"14","52.768583","x264ProductLine"
"15","53.018538","x264ProductLine"
"16","63.593957","x264ProductLine"
"17","53.047674","x264ProductLine"
"18","54.474371","x264ProductLine"
"19","50.639383","x264ProductLine"
"20","68.240016","x264ProductLine"
"21","63.539665","x264ProductLine"
"22","53.838857","x264ProductLine"
"23","59.393375","x264ProductLine"
"24","50.64624","x264ProductLine"
"25","103.872021","x264ProductLine"
"26","124.991808","x264ProductLine"
"27","100.519257","x264ProductLine"
"28","63.065365","x264ProductLine"
"29","54.796173","x264ProductLine"
"30","49.068293","x264ProductLine"
"31","58.962131","x264ProductLine"
"32","55.546893","x264ProductLine"
"33","55.655651","x264ProductLine"
"34","51.099485","x264ProductLine"
"35","58.445987","x264ProductLine"
"36","53.878739","x264ProductLine"
"37","60.237864","x264ProductLine"
"38","54.543336","x264ProductLine"
"39","59.999541","x264ProductLine"
"40","49.372818","x264ProductLine"
"41","48.984986","x264ProductLine"
"42","49.813744","x264ProductLine"
"43","62.103029","x264ProductLine"
"44","51.849169","x264ProductLine"
"45","50.198917","x264ProductLine"
"46","65.255746","x264ProductLine"
"47","56.719478","x264ProductLine"
"48","48.729995","x264ProductLine"
"49","49.384166","x264ProductLine"
"50","49.731706","x264ProductLine"
"51","97.786276","x264ProductLine"
"52","58.220009","x264ProductLine"
"53","49.062991","x264ProductLine"
"54","50.581245","x264ProductLine"
"55","49.82193","x264ProductLine"
"56","50.480642","x264ProductLine"
"57","61.395148","x264ProductLine"
"58","53.260976","x264ProductLine"
"59","54.154107","x264ProductLine"
"60","60.342061","x264ProductLine"
"61","60.599717","x264ProductLine"
"62","50.231197","x264ProductLine"
"63","56.494501","x264ProductLine"
"64","68.532641","x264ProductLine"
"65","125.095965","x264ProductLine"
"66","53.626284","x264ProductLine"
"67","61.811434","x264ProductLine"
"68","55.79825","x264ProductLine"
"69","55.896903","x264ProductLine"
"70","70.565961","x264ProductLine"
"71","58.714642","x264ProductLine"
"72","58.12536","x264ProductLine"
"73","53.552833","x264ProductLine"
"74","55.03006","x264ProductLine"
"75","59.94643","x264ProductLine"
"76","53.323011","x264ProductLine"
"77","60.136207","x264ProductLine"
"78","54.005957","x264ProductLine"
"79","56.23914","x264ProductLine"
"80","56.31127","x264ProductLine"
"81","59.588829","x264ProductLine"
"82","51.844942","x264ProductLine"
"83","50.681478","x264ProductLine"
"84","56.164825","x264ProductLine"
"85","50.141863","x264ProductLine"
"86","56.1612","x264ProductLine"
"87","53.398277","x264ProductLine"
"88","61.927996","x264ProductLine"
"89","50.817989","x264ProductLine"
"90","56.853127","x264ProductLine"
"91","98.635378","x264ProductLine"
"92","57.181585","x264ProductLine"
"93","56.409643","x264ProductLine"
"94","51.965021","x264ProductLine"
"95","102.931502","x264ProductLine"
"96","65.832296","x264ProductLine"
"97","64.258931","x264ProductLine"
"98","54.226722","x264ProductLine"
"99","49.775514","x264ProductLine"
"100","74.440653","x264ProductLine"
"101","113.455306","WgetProductLine"
"102","51.478142","WgetProductLine"
"103","53.4815","WgetProductLine"
"104","60.683413","WgetProductLine"
"105","56.320506","WgetProductLine"
"106","56.033307","WgetProductLine"
"107","55.11131","WgetProductLine"
"108","53.379891","WgetProductLine"
"109","55.597457","WgetProductLine"
"110","52.534495","WgetProductLine"
"111","55.915511","WgetProductLine"
"112","58.230909","WgetProductLine"
"113","60.425999","WgetProductLine"
"114","48.71559","WgetProductLine"
"115","55.308011","WgetProductLine"
"116","51.441153","WgetProductLine"
"117","58.687773","WgetProductLine"
"118","62.59309","WgetProductLine"
"119","49.540692","WgetProductLine"
"120","51.112865","WgetProductLine"
"121","48.331363","WgetProductLine"
"122","48.878984","WgetProductLine"
"123","48.406208","WgetProductLine"
"124","56.268924","WgetProductLine"
"125","56.434311","WgetProductLine"
"126","62.591314","WgetProductLine"
"127","58.745313","WgetProductLine"
"128","50.711279","WgetProductLine"
"129","49.245368","WgetProductLine"
"130","48.369267","WgetProductLine"
"131","47.649977","WgetProductLine"
"132","49.724854","WgetProductLine"
"133","46.959413","WgetProductLine"
"134","48.547933","WgetProductLine"
"135","50.11686","WgetProductLine"
"136","50.220416","WgetProductLine"
"137","50.59523","WgetProductLine"
"138","48.663874","WgetProductLine"
"139","49.696591","WgetProductLine"
"140","56.598449","WgetProductLine"
"141","49.056885","WgetProductLine"
"142","48.394254","WgetProductLine"
"143","52.454414","WgetProductLine"
"144","51.600543","WgetProductLine"
"145","57.516478","WgetProductLine"
"146","55.231693","WgetProductLine"
"147","48.293589","WgetProductLine"
"148","59.530981","WgetProductLine"
"149","50.948676","WgetProductLine"
"150","47.053892","WgetProductLine"
"151","62.85082","WgetProductLine"
"152","53.813701","WgetProductLine"
"153","47.742128","WgetProductLine"
"154","59.284884","WgetProductLine"
"155","51.231618","WgetProductLine"
"156","48.6215","WgetProductLine"
"157","53.241261","WgetProductLine"
"158","47.306605","WgetProductLine"
"159","51.755332","WgetProductLine"
"160","51.779396","WgetProductLine"
"161","52.004763","WgetProductLine"
"162","49.696206","WgetProductLine"
"163","48.365711","WgetProductLine"
"164","50.398715","WgetProductLine"
"165","115.966432","WgetProductLine"
"166","59.142863","WgetProductLine"
"167","50.489428","WgetProductLine"
"168","48.321539","WgetProductLine"
"169","48.895615","WgetProductLine"
"170","60.931356","WgetProductLine"
"171","50.216591","WgetProductLine"
"172","58.808372","WgetProductLine"
"173","56.431407","WgetProductLine"
"174","56.230776","WgetProductLine"
"175","52.0589","WgetProductLine"
"176","49.062378","WgetProductLine"
"177","51.171917","WgetProductLine"
"178","48.872659","WgetProductLine"
"179","56.868194","WgetProductLine"
"180","56.773025","WgetProductLine"
"181","53.38853","WgetProductLine"
"182","52.894195","WgetProductLine"
"183","53.077734","WgetProductLine"
"184","53.856241","WgetProductLine"
"185","58.020687","WgetProductLine"
"186","50.466951","WgetProductLine"
"187","48.870187","WgetProductLine"
"188","58.42013","WgetProductLine"
"189","48.139856","WgetProductLine"
"190","52.129638","WgetProductLine"
"191","56.052223","WgetProductLine"
"192","57.043518","WgetProductLine"
"193","50.365779","WgetProductLine"
"194","54.524465","WgetProductLine"
"195","61.127077","WgetProductLine"
"196","53.226163","WgetProductLine"
"197","51.731691","WgetProductLine"
"198","48.619711","WgetProductLine"
"199","54.906767","WgetProductLine"
"200","60.876596","WgetProductLine"
"201","90.474919","BerkeleyDBMemoryversionProductLine"
"202","60.804949","BerkeleyDBMemoryversionProductLine"
"203","57.64315","BerkeleyDBMemoryversionProductLine"
"204","61.632281","BerkeleyDBMemoryversionProductLine"
"205","61.775741","BerkeleyDBMemoryversionProductLine"
"206","56.441835","BerkeleyDBMemoryversionProductLine"
"207","60.496999","BerkeleyDBMemoryversionProductLine"
"208","63.951014","BerkeleyDBMemoryversionProductLine"
"209","60.913224","BerkeleyDBMemoryversionProductLine"
"210","61.615128","BerkeleyDBMemoryversionProductLine"
"211","58.99248","BerkeleyDBMemoryversionProductLine"
"212","55.112507","BerkeleyDBMemoryversionProductLine"
"213","56.391156","BerkeleyDBMemoryversionProductLine"
"214","57.904013","BerkeleyDBMemoryversionProductLine"
"215","57.650955","BerkeleyDBMemoryversionProductLine"
"216","59.911861","BerkeleyDBMemoryversionProductLine"
"217","54.132743","BerkeleyDBMemoryversionProductLine"
"218","59.195493","BerkeleyDBMemoryversionProductLine"
"219","57.657229","BerkeleyDBMemoryversionProductLine"
"220","56.409971","BerkeleyDBMemoryversionProductLine"
"221","54.188914","BerkeleyDBMemoryversionProductLine"
"222","56.159896","BerkeleyDBMemoryversionProductLine"
"223","56.714099","BerkeleyDBMemoryversionProductLine"
"224","59.176763","BerkeleyDBMemoryversionProductLine"
"225","57.617279","BerkeleyDBMemoryversionProductLine"
"226","56.85","BerkeleyDBMemoryversionProductLine"
"227","58.593214","BerkeleyDBMemoryversionProductLine"
"228","60.512501","BerkeleyDBMemoryversionProductLine"
"229","55.930727","BerkeleyDBMemoryversionProductLine"
"230","53.73756","BerkeleyDBMemoryversionProductLine"
"231","54.49628","BerkeleyDBMemoryversionProductLine"
"232","60.360263","BerkeleyDBMemoryversionProductLine"
"233","53.109729","BerkeleyDBMemoryversionProductLine"
"234","59.412655","BerkeleyDBMemoryversionProductLine"
"235","57.072777","BerkeleyDBMemoryversionProductLine"
"236","58.436847","BerkeleyDBMemoryversionProductLine"
"237","58.825167","BerkeleyDBMemoryversionProductLine"
"238","61.55679","BerkeleyDBMemoryversionProductLine"
"239","54.525683","BerkeleyDBMemoryversionProductLine"
"240","55.349406","BerkeleyDBMemoryversionProductLine"
"241","60.381756","BerkeleyDBMemoryversionProductLine"
"242","69.314507","BerkeleyDBMemoryversionProductLine"
"243","52.569621","BerkeleyDBMemoryversionProductLine"
"244","54.513768","BerkeleyDBMemoryversionProductLine"
"245","58.294701","BerkeleyDBMemoryversionProductLine"
"246","57.593209","BerkeleyDBMemoryversionProductLine"
"247","54.86355","BerkeleyDBMemoryversionProductLine"
"248","57.202321","BerkeleyDBMemoryversionProductLine"
"249","53.553111","BerkeleyDBMemoryversionProductLine"
"250","55.328672","BerkeleyDBMemoryversionProductLine"
"251","62.335832","BerkeleyDBMemoryversionProductLine"
"252","55.669834","BerkeleyDBMemoryversionProductLine"
"253","61.279285","BerkeleyDBMemoryversionProductLine"
"254","57.505474","BerkeleyDBMemoryversionProductLine"
"255","62.11102","BerkeleyDBMemoryversionProductLine"
"256","62.077595","BerkeleyDBMemoryversionProductLine"
"257","58.791289","BerkeleyDBMemoryversionProductLine"
"258","61.64076","BerkeleyDBMemoryversionProductLine"
"259","59.574053","BerkeleyDBMemoryversionProductLine"
"260","58.246277","BerkeleyDBMemoryversionProductLine"
"261","58.074599","BerkeleyDBMemoryversionProductLine"
"262","57.335019","BerkeleyDBMemoryversionProductLine"
"263","56.851946","BerkeleyDBMemoryversionProductLine"
"264","56.750285","BerkeleyDBMemoryversionProductLine"
"265","66.092359","BerkeleyDBMemoryversionProductLine"
"266","57.703187","BerkeleyDBMemoryversionProductLine"
"267","62.41299","BerkeleyDBMemoryversionProductLine"
"268","58.199017","BerkeleyDBMemoryversionProductLine"
"269","74.082224","BerkeleyDBMemoryversionProductLine"
"270","62.242821","BerkeleyDBMemoryversionProductLine"
"271","54.317906","BerkeleyDBMemoryversionProductLine"
"272","59.017716","BerkeleyDBMemoryversionProductLine"
"273","60.606743","BerkeleyDBMemoryversionProductLine"
"274","67.089591","BerkeleyDBMemoryversionProductLine"
"275","57.709768","BerkeleyDBMemoryversionProductLine"
"276","57.389783","BerkeleyDBMemoryversionProductLine"
"277","68.034432","BerkeleyDBMemoryversionProductLine"
"278","58.660741","BerkeleyDBMemoryversionProductLine"
"279","56.282315","BerkeleyDBMemoryversionProductLine"
"280","63.780484","BerkeleyDBMemoryversionProductLine"
"281","60.839822","BerkeleyDBMemoryversionProductLine"
"282","61.37785","BerkeleyDBMemoryversionProductLine"
"283","54.386823","BerkeleyDBMemoryversionProductLine"
"284","69.438156","BerkeleyDBMemoryversionProductLine"
"285","61.36733","BerkeleyDBMemoryversionProductLine"
"286","59.645962","BerkeleyDBMemoryversionProductLine"
"287","55.082658","BerkeleyDBMemoryversionProductLine"
"288","60.366415","BerkeleyDBMemoryversionProductLine"
"289","64.227471","BerkeleyDBMemoryversionProductLine"
"290","59.052318","BerkeleyDBMemoryversionProductLine"
"291","54.391017","BerkeleyDBMemoryversionProductLine"
"292","59.232244","BerkeleyDBMemoryversionProductLine"
"293","56.612752","BerkeleyDBMemoryversionProductLine"
"294","53.686875","BerkeleyDBMemoryversionProductLine"
"295","54.707128","BerkeleyDBMemoryversionProductLine"
"296","57.691545","BerkeleyDBMemoryversionProductLine"
"297","61.687492","BerkeleyDBMemoryversionProductLine"
"298","61.965817","BerkeleyDBMemoryversionProductLine"
"299","56.584582","BerkeleyDBMemoryversionProductLine"
"300","55.234637","BerkeleyDBMemoryversionProductLine"
"301","167.785663","SensorNetworkProductLine"
"302","82.108894","SensorNetworkProductLine"
"303","77.022272","SensorNetworkProductLine"
"304","86.559319","SensorNetworkProductLine"
"305","73.669693","SensorNetworkProductLine"
"306","91.875485","SensorNetworkProductLine"
"307","78.730843","SensorNetworkProductLine"
"308","77.573669","SensorNetworkProductLine"
"309","75.093307","SensorNetworkProductLine"
"310","76.22385","SensorNetworkProductLine"
"311","74.058866","SensorNetworkProductLine"
"312","74.025252","SensorNetworkProductLine"
"313","73.612723","SensorNetworkProductLine"
"314","85.798717","SensorNetworkProductLine"
"315","76.603084","SensorNetworkProductLine"
"316","74.91932","SensorNetworkProductLine"
"317","75.597212","SensorNetworkProductLine"
"318","73.676383","SensorNetworkProductLine"
"319","79.542341","SensorNetworkProductLine"
"320","73.516216","SensorNetworkProductLine"
"321","69.37026","SensorNetworkProductLine"
"322","68.716263","SensorNetworkProductLine"
"323","71.717962","SensorNetworkProductLine"
"324","74.437793","SensorNetworkProductLine"
"325","78.204045","SensorNetworkProductLine"
"326","79.977269","SensorNetworkProductLine"
"327","74.920107","SensorNetworkProductLine"
"328","72.716158","SensorNetworkProductLine"
"329","71.489521","SensorNetworkProductLine"
"330","73.604192","SensorNetworkProductLine"
"331","74.114978","SensorNetworkProductLine"
"332","77.492029","SensorNetworkProductLine"
"333","73.332014","SensorNetworkProductLine"
"334","70.707986","SensorNetworkProductLine"
"335","71.439378","SensorNetworkProductLine"
"336","74.335754","SensorNetworkProductLine"
"337","76.597867","SensorNetworkProductLine"
"338","78.119711","SensorNetworkProductLine"
"339","71.156418","SensorNetworkProductLine"
"340","77.952472","SensorNetworkProductLine"
"341","78.285609","SensorNetworkProductLine"
"342","77.185889","SensorNetworkProductLine"
"343","71.823087","SensorNetworkProductLine"
"344","75.603534","SensorNetworkProductLine"
"345","79.48387","SensorNetworkProductLine"
"346","68.140228","SensorNetworkProductLine"
"347","78.597896","SensorNetworkProductLine"
"348","71.12194","SensorNetworkProductLine"
"349","86.789208","SensorNetworkProductLine"
"350","72.377187","SensorNetworkProductLine"
"351","71.47009","SensorNetworkProductLine"
"352","72.183211","SensorNetworkProductLine"
"353","70.559022","SensorNetworkProductLine"
"354","74.999157","SensorNetworkProductLine"
"355","75.127086","SensorNetworkProductLine"
"356","71.670079","SensorNetworkProductLine"
"357","77.059756","SensorNetworkProductLine"
"358","76.338081","SensorNetworkProductLine"
"359","72.060061","SensorNetworkProductLine"
"360","74.022301","SensorNetworkProductLine"
"361","77.031705","SensorNetworkProductLine"
"362","75.99103","SensorNetworkProductLine"
"363","79.606687","SensorNetworkProductLine"
"364","76.937417","SensorNetworkProductLine"
"365","77.297851","SensorNetworkProductLine"
"366","80.746398","SensorNetworkProductLine"
"367","74.592556","SensorNetworkProductLine"
"368","80.365547","SensorNetworkProductLine"
"369","79.564024","SensorNetworkProductLine"
"370","79.262589","SensorNetworkProductLine"
"371","75.374913","SensorNetworkProductLine"
"372","73.692279","SensorNetworkProductLine"
"373","76.294426","SensorNetworkProductLine"
"374","80.346718","SensorNetworkProductLine"
"375","75.332911","SensorNetworkProductLine"
"376","74.517519","SensorNetworkProductLine"
"377","81.099572","SensorNetworkProductLine"
"378","84.255986","SensorNetworkProductLine"
"379","80.897397","SensorNetworkProductLine"
"380","77.443248","SensorNetworkProductLine"
"381","74.846589","SensorNetworkProductLine"
"382","73.067952","SensorNetworkProductLine"
"383","79.445347","SensorNetworkProductLine"
"384","74.519846","SensorNetworkProductLine"
"385","72.361467","SensorNetworkProductLine"
"386","73.358094","SensorNetworkProductLine"
"387","75.094186","SensorNetworkProductLine"
"388","75.433578","SensorNetworkProductLine"
"389","78.166148","SensorNetworkProductLine"
"390","70.836794","SensorNetworkProductLine"
"391","73.120962","SensorNetworkProductLine"
"392","75.479184","SensorNetworkProductLine"
"393","70.497066","SensorNetworkProductLine"
"394","76.852924","SensorNetworkProductLine"
"395","76.578319","SensorNetworkProductLine"
"396","72.434806","SensorNetworkProductLine"
"397","78.647989","SensorNetworkProductLine"
"398","72.854354","SensorNetworkProductLine"
"399","85.306119","SensorNetworkProductLine"
"400","74.571758","SensorNetworkProductLine"
"401","130.623034","StrategyMobileGame"
"402","104.779258","StrategyMobileGame"
"403","94.229625","StrategyMobileGame"
"404","99.901177","StrategyMobileGame"
"405","91.425128","StrategyMobileGame"
"406","101.959931","StrategyMobileGame"
"407","93.585515","StrategyMobileGame"
"408","95.896506","StrategyMobileGame"
"409","99.216292","StrategyMobileGame"
"410","89.108006","StrategyMobileGame"
"411","95.937739","StrategyMobileGame"
"412","97.273947","StrategyMobileGame"
"413","96.998466","StrategyMobileGame"
"414","89.031984","StrategyMobileGame"
"415","95.548972","StrategyMobileGame"
"416","97.388839","StrategyMobileGame"
"417","89.877325","StrategyMobileGame"
"418","93.911966","StrategyMobileGame"
"419","92.239301","StrategyMobileGame"
"420","91.094958","StrategyMobileGame"
"421","87.489536","StrategyMobileGame"
"422","83.578949","StrategyMobileGame"
"423","88.649338","StrategyMobileGame"
"424","86.36878","StrategyMobileGame"
"425","95.156236","StrategyMobileGame"
"426","106.450825","StrategyMobileGame"
"427","131.71207","StrategyMobileGame"
"428","86.653283","StrategyMobileGame"
"429","88.156543","StrategyMobileGame"
"430","92.540285","StrategyMobileGame"
"431","88.422854","StrategyMobileGame"
"432","87.631211","StrategyMobileGame"
"433","86.889965","StrategyMobileGame"
"434","86.620627","StrategyMobileGame"
"435","91.555002","StrategyMobileGame"
"436","96.074973","StrategyMobileGame"
"437","88.917448","StrategyMobileGame"
"438","88.884391","StrategyMobileGame"
"439","86.370871","StrategyMobileGame"
"440","84.600988","StrategyMobileGame"
"441","92.758289","StrategyMobileGame"
"442","86.837632","StrategyMobileGame"
"443","89.362598","StrategyMobileGame"
"444","90.476988","StrategyMobileGame"
"445","91.68082","StrategyMobileGame"
"446","88.196189","StrategyMobileGame"
"447","82.675207","StrategyMobileGame"
"448","87.593328","StrategyMobileGame"
"449","90.420632","StrategyMobileGame"
"450","88.223589","StrategyMobileGame"
"451","89.845918","StrategyMobileGame"
"452","92.40305","StrategyMobileGame"
"453","87.572243","StrategyMobileGame"
"454","93.386736","StrategyMobileGame"
"455","87.30473","StrategyMobileGame"
"456","87.932879","StrategyMobileGame"
"457","92.141325","StrategyMobileGame"
"458","92.404461","StrategyMobileGame"
"459","93.90682","StrategyMobileGame"
"460","95.059928","StrategyMobileGame"
"461","92.876352","StrategyMobileGame"
"462","86.538747","StrategyMobileGame"
"463","90.869752","StrategyMobileGame"
"464","86.583536","StrategyMobileGame"
"465","91.271215","StrategyMobileGame"
"466","93.39925","StrategyMobileGame"
"467","86.660339","StrategyMobileGame"
"468","90.009703","StrategyMobileGame"
"469","89.986392","StrategyMobileGame"
"470","94.546916","StrategyMobileGame"
"471","98.400731","StrategyMobileGame"
"472","95.923103","StrategyMobileGame"
"473","91.470192","StrategyMobileGame"
"474","88.703592","StrategyMobileGame"
"475","89.970122","StrategyMobileGame"
"476","98.042102","StrategyMobileGame"
"477","97.607075","StrategyMobileGame"
"478","90.085634","StrategyMobileGame"
"479","90.61249","StrategyMobileGame"
"480","93.323735","StrategyMobileGame"
"481","97.802945","StrategyMobileGame"
"482","86.798368","StrategyMobileGame"
"483","90.814778","StrategyMobileGame"
"484","98.8578","StrategyMobileGame"
"485","96.836642","StrategyMobileGame"
"486","89.812402","StrategyMobileGame"
"487","146.769435","StrategyMobileGame"
"488","86.262461","StrategyMobileGame"
"489","87.80205","StrategyMobileGame"
"490","86.415661","StrategyMobileGame"
"491","84.521791","StrategyMobileGame"
"492","93.040399","StrategyMobileGame"
"493","91.112942","StrategyMobileGame"
"494","87.567571","StrategyMobileGame"
"495","91.068702","StrategyMobileGame"
"496","92.502229","StrategyMobileGame"
"497","93.523999","StrategyMobileGame"
"498","90.417737","StrategyMobileGame"
"499","88.445098","StrategyMobileGame"
"500","92.487227","StrategyMobileGame"
"501","124.239341","TankWar"
"502","102.788663","TankWar"
"503","96.555024","TankWar"
"504","100.558195","TankWar"
"505","102.2764","TankWar"
"506","110.045619","TankWar"
"507","107.769303","TankWar"
"508","101.290452","TankWar"
"509","95.171484","TankWar"
"510","102.571316","TankWar"
"511","99.647237","TankWar"
"512","96.803037","TankWar"
"513","98.251486","TankWar"
"514","95.490359","TankWar"
"515","98.561078","TankWar"
"516","97.101743","TankWar"
"517","96.109881","TankWar"
"518","98.977865","TankWar"
"519","96.190826","TankWar"
"520","97.530761","TankWar"
"521","88.080228","TankWar"
"522","90.778484","TankWar"
"523","91.187298","TankWar"
"524","97.040041","TankWar"
"525","98.573561","TankWar"
"526","101.129687","TankWar"
"527","109.694783","TankWar"
"528","97.584132","TankWar"
"529","91.599167","TankWar"
"530","93.12094","TankWar"
"531","116.806532","TankWar"
"532","99.205637","TankWar"
"533","90.417894","TankWar"
"534","92.971079","TankWar"
"535","95.370782","TankWar"
"536","95.45459","TankWar"
"537","98.914241","TankWar"
"538","92.464677","TankWar"
"539","92.848882","TankWar"
"540","95.213283","TankWar"
"541","96.111082","TankWar"
"542","91.340338","TankWar"
"543","94.908723","TankWar"
"544","90.456033","TankWar"
"545","95.625919","TankWar"
"546","98.199218","TankWar"
"547","92.556512","TankWar"
"548","93.03429","TankWar"
"549","175.040716","TankWar"
"550","95.492939","TankWar"
"551","106.021495","TankWar"
"552","99.522725","TankWar"
"553","97.383791","TankWar"
"554","98.56191","TankWar"
"555","90.901418","TankWar"
"556","95.802774","TankWar"
"557","102.573233","TankWar"
"558","98.940492","TankWar"
"559","100.050911","TankWar"
"560","100.462542","TankWar"
"561","95.00756","TankWar"
"562","94.978704","TankWar"
"563","110.681217","TankWar"
"564","91.408632","TankWar"
"565","102.653757","TankWar"
"566","94.827276","TankWar"
"567","97.096778","TankWar"
"568","94.671395","TankWar"
"569","95.994532","TankWar"
"570","98.180477","TankWar"
"571","96.467237","TankWar"
"572","96.438306","TankWar"
"573","93.075053","TankWar"
"574","102.070645","TankWar"
"575","105.953249","TankWar"
"576","100.547266","TankWar"
"577","171.169212","TankWar"
"578","99.159898","TankWar"
"579","101.604143","TankWar"
"580","97.594403","TankWar"
"581","98.515692","TankWar"
"582","96.263952","TankWar"
"583","96.732401","TankWar"
"584","101.973294","TankWar"
"585","120.884264","TankWar"
"586","100.746599","TankWar"
"587","99.276814","TankWar"
"588","102.12259","TankWar"
"589","96.633671","TankWar"
"590","100.124364","TankWar"
"591","91.607258","TankWar"
"592","98.190446","TankWar"
"593","98.730353","TankWar"
"594","97.39684","TankWar"
"595","97.445159","TankWar"
"596","103.299535","TankWar"
"597","101.859248","TankWar"
"598","99.2107","TankWar"
"599","96.620777","TankWar"
"600","104.470199","TankWar"
"601","125.726409","MobileMedia2"
"602","113.567872","MobileMedia2"
"603","120.957864","MobileMedia2"
"604","123.499924","MobileMedia2"
"605","109.964857","MobileMedia2"
"606","115.163105","MobileMedia2"
"607","120.438368","MobileMedia2"
"608","115.863599","MobileMedia2"
"609","113.964303","MobileMedia2"
"610","108.611875","MobileMedia2"
"611","115.836249","MobileMedia2"
"612","113.726268","MobileMedia2"
"613","110.2398","MobileMedia2"
"614","115.620097","MobileMedia2"
"615","125.210754","MobileMedia2"
"616","107.974373","MobileMedia2"
"617","120.64009","MobileMedia2"
"618","113.80085","MobileMedia2"
"619","116.857823","MobileMedia2"
"620","106.762038","MobileMedia2"
"621","109.171565","MobileMedia2"
"622","103.814401","MobileMedia2"
"623","111.340052","MobileMedia2"
"624","107.728835","MobileMedia2"
"625","118.12891","MobileMedia2"
"626","109.992928","MobileMedia2"
"627","106.207982","MobileMedia2"
"628","106.106006","MobileMedia2"
"629","112.325951","MobileMedia2"
"630","114.217279","MobileMedia2"
"631","188.50476","MobileMedia2"
"632","108.336757","MobileMedia2"
"633","113.205807","MobileMedia2"
"634","113.722625","MobileMedia2"
"635","111.438235","MobileMedia2"
"636","114.894701","MobileMedia2"
"637","112.178238","MobileMedia2"
"638","107.765861","MobileMedia2"
"639","110.053571","MobileMedia2"
"640","107.745669","MobileMedia2"
"641","109.466023","MobileMedia2"
"642","106.265006","MobileMedia2"
"643","105.724166","MobileMedia2"
"644","106.369477","MobileMedia2"
"645","107.888023","MobileMedia2"
"646","225.437921","MobileMedia2"
"647","112.060531","MobileMedia2"
"648","106.049065","MobileMedia2"
"649","108.793214","MobileMedia2"
"650","108.920839","MobileMedia2"
"651","120.707793","MobileMedia2"
"652","105.529568","MobileMedia2"
"653","108.035672","MobileMedia2"
"654","115.856835","MobileMedia2"
"655","115.512105","MobileMedia2"
"656","113.354009","MobileMedia2"
"657","111.640403","MobileMedia2"
"658","107.745441","MobileMedia2"
"659","108.846437","MobileMedia2"
"660","111.859042","MobileMedia2"
"661","111.616336","MobileMedia2"
"662","113.335499","MobileMedia2"
"663","120.551858","MobileMedia2"
"664","109.123158","MobileMedia2"
"665","118.844109","MobileMedia2"
"666","114.506309","MobileMedia2"
"667","118.607438","MobileMedia2"
"668","123.953236","MobileMedia2"
"669","115.16199","MobileMedia2"
"670","104.233468","MobileMedia2"
"671","117.915018","MobileMedia2"
"672","108.758835","MobileMedia2"
"673","116.912354","MobileMedia2"
"674","109.657289","MobileMedia2"
"675","112.757442","MobileMedia2"
"676","108.119388","MobileMedia2"
"677","109.505499","MobileMedia2"
"678","115.439138","MobileMedia2"
"679","113.452917","MobileMedia2"
"680","107.737308","MobileMedia2"
"681","114.342651","MobileMedia2"
"682","112.372727","MobileMedia2"
"683","116.48479","MobileMedia2"
"684","113.454148","MobileMedia2"
"685","111.834826","MobileMedia2"
"686","110.565465","MobileMedia2"
"687","111.075497","MobileMedia2"
"688","125.885253","MobileMedia2"
"689","111.14321","MobileMedia2"
"690","116.560941","MobileMedia2"
"691","106.995801","MobileMedia2"
"692","214.891234","MobileMedia2"
"693","170.439943","MobileMedia2"
"694","112.650879","MobileMedia2"
"695","108.551977","MobileMedia2"
"696","108.631881","MobileMedia2"
"697","122.676026","MobileMedia2"
"698","112.28765","MobileMedia2"
"699","116.760736","MobileMedia2"
"700","109.042105","MobileMedia2"
"701","124.547121","MobileGuide"
"702","118.261882","MobileGuide"
"703","137.32124","MobileGuide"
"704","122.868839","MobileGuide"
"705","117.442194","MobileGuide"
"706","114.221097","MobileGuide"
"707","122.010288","MobileGuide"
"708","115.585374","MobileGuide"
"709","112.396029","MobileGuide"
"710","129.727175","MobileGuide"
"711","113.131627","MobileGuide"
"712","118.474535","MobileGuide"
"713","111.257511","MobileGuide"
"714","114.012645","MobileGuide"
"715","124.125675","MobileGuide"
"716","221.75405","MobileGuide"
"717","113.013776","MobileGuide"
"718","124.092925","MobileGuide"
"719","115.657573","MobileGuide"
"720","113.268752","MobileGuide"
"721","106.114684","MobileGuide"
"722","108.120387","MobileGuide"
"723","168.119099","MobileGuide"
"724","118.185711","MobileGuide"
"725","116.363052","MobileGuide"
"726","112.956326","MobileGuide"
"727","120.717386","MobileGuide"
"728","110.735042","MobileGuide"
"729","109.506922","MobileGuide"
"730","111.765666","MobileGuide"
"731","114.853014","MobileGuide"
"732","120.886637","MobileGuide"
"733","214.904263","MobileGuide"
"734","114.76246","MobileGuide"
"735","216.527227","MobileGuide"
"736","113.372926","MobileGuide"
"737","117.764456","MobileGuide"
"738","115.041157","MobileGuide"
"739","113.566278","MobileGuide"
"740","223.081968","MobileGuide"
"741","116.506491","MobileGuide"
"742","109.606444","MobileGuide"
"743","113.590463","MobileGuide"
"744","108.005718","MobileGuide"
"745","117.399097","MobileGuide"
"746","116.969228","MobileGuide"
"747","108.907536","MobileGuide"
"748","128.040826","MobileGuide"
"749","107.446099","MobileGuide"
"750","114.475892","MobileGuide"
"751","111.11784","MobileGuide"
"752","117.43904","MobileGuide"
"753","111.380967","MobileGuide"
"754","112.303265","MobileGuide"
"755","113.839194","MobileGuide"
"756","108.985816","MobileGuide"
"757","125.885718","MobileGuide"
"758","113.52931","MobileGuide"
"759","114.881322","MobileGuide"
"760","113.387296","MobileGuide"
"761","117.159352","MobileGuide"
"762","110.188353","MobileGuide"
"763","123.787932","MobileGuide"
"764","121.379802","MobileGuide"
"765","117.569671","MobileGuide"
"766","120.933606","MobileGuide"
"767","110.61899","MobileGuide"
"768","117.243316","MobileGuide"
"769","116.47979","MobileGuide"
"770","117.326345","MobileGuide"
"771","117.039055","MobileGuide"
"772","116.421356","MobileGuide"
"773","118.42826","MobileGuide"
"774","114.941971","MobileGuide"
"775","110.597977","MobileGuide"
"776","109.811494","MobileGuide"
"777","118.905103","MobileGuide"
"778","113.490051","MobileGuide"
"779","111.186703","MobileGuide"
"780","116.621856","MobileGuide"
"781","121.324597","MobileGuide"
"782","118.874034","MobileGuide"
"783","110.172304","MobileGuide"
"784","116.753572","MobileGuide"
"785","110.55551","MobileGuide"
"786","117.93858","MobileGuide"
"787","111.416269","MobileGuide"
"788","124.812785","MobileGuide"
"789","123.995284","MobileGuide"
"790","111.814238","MobileGuide"
"791","194.798446","MobileGuide"
"792","114.088487","MobileGuide"
"793","112.705293","MobileGuide"
"794","115.635901","MobileGuide"
"795","113.135803","MobileGuide"
"796","110.122397","MobileGuide"
"797","113.636845","MobileGuide"
"798","118.547059","MobileGuide"
"799","114.736463","MobileGuide"
"800","112.797607","MobileGuide"
"801","1476.549107","SPLOT-3CNF-FM-500-50-1.00-SAT-1"
"802","1475.102353","SPLOT-3CNF-FM-500-50-1.00-SAT-1"
"803","1536.697167","SPLOT-3CNF-FM-500-50-1.00-SAT-1"
"804","1450.238956","SPLOT-3CNF-FM-500-50-1.00-SAT-1"
"805","1419.397801","SPLOT-3CNF-FM-500-50-1.00-SAT-1"
"806","1459.228561","SPLOT-3CNF-FM-500-50-1.00-SAT-1"
"807","1525.70396","SPLOT-3CNF-FM-500-50-1.00-SAT-1"
"808","1532.109817","SPLOT-3CNF-FM-500-50-1.00-SAT-1"
"809","1466.181513","SPLOT-3CNF-FM-500-50-1.00-SAT-1"
"810","1439.500343","SPLOT-3CNF-FM-500-50-1.00-SAT-1"
"811","1493.061184","SPLOT-3CNF-FM-500-50-1.00-SAT-1"
"812","1419.232849","SPLOT-3CNF-FM-500-50-1.00-SAT-1"
"813","1400.687933","SPLOT-3CNF-FM-500-50-1.00-SAT-1"
"814","1455.456023","SPLOT-3CNF-FM-500-50-1.00-SAT-1"
"815","1493.473331","SPLOT-3CNF-FM-500-50-1.00-SAT-1"
"816","1403.902379","SPLOT-3CNF-FM-500-50-1.00-SAT-1"
"817","1430.479692","SPLOT-3CNF-FM-500-50-1.00-SAT-1"
"818","1509.217697","SPLOT-3CNF-FM-500-50-1.00-SAT-1"
"819","1401.657849","SPLOT-3CNF-FM-500-50-1.00-SAT-1"
"820","1503.528409","SPLOT-3CNF-FM-500-50-1.00-SAT-1"
"821","1479.573703","SPLOT-3CNF-FM-500-50-1.00-SAT-1"
"822","1414.140168","SPLOT-3CNF-FM-500-50-1.00-SAT-1"
"823","1517.157568","SPLOT-3CNF-FM-500-50-1.00-SAT-1"
"824","1486.402119","SPLOT-3CNF-FM-500-50-1.00-SAT-1"
"825","1498.338957","SPLOT-3CNF-FM-500-50-1.00-SAT-1"
"826","1429.862854","SPLOT-3CNF-FM-500-50-1.00-SAT-1"
"827","1480.261207","SPLOT-3CNF-FM-500-50-1.00-SAT-1"
"828","1445.084529","SPLOT-3CNF-FM-500-50-1.00-SAT-1"
"829","1467.336424","SPLOT-3CNF-FM-500-50-1.00-SAT-1"
"830","1411.610162","SPLOT-3CNF-FM-500-50-1.00-SAT-1"
"831","1467.345195","SPLOT-3CNF-FM-500-50-1.00-SAT-1"
"832","1445.445946","SPLOT-3CNF-FM-500-50-1.00-SAT-1"
"833","1520.003481","SPLOT-3CNF-FM-500-50-1.00-SAT-1"
"834","1432.630941","SPLOT-3CNF-FM-500-50-1.00-SAT-1"
"835","1416.884823","SPLOT-3CNF-FM-500-50-1.00-SAT-1"
"836","1415.787371","SPLOT-3CNF-FM-500-50-1.00-SAT-1"
"837","1399.356756","SPLOT-3CNF-FM-500-50-1.00-SAT-1"
"838","1394.350686","SPLOT-3CNF-FM-500-50-1.00-SAT-1"
"839","1518.292559","SPLOT-3CNF-FM-500-50-1.00-SAT-1"
"840","1424.590322","SPLOT-3CNF-FM-500-50-1.00-SAT-1"
"841","1507.794382","SPLOT-3CNF-FM-500-50-1.00-SAT-1"
"842","1426.434248","SPLOT-3CNF-FM-500-50-1.00-SAT-1"
"843","1415.866815","SPLOT-3CNF-FM-500-50-1.00-SAT-1"
"844","1440.254626","SPLOT-3CNF-FM-500-50-1.00-SAT-1"
"845","1464.343358","SPLOT-3CNF-FM-500-50-1.00-SAT-1"
"846","1460.49569","SPLOT-3CNF-FM-500-50-1.00-SAT-1"
"847","1468.15071","SPLOT-3CNF-FM-500-50-1.00-SAT-1"
"848","1421.178633","SPLOT-3CNF-FM-500-50-1.00-SAT-1"
"849","1470.910224","SPLOT-3CNF-FM-500-50-1.00-SAT-1"
"850","3028.982831","SPLOT-3CNF-FM-500-50-1.00-SAT-1"
"851","1422.880578","SPLOT-3CNF-FM-500-50-1.00-SAT-1"
"852","1509.200671","SPLOT-3CNF-FM-500-50-1.00-SAT-1"
"853","1448.952738","SPLOT-3CNF-FM-500-50-1.00-SAT-1"
"854","1481.512584","SPLOT-3CNF-FM-500-50-1.00-SAT-1"
"855","1416.045126","SPLOT-3CNF-FM-500-50-1.00-SAT-1"
"856","1529.785828","SPLOT-3CNF-FM-500-50-1.00-SAT-1"
"857","1426.963167","SPLOT-3CNF-FM-500-50-1.00-SAT-1"
"858","1507.289227","SPLOT-3CNF-FM-500-50-1.00-SAT-1"
"859","1454.873821","SPLOT-3CNF-FM-500-50-1.00-SAT-1"
"860","1448.655093","SPLOT-3CNF-FM-500-50-1.00-SAT-1"
"861","1434.488764","SPLOT-3CNF-FM-500-50-1.00-SAT-1"
"862","1436.443345","SPLOT-3CNF-FM-500-50-1.00-SAT-1"
"863","1447.964555","SPLOT-3CNF-FM-500-50-1.00-SAT-1"
"864","1421.9238","SPLOT-3CNF-FM-500-50-1.00-SAT-1"
"865","1463.903487","SPLOT-3CNF-FM-500-50-1.00-SAT-1"
"866","1484.323224","SPLOT-3CNF-FM-500-50-1.00-SAT-1"
"867","1508.379068","SPLOT-3CNF-FM-500-50-1.00-SAT-1"
"868","1508.648948","SPLOT-3CNF-FM-500-50-1.00-SAT-1"
"869","1468.634608","SPLOT-3CNF-FM-500-50-1.00-SAT-1"
"870","1488.081165","SPLOT-3CNF-FM-500-50-1.00-SAT-1"
"871","1453.743717","SPLOT-3CNF-FM-500-50-1.00-SAT-1"
"872","1468.85277","SPLOT-3CNF-FM-500-50-1.00-SAT-1"
"873","1453.404535","SPLOT-3CNF-FM-500-50-1.00-SAT-1"
"874","1532.298942","SPLOT-3CNF-FM-500-50-1.00-SAT-1"
"875","1443.264444","SPLOT-3CNF-FM-500-50-1.00-SAT-1"
"876","1447.275926","SPLOT-3CNF-FM-500-50-1.00-SAT-1"
"877","1492.028514","SPLOT-3CNF-FM-500-50-1.00-SAT-1"
"878","1435.001043","SPLOT-3CNF-FM-500-50-1.00-SAT-1"
"879","1450.59632","SPLOT-3CNF-FM-500-50-1.00-SAT-1"
"880","1510.23279","SPLOT-3CNF-FM-500-50-1.00-SAT-1"
"881","1497.338571","SPLOT-3CNF-FM-500-50-1.00-SAT-1"
"882","1460.208367","SPLOT-3CNF-FM-500-50-1.00-SAT-1"
"883","1470.744847","SPLOT-3CNF-FM-500-50-1.00-SAT-1"
"884","1411.969214","SPLOT-3CNF-FM-500-50-1.00-SAT-1"
"885","1466.250437","SPLOT-3CNF-FM-500-50-1.00-SAT-1"
"886","1515.265546","SPLOT-3CNF-FM-500-50-1.00-SAT-1"
"887","1501.625388","SPLOT-3CNF-FM-500-50-1.00-SAT-1"
"888","1475.906193","SPLOT-3CNF-FM-500-50-1.00-SAT-1"
"889","1441.676982","SPLOT-3CNF-FM-500-50-1.00-SAT-1"
"890","1509.429573","SPLOT-3CNF-FM-500-50-1.00-SAT-1"
"891","1469.329877","SPLOT-3CNF-FM-500-50-1.00-SAT-1"
"892","1471.783346","SPLOT-3CNF-FM-500-50-1.00-SAT-1"
"893","1450.605966","SPLOT-3CNF-FM-500-50-1.00-SAT-1"
"894","1440.336765","SPLOT-3CNF-FM-500-50-1.00-SAT-1"
"895","1464.137352","SPLOT-3CNF-FM-500-50-1.00-SAT-1"
"896","1475.218673","SPLOT-3CNF-FM-500-50-1.00-SAT-1"
"897","1406.856152","SPLOT-3CNF-FM-500-50-1.00-SAT-1"
"898","1516.745468","SPLOT-3CNF-FM-500-50-1.00-SAT-1"
"899","1468.393412","SPLOT-3CNF-FM-500-50-1.00-SAT-1"
"900","4590.533998","SPLOT-3CNF-FM-500-50-1.00-SAT-1"
