"","TIME","ALTERNATIVE"
"1","1161.164751","x264ProductLine"
"2","847.27873","x264ProductLine"
"3","845.44873","x264ProductLine"
"4","855.285658","x264ProductLine"
"5","851.808053","x264ProductLine"
"6","841.008522","x264ProductLine"
"7","847.362324","x264ProductLine"
"8","838.930761","x264ProductLine"
"9","854.583106","x264ProductLine"
"10","855.850606","x264ProductLine"
"11","843.308991","x264ProductLine"
"12","843.937949","x264ProductLine"
"13","837.954875","x264ProductLine"
"14","841.729511","x264ProductLine"
"15","847.214564","x264ProductLine"
"16","859.03821","x264ProductLine"
"17","848.28446","x264ProductLine"
"18","843.991594","x264ProductLine"
"19","849.170762","x264ProductLine"
"20","841.123938","x264ProductLine"
"21","834.06977","x264ProductLine"
"22","848.929616","x264ProductLine"
"23","854.047273","x264ProductLine"
"24","857.487377","x264ProductLine"
"25","844.12623","x264ProductLine"
"26","844.636647","x264ProductLine"
"27","849.641491","x264ProductLine"
"28","842.81873","x264ProductLine"
"29","849.427116","x264ProductLine"
"30","848.559876","x264ProductLine"
"31","848.95649","x264ProductLine"
"32","855.943939","x264ProductLine"
"33","848.937949","x264ProductLine"
"34","838.548677","x264ProductLine"
"35","844.847012","x264ProductLine"
"36","849.480866","x264ProductLine"
"37","843.198886","x264ProductLine"
"38","845.853887","x264ProductLine"
"39","852.142898","x264ProductLine"
"40","845.139095","x264ProductLine"
"41","849.162585","x264ProductLine"
"42","856.507534","x264ProductLine"
"43","845.771022","x264ProductLine"
"44","841.970552","x264ProductLine"
"45","863.279669","x264ProductLine"
"46","845.327168","x264ProductLine"
"47","843.680657","x264ProductLine"
"48","849.723106","x264ProductLine"
"49","857.947429","x264ProductLine"
"50","835.269354","x264ProductLine"
"51","839.242949","x264ProductLine"
"52","830.788312","x264ProductLine"
"53","843.558157","x264ProductLine"
"54","852.866335","x264ProductLine"
"55","846.696178","x264ProductLine"
"56","842.476751","x264ProductLine"
"57","858.788992","x264ProductLine"
"58","846.296282","x264ProductLine"
"59","854.854773","x264ProductLine"
"60","841.573365","x264ProductLine"
"61","855.692272","x264ProductLine"
"62","836.510448","x264ProductLine"
"63","847.964251","x264ProductLine"
"64","839.469719","x264ProductLine"
"65","858.18545","x264ProductLine"
"66","856.17946","x264ProductLine"
"67","846.45774","x264ProductLine"
"68","850.144772","x264ProductLine"
"69","852.396804","x264ProductLine"
"70","841.07399","x264ProductLine"
"71","841.580656","x264ProductLine"
"72","854.686544","x264ProductLine"
"73","853.236074","x264ProductLine"
"74","842.839095","x264ProductLine"
"75","852.273418","x264ProductLine"
"76","839.230501","x264ProductLine"
"77","847.814825","x264ProductLine"
"78","853.198366","x264ProductLine"
"79","860.446128","x264ProductLine"
"80","844.321021","x264ProductLine"
"81","853.113835","x264ProductLine"
"82","853.005866","x264ProductLine"
"83","858.178836","x264ProductLine"
"84","845.259564","x264ProductLine"
"85","847.739512","x264ProductLine"
"86","859.200346","x264ProductLine"
"87","845.646647","x264ProductLine"
"88","849.716178","x264ProductLine"
"89","849.765501","x264ProductLine"
"90","848.757272","x264ProductLine"
"91","848.052845","x264ProductLine"
"92","846.083314","x264ProductLine"
"93","849.260917","x264ProductLine"
"94","843.385501","x264ProductLine"
"95","854.620658","x264ProductLine"
"96","845.718887","x264ProductLine"
"97","852.374877","x264ProductLine"
"98","851.119252","x264ProductLine"
"99","858.910763","x264ProductLine"
"100","841.272532","x264ProductLine"
"101","855.145293","WgetProductLine"
"102","845.159772","WgetProductLine"
"103","840.487532","WgetProductLine"
"104","854.226231","WgetProductLine"
"105","837.287011","WgetProductLine"
"106","836.122375","WgetProductLine"
"107","849.329929","WgetProductLine"
"108","841.50097","WgetProductLine"
"109","833.488937","WgetProductLine"
"110","843.46222","WgetProductLine"
"111","834.787323","WgetProductLine"
"112","833.543728","WgetProductLine"
"113","838.342583","WgetProductLine"
"114","842.021698","WgetProductLine"
"115","841.921334","WgetProductLine"
"116","829.083364","WgetProductLine"
"117","847.515865","WgetProductLine"
"118","838.544406","WgetProductLine"
"119","837.422532","WgetProductLine"
"120","842.277168","WgetProductLine"
"121","835.911385","WgetProductLine"
"122","841.366386","WgetProductLine"
"123","850.601751","WgetProductLine"
"124","836.543208","WgetProductLine"
"125","846.761074","WgetProductLine"
"126","842.69472","WgetProductLine"
"127","838.93149","WgetProductLine"
"128","841.602063","WgetProductLine"
"129","849.914147","WgetProductLine"
"130","845.652845","WgetProductLine"
"131","849.263002","WgetProductLine"
"132","846.651594","WgetProductLine"
"133","833.700864","WgetProductLine"
"134","836.005917","WgetProductLine"
"135","843.231282","WgetProductLine"
"136","845.273834","WgetProductLine"
"137","833.6605","WgetProductLine"
"138","853.157637","WgetProductLine"
"139","846.824147","WgetProductLine"
"140","844.609146","WgetProductLine"
"141","856.584877","WgetProductLine"
"142","840.102427","WgetProductLine"
"143","840.299198","WgetProductLine"
"144","837.885135","WgetProductLine"
"145","835.405135","WgetProductLine"
"146","838.205501","WgetProductLine"
"147","836.002843","WgetProductLine"
"148","840.73774","WgetProductLine"
"149","830.100291","WgetProductLine"
"150","827.657895","WgetProductLine"
"151","832.315344","WgetProductLine"
"152","831.467114","WgetProductLine"
"153","829.766021","WgetProductLine"
"154","851.064877","WgetProductLine"
"155","834.676489","WgetProductLine"
"156","836.341541","WgetProductLine"
"157","831.561749","WgetProductLine"
"158","838.516021","WgetProductLine"
"159","832.099718","WgetProductLine"
"160","841.086386","WgetProductLine"
"161","828.637999","WgetProductLine"
"162","830.56128","WgetProductLine"
"163","844.559251","WgetProductLine"
"164","844.628417","WgetProductLine"
"165","834.763052","WgetProductLine"
"166","837.613157","WgetProductLine"
"167","839.347583","WgetProductLine"
"168","838.438521","WgetProductLine"
"169","841.633625","WgetProductLine"
"170","834.023156","WgetProductLine"
"171","834.634198","WgetProductLine"
"172","836.344666","WgetProductLine"
"173","849.42248","WgetProductLine"
"174","834.177844","WgetProductLine"
"175","836.374459","WgetProductLine"
"176","835.887636","WgetProductLine"
"177","841.178886","WgetProductLine"
"178","846.990033","WgetProductLine"
"179","835.402531","WgetProductLine"
"180","842.127323","WgetProductLine"
"181","845.775917","WgetProductLine"
"182","845.959824","WgetProductLine"
"183","837.664146","WgetProductLine"
"184","841.358469","WgetProductLine"
"185","840.003677","WgetProductLine"
"186","855.062481","WgetProductLine"
"187","841.401907","WgetProductLine"
"188","853.059668","WgetProductLine"
"189","845.987533","WgetProductLine"
"190","842.160709","WgetProductLine"
"191","836.824198","WgetProductLine"
"192","842.369251","WgetProductLine"
"193","847.319147","WgetProductLine"
"194","833.493469","WgetProductLine"
"195","835.057635","WgetProductLine"
"196","841.963208","WgetProductLine"
"197","849.252949","WgetProductLine"
"198","843.513886","WgetProductLine"
"199","841.515552","WgetProductLine"
"200","838.439667","WgetProductLine"
"201","904.973684","BerkeleyDBMemoryversionProductLine"
"202","907.794674","BerkeleyDBMemoryversionProductLine"
"203","911.530403","BerkeleyDBMemoryversionProductLine"
"204","903.215142","BerkeleyDBMemoryversionProductLine"
"205","896.891964","BerkeleyDBMemoryversionProductLine"
"206","904.148475","BerkeleyDBMemoryversionProductLine"
"207","902.231288","BerkeleyDBMemoryversionProductLine"
"208","905.223163","BerkeleyDBMemoryversionProductLine"
"209","890.840141","BerkeleyDBMemoryversionProductLine"
"210","905.977226","BerkeleyDBMemoryversionProductLine"
"211","903.587695","BerkeleyDBMemoryversionProductLine"
"212","910.481809","BerkeleyDBMemoryversionProductLine"
"213","888.220505","BerkeleyDBMemoryversionProductLine"
"214","902.30285","BerkeleyDBMemoryversionProductLine"
"215","914.054674","BerkeleyDBMemoryversionProductLine"
"216","891.082381","BerkeleyDBMemoryversionProductLine"
"217","897.673162","BerkeleyDBMemoryversionProductLine"
"218","905.024152","BerkeleyDBMemoryversionProductLine"
"219","905.177903","BerkeleyDBMemoryversionProductLine"
"220","904.606861","BerkeleyDBMemoryversionProductLine"
"221","888.603421","BerkeleyDBMemoryversionProductLine"
"222","905.028684","BerkeleyDBMemoryversionProductLine"
"223","892.075558","BerkeleyDBMemoryversionProductLine"
"224","904.137173","BerkeleyDBMemoryversionProductLine"
"225","910.185091","BerkeleyDBMemoryversionProductLine"
"226","912.228008","BerkeleyDBMemoryversionProductLine"
"227","901.484309","BerkeleyDBMemoryversionProductLine"
"228","902.42858","BerkeleyDBMemoryversionProductLine"
"229","913.389309","BerkeleyDBMemoryversionProductLine"
"230","904.027121","BerkeleyDBMemoryversionProductLine"
"231","913.963372","BerkeleyDBMemoryversionProductLine"
"232","903.271079","BerkeleyDBMemoryversionProductLine"
"233","902.931028","BerkeleyDBMemoryversionProductLine"
"234","887.475766","BerkeleyDBMemoryversionProductLine"
"235","908.394934","BerkeleyDBMemoryversionProductLine"
"236","914.368476","BerkeleyDBMemoryversionProductLine"
"237","910.436341","BerkeleyDBMemoryversionProductLine"
"238","898.032746","BerkeleyDBMemoryversionProductLine"
"239","900.396287","BerkeleyDBMemoryversionProductLine"
"240","910.96009","BerkeleyDBMemoryversionProductLine"
"241","894.191495","BerkeleyDBMemoryversionProductLine"
"242","898.439361","BerkeleyDBMemoryversionProductLine"
"243","911.094517","BerkeleyDBMemoryversionProductLine"
"244","907.22884","BerkeleyDBMemoryversionProductLine"
"245","905.257486","BerkeleyDBMemoryversionProductLine"
"246","903.574517","BerkeleyDBMemoryversionProductLine"
"247","917.035403","BerkeleyDBMemoryversionProductLine"
"248","912.277435","BerkeleyDBMemoryversionProductLine"
"249","898.081443","BerkeleyDBMemoryversionProductLine"
"250","901.811497","BerkeleyDBMemoryversionProductLine"
"251","893.80837","BerkeleyDBMemoryversionProductLine"
"252","906.035663","BerkeleyDBMemoryversionProductLine"
"253","900.302121","BerkeleyDBMemoryversionProductLine"
"254","906.108372","BerkeleyDBMemoryversionProductLine"
"255","910.873476","BerkeleyDBMemoryversionProductLine"
"256","900.385298","BerkeleyDBMemoryversionProductLine"
"257","903.403788","BerkeleyDBMemoryversionProductLine"
"258","907.109674","BerkeleyDBMemoryversionProductLine"
"259","897.213163","BerkeleyDBMemoryversionProductLine"
"260","923.87629","BerkeleyDBMemoryversionProductLine"
"261","898.462694","BerkeleyDBMemoryversionProductLine"
"262","897.055662","BerkeleyDBMemoryversionProductLine"
"263","912.245039","BerkeleyDBMemoryversionProductLine"
"264","906.207278","BerkeleyDBMemoryversionProductLine"
"265","904.907278","BerkeleyDBMemoryversionProductLine"
"266","897.076444","BerkeleyDBMemoryversionProductLine"
"267","899.503996","BerkeleyDBMemoryversionProductLine"
"268","912.092331","BerkeleyDBMemoryversionProductLine"
"269","911.458997","BerkeleyDBMemoryversionProductLine"
"270","904.111392","BerkeleyDBMemoryversionProductLine"
"271","909.434882","BerkeleyDBMemoryversionProductLine"
"272","895.12436","BerkeleyDBMemoryversionProductLine"
"273","889.457068","BerkeleyDBMemoryversionProductLine"
"274","899.925871","BerkeleyDBMemoryversionProductLine"
"275","909.927383","BerkeleyDBMemoryversionProductLine"
"276","900.483319","BerkeleyDBMemoryversionProductLine"
"277","908.687643","BerkeleyDBMemoryversionProductLine"
"278","913.157383","BerkeleyDBMemoryversionProductLine"
"279","907.602539","BerkeleyDBMemoryversionProductLine"
"280","904.044049","BerkeleyDBMemoryversionProductLine"
"281","899.241079","BerkeleyDBMemoryversionProductLine"
"282","906.285871","BerkeleyDBMemoryversionProductLine"
"283","897.859621","BerkeleyDBMemoryversionProductLine"
"284","899.225194","BerkeleyDBMemoryversionProductLine"
"285","903.017538","BerkeleyDBMemoryversionProductLine"
"286","900.15358","BerkeleyDBMemoryversionProductLine"
"287","912.906706","BerkeleyDBMemoryversionProductLine"
"288","905.160143","BerkeleyDBMemoryversionProductLine"
"289","896.073839","BerkeleyDBMemoryversionProductLine"
"290","908.789205","BerkeleyDBMemoryversionProductLine"
"291","899.042694","BerkeleyDBMemoryversionProductLine"
"292","904.297277","BerkeleyDBMemoryversionProductLine"
"293","908.637018","BerkeleyDBMemoryversionProductLine"
"294","904.300142","BerkeleyDBMemoryversionProductLine"
"295","907.348476","BerkeleyDBMemoryversionProductLine"
"296","906.640924","BerkeleyDBMemoryversionProductLine"
"297","901.899465","BerkeleyDBMemoryversionProductLine"
"298","919.612644","BerkeleyDBMemoryversionProductLine"
"299","901.928424","BerkeleyDBMemoryversionProductLine"
"300","904.706236","BerkeleyDBMemoryversionProductLine"
"301","1086.935681","SensorNetworkProductLine"
"302","1071.808805","SensorNetworkProductLine"
"303","1080.73818","SensorNetworkProductLine"
"304","1076.21719","SensorNetworkProductLine"
"305","1071.212867","SensorNetworkProductLine"
"306","1088.967661","SensorNetworkProductLine"
"307","1063.36896","SensorNetworkProductLine"
"308","1083.613702","SensorNetworkProductLine"
"309","1067.364481","SensorNetworkProductLine"
"310","1069.737294","SensorNetworkProductLine"
"311","1078.333857","SensorNetworkProductLine"
"312","1088.552556","SensorNetworkProductLine"
"313","1063.232814","SensorNetworkProductLine"
"314","1086.613234","SensorNetworkProductLine"
"315","1089.168754","SensorNetworkProductLine"
"316","1073.37094","SensorNetworkProductLine"
"317","1063.658127","SensorNetworkProductLine"
"318","1078.251566","SensorNetworkProductLine"
"319","1077.77042","SensorNetworkProductLine"
"320","1090.885057","SensorNetworkProductLine"
"321","1066.654325","SensorNetworkProductLine"
"322","1082.213493","SensorNetworkProductLine"
"323","1066.584637","SensorNetworkProductLine"
"324","1075.494066","SensorNetworkProductLine"
"325","1057.258178","SensorNetworkProductLine"
"326","1088.386567","SensorNetworkProductLine"
"327","1078.606201","SensorNetworkProductLine"
"328","1104.922194","SensorNetworkProductLine"
"329","1069.272659","SensorNetworkProductLine"
"330","1067.869742","SensorNetworkProductLine"
"331","1077.343649","SensorNetworkProductLine"
"332","1069.85969","SensorNetworkProductLine"
"333","1075.634378","SensorNetworkProductLine"
"334","1062.799429","SensorNetworkProductLine"
"335","1067.820159","SensorNetworkProductLine"
"336","1079.735264","SensorNetworkProductLine"
"337","1087.063859","SensorNetworkProductLine"
"338","1076.832451","SensorNetworkProductLine"
"339","1068.884221","SensorNetworkProductLine"
"340","1080.340264","SensorNetworkProductLine"
"341","1065.270575","SensorNetworkProductLine"
"342","1071.65818","SensorNetworkProductLine"
"343","1081.712139","SensorNetworkProductLine"
"344","1080.562035","SensorNetworkProductLine"
"345","1076.958701","SensorNetworkProductLine"
"346","1081.089067","SensorNetworkProductLine"
"347","1062.534324","SensorNetworkProductLine"
"348","1062.483231","SensorNetworkProductLine"
"349","1075.240993","SensorNetworkProductLine"
"350","1068.511148","SensorNetworkProductLine"
"351","1074.395784","SensorNetworkProductLine"
"352","1064.187033","SensorNetworkProductLine"
"353","1081.3299","SensorNetworkProductLine"
"354","1075.049118","SensorNetworkProductLine"
"355","1072.264169","SensorNetworkProductLine"
"356","1077.975837","SensorNetworkProductLine"
"357","1069.086305","SensorNetworkProductLine"
"358","1086.012348","SensorNetworkProductLine"
"359","1080.453389","SensorNetworkProductLine"
"360","1091.028547","SensorNetworkProductLine"
"361","1073.532399","SensorNetworkProductLine"
"362","1067.357763","SensorNetworkProductLine"
"363","1086.40016","SensorNetworkProductLine"
"364","1083.11516","SensorNetworkProductLine"
"365","1076.884378","SensorNetworkProductLine"
"366","1074.323389","SensorNetworkProductLine"
"367","1076.945055","SensorNetworkProductLine"
"368","1088.090056","SensorNetworkProductLine"
"369","1073.882086","SensorNetworkProductLine"
"370","1066.242554","SensorNetworkProductLine"
"371","1081.882451","SensorNetworkProductLine"
"372","1071.068909","SensorNetworkProductLine"
"373","1075.80568","SensorNetworkProductLine"
"374","1076.177034","SensorNetworkProductLine"
"375","1072.761305","SensorNetworkProductLine"
"376","1079.723389","SensorNetworkProductLine"
"377","1092.219848","SensorNetworkProductLine"
"378","1065.927763","SensorNetworkProductLine"
"379","1079.562764","SensorNetworkProductLine"
"380","1082.523233","SensorNetworkProductLine"
"381","1075.575264","SensorNetworkProductLine"
"382","1070.738909","SensorNetworkProductLine"
"383","1085.103025","SensorNetworkProductLine"
"384","1093.480525","SensorNetworkProductLine"
"385","1080.163962","SensorNetworkProductLine"
"386","1074.078857","SensorNetworkProductLine"
"387","1097.527921","SensorNetworkProductLine"
"388","1077.209587","SensorNetworkProductLine"
"389","1067.951825","SensorNetworkProductLine"
"390","1074.312764","SensorNetworkProductLine"
"391","1078.722607","SensorNetworkProductLine"
"392","1069.89219","SensorNetworkProductLine"
"393","1072.031409","SensorNetworkProductLine"
"394","1081.437921","SensorNetworkProductLine"
"395","1081.306098","SensorNetworkProductLine"
"396","1088.256358","SensorNetworkProductLine"
"397","1076.059639","SensorNetworkProductLine"
"398","1079.899586","SensorNetworkProductLine"
"399","1086.816931","SensorNetworkProductLine"
"400","1093.651463","SensorNetworkProductLine"
"401","1182.915326","StrategyMobileGame"
"402","1171.059908","StrategyMobileGame"
"403","1180.660795","StrategyMobileGame"
"404","1174.507201","StrategyMobileGame"
"405","1183.803035","StrategyMobileGame"
"406","1173.145534","StrategyMobileGame"
"407","1181.596367","StrategyMobileGame"
"408","1169.776418","StrategyMobileGame"
"409","1174.53444","StrategyMobileGame"
"410","1180.147514","StrategyMobileGame"
"411","1172.684752","StrategyMobileGame"
"412","1176.384128","StrategyMobileGame"
"413","1165.663449","StrategyMobileGame"
"414","1183.961264","StrategyMobileGame"
"415","1181.343087","StrategyMobileGame"
"416","1180.55767","StrategyMobileGame"
"417","1179.635795","StrategyMobileGame"
"418","1188.727722","StrategyMobileGame"
"419","1190.961056","StrategyMobileGame"
"420","1156.945167","StrategyMobileGame"
"421","1166.251053","StrategyMobileGame"
"422","1184.188972","StrategyMobileGame"
"423","1176.941628","StrategyMobileGame"
"424","1175.924231","StrategyMobileGame"
"425","1164.419595","StrategyMobileGame"
"426","1168.102981","StrategyMobileGame"
"427","1176.111784","StrategyMobileGame"
"428","1171.281055","StrategyMobileGame"
"429","1186.850483","StrategyMobileGame"
"430","1185.898555","StrategyMobileGame"
"431","1191.614025","StrategyMobileGame"
"432","1175.93319","StrategyMobileGame"
"433","1174.67694","StrategyMobileGame"
"434","1177.592982","StrategyMobileGame"
"435","1179.507774","StrategyMobileGame"
"436","1159.228761","StrategyMobileGame"
"437","1190.028139","StrategyMobileGame"
"438","1191.109129","StrategyMobileGame"
"439","1182.154754","StrategyMobileGame"
"440","1173.665273","StrategyMobileGame"
"441","1169.644283","StrategyMobileGame"
"442","1177.285117","StrategyMobileGame"
"443","1170.820325","StrategyMobileGame"
"444","1166.319908","StrategyMobileGame"
"445","1186.68543","StrategyMobileGame"
"446","1172.118867","StrategyMobileGame"
"447","1164.736626","StrategyMobileGame"
"448","1172.554127","StrategyMobileGame"
"449","1183.388295","StrategyMobileGame"
"450","1172.610794","StrategyMobileGame"
"451","1186.328295","StrategyMobileGame"
"452","1178.059545","StrategyMobileGame"
"453","1169.714544","StrategyMobileGame"
"454","1188.498035","StrategyMobileGame"
"455","1179.872774","StrategyMobileGame"
"456","1173.29694","StrategyMobileGame"
"457","1187.340899","StrategyMobileGame"
"458","1174.07819","StrategyMobileGame"
"459","1173.220012","StrategyMobileGame"
"460","1173.763919","StrategyMobileGame"
"461","1158.849907","StrategyMobileGame"
"462","1164.806314","StrategyMobileGame"
"463","1161.527668","StrategyMobileGame"
"464","1175.094492","StrategyMobileGame"
"465","1203.855484","StrategyMobileGame"
"466","1162.924699","StrategyMobileGame"
"467","1181.73293","StrategyMobileGame"
"468","1164.23173","StrategyMobileGame"
"469","1184.195118","StrategyMobileGame"
"470","1175.845378","StrategyMobileGame"
"471","1162.971418","StrategyMobileGame"
"472","1186.116525","StrategyMobileGame"
"473","1176.237878","StrategyMobileGame"
"474","1169.170117","StrategyMobileGame"
"475","1175.643919","StrategyMobileGame"
"476","1187.820744","StrategyMobileGame"
"477","1175.309596","StrategyMobileGame"
"478","1180.790118","StrategyMobileGame"
"479","1181.063556","StrategyMobileGame"
"480","1170.324387","StrategyMobileGame"
"481","1186.638139","StrategyMobileGame"
"482","1176.179231","StrategyMobileGame"
"483","1195.159806","StrategyMobileGame"
"484","1181.588191","StrategyMobileGame"
"485","1188.273296","StrategyMobileGame"
"486","1178.745326","StrategyMobileGame"
"487","1180.791264","StrategyMobileGame"
"488","1192.667307","StrategyMobileGame"
"489","1176.652982","StrategyMobileGame"
"490","1187.146212","StrategyMobileGame"
"491","1175.723763","StrategyMobileGame"
"492","1170.480585","StrategyMobileGame"
"493","1188.07293","StrategyMobileGame"
"494","1160.695063","StrategyMobileGame"
"495","1181.955222","StrategyMobileGame"
"496","1165.815429","StrategyMobileGame"
"497","1184.451576","StrategyMobileGame"
"498","1173.008971","StrategyMobileGame"
"499","1178.234336","StrategyMobileGame"
"500","1162.424387","StrategyMobileGame"
"501","1261.201063","TankWar"
"502","1270.666012","TankWar"
"503","1263.529709","TankWar"
"504","1265.14872","TankWar"
"505","1260.984552","TankWar"
"506","1260.103511","TankWar"
"507","1259.531896","TankWar"
"508","1263.134501","TankWar"
"509","1269.210856","TankWar"
"510","1261.473823","TankWar"
"511","1254.4445","TankWar"
"512","1256.503146","TankWar"
"513","1257.169605","TankWar"
"514","1254.524396","TankWar"
"515","1263.192365","TankWar"
"516","1239.640332","TankWar"
"517","1257.079136","TankWar"
"518","1253.746999","TankWar"
"519","1245.116947","TankWar"
"520","1266.387574","TankWar"
"521","1267.022158","TankWar"
"522","1262.911636","TankWar"
"523","1254.141167","TankWar"
"524","1267.286949","TankWar"
"525","1261.376636","TankWar"
"526","1271.592887","TankWar"
"527","1258.251583","TankWar"
"528","1266.767574","TankWar"
"529","1257.772312","TankWar"
"530","1266.138303","TankWar"
"531","1256.587416","TankWar"
"532","1268.058877","TankWar"
"533","1263.92622","TankWar"
"534","1261.993459","TankWar"
"535","1260.671636","TankWar"
"536","1272.516116","TankWar"
"537","1259.845438","TankWar"
"538","1251.687729","TankWar"
"539","1258.536479","TankWar"
"540","1260.36523","TankWar"
"541","1256.841688","TankWar"
"542","1252.823145","TankWar"
"543","1267.43747","TankWar"
"544","1264.296272","TankWar"
"545","1260.957365","TankWar"
"546","1253.408197","TankWar"
"547","1254.75648","TankWar"
"548","1254.470073","TankWar"
"549","1254.846166","TankWar"
"550","1267.120074","TankWar"
"551","1261.784396","TankWar"
"552","1262.706532","TankWar"
"553","1251.788823","TankWar"
"554","1268.79773","TankWar"
"555","1283.897316","TankWar"
"556","1266.111272","TankWar"
"557","1260.873719","TankWar"
"558","1263.196011","TankWar"
"559","1265.598928","TankWar"
"560","1268.357522","TankWar"
"561","1270.935751","TankWar"
"562","1280.010336","TankWar"
"563","1271.915596","TankWar"
"564","1257.010802","TankWar"
"565","1257.848667","TankWar"
"566","1265.365126","TankWar"
"567","1280.721429","TankWar"
"568","1264.71924","TankWar"
"569","1276.018669","TankWar"
"570","1263.702158","TankWar"
"571","1269.912419","TankWar"
"572","1249.709656","TankWar"
"573","1261.256844","TankWar"
"574","1269.264762","TankWar"
"575","1252.206375","TankWar"
"576","1253.033875","TankWar"
"577","1268.137053","TankWar"
"578","1272.097418","TankWar"
"579","1263.239605","TankWar"
"580","1281.914711","TankWar"
"581","1256.058303","TankWar"
"582","1273.738825","TankWar"
"583","1267.131689","TankWar"
"584","1259.082469","TankWar"
"585","1259.337626","TankWar"
"586","1265.959658","TankWar"
"587","1264.519344","TankWar"
"588","1261.242938","TankWar"
"589","1252.657052","TankWar"
"590","1251.525802","TankWar"
"591","1264.109397","TankWar"
"592","1253.097833","TankWar"
"593","1259.153094","TankWar"
"594","1254.675697","TankWar"
"595","1260.03622","TankWar"
"596","1258.744084","TankWar"
"597","1267.983355","TankWar"
"598","1259.411427","TankWar"
"599","1263.041793","TankWar"
"600","1263.846168","TankWar"
"601","1406.733057","MobileMedia2"
"602","1408.358265","MobileMedia2"
"603","1408.989463","MobileMedia2"
"604","1411.38389","MobileMedia2"
"605","1402.434983","MobileMedia2"
"606","1405.37165","MobileMedia2"
"607","1418.558631","MobileMedia2"
"608","1413.45738","MobileMedia2"
"609","1432.307747","MobileMedia2"
"610","1422.598735","MobileMedia2"
"611","1409.377796","MobileMedia2"
"612","1412.825974","MobileMedia2"
"613","1421.682746","MobileMedia2"
"614","1405.287796","MobileMedia2"
"615","1419.215663","MobileMedia2"
"616","1419.405975","MobileMedia2"
"617","1422.996027","MobileMedia2"
"618","1427.090611","MobileMedia2"
"619","1418.381912","MobileMedia2"
"620","1406.254307","MobileMedia2"
"621","1440.683789","MobileMedia2"
"622","1417.139569","MobileMedia2"
"623","1405.243942","MobileMedia2"
"624","1397.738941","MobileMedia2"
"625","1408.128317","MobileMedia2"
"626","1410.533942","MobileMedia2"
"627","1431.457798","MobileMedia2"
"628","1428.332591","MobileMedia2"
"629","1412.620037","MobileMedia2"
"630","1420.471704","MobileMedia2"
"631","1415.680661","MobileMedia2"
"632","1422.497017","MobileMedia2"
"633","1440.965769","MobileMedia2"
"634","1447.273425","MobileMedia2"
"635","1409.203317","MobileMedia2"
"636","1410.358682","MobileMedia2"
"637","1409.257432","MobileMedia2"
"638","1406.823057","MobileMedia2"
"639","1409.815088","MobileMedia2"
"640","1403.463108","MobileMedia2"
"641","1413.247589","MobileMedia2"
"642","1413.159047","MobileMedia2"
"643","1399.090296","MobileMedia2"
"644","1416.064255","MobileMedia2"
"645","1433.129153","MobileMedia2"
"646","1415.546078","MobileMedia2"
"647","1417.607224","MobileMedia2"
"648","1428.172954","MobileMedia2"
"649","1414.058682","MobileMedia2"
"650","1424.732746","MobileMedia2"
"651","1418.09686","MobileMedia2"
"652","1427.497225","MobileMedia2"
"653","1422.778944","MobileMedia2"
"654","1425.911393","MobileMedia2"
"655","1412.546443","MobileMedia2"
"656","1435.424778","MobileMedia2"
"657","1425.150507","MobileMedia2"
"658","1415.378683","MobileMedia2"
"659","1411.661026","MobileMedia2"
"660","1415.757641","MobileMedia2"
"661","1445.415977","MobileMedia2"
"662","1415.936287","MobileMedia2"
"663","1414.937381","MobileMedia2"
"664","1422.178058","MobileMedia2"
"665","1415.875401","MobileMedia2"
"666","1410.114672","MobileMedia2"
"667","1414.136443","MobileMedia2"
"668","1422.05686","MobileMedia2"
"669","1418.618788","MobileMedia2"
"670","1433.367174","MobileMedia2"
"671","1406.877536","MobileMedia2"
"672","1415.118787","MobileMedia2"
"673","1403.222171","MobileMedia2"
"674","1424.08009","MobileMedia2"
"675","1414.375818","MobileMedia2"
"676","1419.995246","MobileMedia2"
"677","1425.815611","MobileMedia2"
"678","1418.992173","MobileMedia2"
"679","1410.805974","MobileMedia2"
"680","1398.662848","MobileMedia2"
"681","1412.374932","MobileMedia2"
"682","1415.61087","MobileMedia2"
"683","1404.134515","MobileMedia2"
"684","1413.420037","MobileMedia2"
"685","1436.230977","MobileMedia2"
"686","1428.57759","MobileMedia2"
"687","1419.711756","MobileMedia2"
"688","1428.067329","MobileMedia2"
"689","1423.265871","MobileMedia2"
"690","1421.287954","MobileMedia2"
"691","1430.004569","MobileMedia2"
"692","1419.144725","MobileMedia2"
"693","1420.931756","MobileMedia2"
"694","1419.921183","MobileMedia2"
"695","1426.747538","MobileMedia2"
"696","1413.034151","MobileMedia2"
"697","1419.568474","MobileMedia2"
"698","1421.505662","MobileMedia2"
"699","1426.650247","MobileMedia2"
"700","1418.388943","MobileMedia2"
"701","1553.371092","MobileGuide"
"702","1559.92151","MobileGuide"
"703","1578.795678","MobileGuide"
"704","1560.915936","MobileGuide"
"705","1568.507448","MobileGuide"
"706","1555.442551","MobileGuide"
"707","1549.577446","MobileGuide"
"708","1568.012709","MobileGuide"
"709","1564.939167","MobileGuide"
"710","1549.396874","MobileGuide"
"711","1560.910884","MobileGuide"
"712","1550.057862","MobileGuide"
"713","1560.651823","MobileGuide"
"714","1567.716927","MobileGuide"
"715","1570.565886","MobileGuide"
"716","1565.676562","MobileGuide"
"717","1557.206249","MobileGuide"
"718","1565.931302","MobileGuide"
"719","1559.100416","MobileGuide"
"720","1563.527239","MobileGuide"
"721","1545.971612","MobileGuide"
"722","1561.455416","MobileGuide"
"723","1551.085675","MobileGuide"
"724","1554.251509","MobileGuide"
"725","1569.801511","MobileGuide"
"726","1556.958124","MobileGuide"
"727","1558.434217","MobileGuide"
"728","1563.279948","MobileGuide"
"729","1558.669166","MobileGuide"
"730","1563.662031","MobileGuide"
"731","1571.676771","MobileGuide"
"732","1563.778385","MobileGuide"
"733","1572.953385","MobileGuide"
"734","1550.680155","MobileGuide"
"735","1566.28625","MobileGuide"
"736","1552.791978","MobileGuide"
"737","1567.838541","MobileGuide"
"738","1557.545468","MobileGuide"
"739","1570.145469","MobileGuide"
"740","1557.128332","MobileGuide"
"741","1557.731353","MobileGuide"
"742","1561.043853","MobileGuide"
"743","1559.521301","MobileGuide"
"744","1581.524011","MobileGuide"
"745","1563.504896","MobileGuide"
"746","1562.70177","MobileGuide"
"747","1556.226197","MobileGuide"
"748","1563.540208","MobileGuide"
"749","1562.268697","MobileGuide"
"750","1554.652394","MobileGuide"
"751","1564.443958","MobileGuide"
"752","1563.658177","MobileGuide"
"753","1571.563751","MobileGuide"
"754","1567.611354","MobileGuide"
"755","1560.533958","MobileGuide"
"756","1564.383021","MobileGuide"
"757","1560.506562","MobileGuide"
"758","1581.763282","MobileGuide"
"759","1568.046875","MobileGuide"
"760","1564.433176","MobileGuide"
"761","1579.509636","MobileGuide"
"762","1571.260313","MobileGuide"
"763","1564.261875","MobileGuide"
"764","1576.513699","MobileGuide"
"765","1569.717708","MobileGuide"
"766","1569.552656","MobileGuide"
"767","1562.597187","MobileGuide"
"768","1574.182917","MobileGuide"
"769","1576.359896","MobileGuide"
"770","1561.662031","MobileGuide"
"771","1564.216041","MobileGuide"
"772","1564.978281","MobileGuide"
"773","1558.436822","MobileGuide"
"774","1559.002394","MobileGuide"
"775","1553.922863","MobileGuide"
"776","1559.030468","MobileGuide"
"777","1578.991355","MobileGuide"
"778","1564.730937","MobileGuide"
"779","1564.783125","MobileGuide"
"780","1569.46875","MobileGuide"
"781","1562.143228","MobileGuide"
"782","1564.444896","MobileGuide"
"783","1562.779114","MobileGuide"
"784","1572.824949","MobileGuide"
"785","1570.446875","MobileGuide"
"786","1561.588332","MobileGuide"
"787","1558.623228","MobileGuide"
"788","1562.138073","MobileGuide"
"789","1553.854791","MobileGuide"
"790","1558.890468","MobileGuide"
"791","1563.377395","MobileGuide"
"792","1569.736771","MobileGuide"
"793","1562.52776","MobileGuide"
"794","1560.309218","MobileGuide"
"795","1551.202915","MobileGuide"
"796","1563.089375","MobileGuide"
"797","1559.05078","MobileGuide"
"798","1554.176874","MobileGuide"
"799","1566.991979","MobileGuide"
"800","1576.898803","MobileGuide"
"801","19174.828369","SPLOT-3CNF-FM-500-50-1.00-SAT-1"
"802","19276.041869","SPLOT-3CNF-FM-500-50-1.00-SAT-1"
"803","19181.469932","SPLOT-3CNF-FM-500-50-1.00-SAT-1"
"804","19440.916468","SPLOT-3CNF-FM-500-50-1.00-SAT-1"
"805","19195.733787","SPLOT-3CNF-FM-500-50-1.00-SAT-1"
"806","19468.43095","SPLOT-3CNF-FM-500-50-1.00-SAT-1"
"807","19502.041057","SPLOT-3CNF-FM-500-50-1.00-SAT-1"
"808","19303.614006","SPLOT-3CNF-FM-500-50-1.00-SAT-1"
"809","19255.648637","SPLOT-3CNF-FM-500-50-1.00-SAT-1"
"810","19304.653277","SPLOT-3CNF-FM-500-50-1.00-SAT-1"
"811","19269.304263","SPLOT-3CNF-FM-500-50-1.00-SAT-1"
"812","19267.152492","SPLOT-3CNF-FM-500-50-1.00-SAT-1"
"813","19557.338199","SPLOT-3CNF-FM-500-50-1.00-SAT-1"
"814","19222.017852","SPLOT-3CNF-FM-500-50-1.00-SAT-1"
"815","19241.077646","SPLOT-3CNF-FM-500-50-1.00-SAT-1"
"816","19149.08097","SPLOT-3CNF-FM-500-50-1.00-SAT-1"
"817","19324.048228","SPLOT-3CNF-FM-500-50-1.00-SAT-1"
"818","19399.466308","SPLOT-3CNF-FM-500-50-1.00-SAT-1"
"819","19390.393755","SPLOT-3CNF-FM-500-50-1.00-SAT-1"
"820","19546.928301","SPLOT-3CNF-FM-500-50-1.00-SAT-1"
"821","19333.033488","SPLOT-3CNF-FM-500-50-1.00-SAT-1"
"822","19378.568493","SPLOT-3CNF-FM-500-50-1.00-SAT-1"
"823","19394.523443","SPLOT-3CNF-FM-500-50-1.00-SAT-1"
"824","19264.998429","SPLOT-3CNF-FM-500-50-1.00-SAT-1"
"825","19359.758439","SPLOT-3CNF-FM-500-50-1.00-SAT-1"
"826","19385.404431","SPLOT-3CNF-FM-500-50-1.00-SAT-1"
"827","19357.143439","SPLOT-3CNF-FM-500-50-1.00-SAT-1"
"828","19320.761039","SPLOT-3CNF-FM-500-50-1.00-SAT-1"
"829","19313.93083","SPLOT-3CNF-FM-500-50-1.00-SAT-1"
"830","19440.790739","SPLOT-3CNF-FM-500-50-1.00-SAT-1"
"831","19368.668909","SPLOT-3CNF-FM-500-50-1.00-SAT-1"
"832","19359.645053","SPLOT-3CNF-FM-500-50-1.00-SAT-1"
"833","19229.27077","SPLOT-3CNF-FM-500-50-1.00-SAT-1"
"834","19411.559069","SPLOT-3CNF-FM-500-50-1.00-SAT-1"
"835","19420.804434","SPLOT-3CNF-FM-500-50-1.00-SAT-1"
"836","19254.098064","SPLOT-3CNF-FM-500-50-1.00-SAT-1"
"837","19418.906362","SPLOT-3CNF-FM-500-50-1.00-SAT-1"
"838","19339.499583","SPLOT-3CNF-FM-500-50-1.00-SAT-1"
"839","19340.125729","SPLOT-3CNF-FM-500-50-1.00-SAT-1"
"840","19338.180207","SPLOT-3CNF-FM-500-50-1.00-SAT-1"
"841","19275.872389","SPLOT-3CNF-FM-500-50-1.00-SAT-1"
"842","19336.729374","SPLOT-3CNF-FM-500-50-1.00-SAT-1"
"843","19357.319012","SPLOT-3CNF-FM-500-50-1.00-SAT-1"
"844","19341.912291","SPLOT-3CNF-FM-500-50-1.00-SAT-1"
"845","19245.014","SPLOT-3CNF-FM-500-50-1.00-SAT-1"
"846","19407.341673","SPLOT-3CNF-FM-500-50-1.00-SAT-1"
"847","19559.664917","SPLOT-3CNF-FM-500-50-1.00-SAT-1"
"848","19255.078429","SPLOT-3CNF-FM-500-50-1.00-SAT-1"
"849","19310.24807","SPLOT-3CNF-FM-500-50-1.00-SAT-1"
"850","19351.51073","SPLOT-3CNF-FM-500-50-1.00-SAT-1"
"851","19345.219479","SPLOT-3CNF-FM-500-50-1.00-SAT-1"
"852","19281.455254","SPLOT-3CNF-FM-500-50-1.00-SAT-1"
"853","19299.22713","SPLOT-3CNF-FM-500-50-1.00-SAT-1"
"854","19415.054747","SPLOT-3CNF-FM-500-50-1.00-SAT-1"
"855","19406.026048","SPLOT-3CNF-FM-500-50-1.00-SAT-1"
"856","19548.517103","SPLOT-3CNF-FM-500-50-1.00-SAT-1"
"857","19428.428446","SPLOT-3CNF-FM-500-50-1.00-SAT-1"
"858","19416.526934","SPLOT-3CNF-FM-500-50-1.00-SAT-1"
"859","19381.525212","SPLOT-3CNF-FM-500-50-1.00-SAT-1"
"860","19291.88588","SPLOT-3CNF-FM-500-50-1.00-SAT-1"
"861","19400.005318","SPLOT-3CNF-FM-500-50-1.00-SAT-1"
"862","19521.74856","SPLOT-3CNF-FM-500-50-1.00-SAT-1"
"863","19378.74917","SPLOT-3CNF-FM-500-50-1.00-SAT-1"
"864","19500.131734","SPLOT-3CNF-FM-500-50-1.00-SAT-1"
"865","19523.993559","SPLOT-3CNF-FM-500-50-1.00-SAT-1"
"866","19384.709639","SPLOT-3CNF-FM-500-50-1.00-SAT-1"
"867","19305.108538","SPLOT-3CNF-FM-500-50-1.00-SAT-1"
"868","19442.142927","SPLOT-3CNF-FM-500-50-1.00-SAT-1"
"869","19319.290883","SPLOT-3CNF-FM-500-50-1.00-SAT-1"
"870","19321.58031","SPLOT-3CNF-FM-500-50-1.00-SAT-1"
"871","19179.805661","SPLOT-3CNF-FM-500-50-1.00-SAT-1"
"872","19437.206728","SPLOT-3CNF-FM-500-50-1.00-SAT-1"
"873","19469.407929","SPLOT-3CNF-FM-500-50-1.00-SAT-1"
"874","19324.887289","SPLOT-3CNF-FM-500-50-1.00-SAT-1"
"875","19269.037232","SPLOT-3CNF-FM-500-50-1.00-SAT-1"
"876","19359.298491","SPLOT-3CNF-FM-500-50-1.00-SAT-1"
"877","19300.104527","SPLOT-3CNF-FM-500-50-1.00-SAT-1"
"878","19341.187864","SPLOT-3CNF-FM-500-50-1.00-SAT-1"
"879","19374.070523","SPLOT-3CNF-FM-500-50-1.00-SAT-1"
"880","19471.490221","SPLOT-3CNF-FM-500-50-1.00-SAT-1"
"881","19328.356977","SPLOT-3CNF-FM-500-50-1.00-SAT-1"
"882","19346.985157","SPLOT-3CNF-FM-500-50-1.00-SAT-1"
"883","19401.151048","SPLOT-3CNF-FM-500-50-1.00-SAT-1"
"884","19528.75007","SPLOT-3CNF-FM-500-50-1.00-SAT-1"
"885","19488.243295","SPLOT-3CNF-FM-500-50-1.00-SAT-1"
"886","19401.537349","SPLOT-3CNF-FM-500-50-1.00-SAT-1"
"887","19544.205541","SPLOT-3CNF-FM-500-50-1.00-SAT-1"
"888","19392.807141","SPLOT-3CNF-FM-500-50-1.00-SAT-1"
"889","19528.173768","SPLOT-3CNF-FM-500-50-1.00-SAT-1"
"890","19419.654747","SPLOT-3CNF-FM-500-50-1.00-SAT-1"
"891","19460.057303","SPLOT-3CNF-FM-500-50-1.00-SAT-1"
"892","19336.626041","SPLOT-3CNF-FM-500-50-1.00-SAT-1"
"893","19333.413384","SPLOT-3CNF-FM-500-50-1.00-SAT-1"
"894","19380.075472","SPLOT-3CNF-FM-500-50-1.00-SAT-1"
"895","19498.267099","SPLOT-3CNF-FM-500-50-1.00-SAT-1"
"896","19192.808318","SPLOT-3CNF-FM-500-50-1.00-SAT-1"
"897","19560.173459","SPLOT-3CNF-FM-500-50-1.00-SAT-1"
"898","19473.957721","SPLOT-3CNF-FM-500-50-1.00-SAT-1"
"899","19366.750314","SPLOT-3CNF-FM-500-50-1.00-SAT-1"
"900","19443.597041","SPLOT-3CNF-FM-500-50-1.00-SAT-1"
