"","TIME","ALTERNATIVE"
"1","3194.153906","x264ProductLine"
"2","3267.911509","x264ProductLine"
"3","3253.393332","x264ProductLine"
"4","3373.667342","x264ProductLine"
"5","3197.922967","x264ProductLine"
"6","3206.897394","x264ProductLine"
"7","3076.120104","x264ProductLine"
"8","3247.940468","x264ProductLine"
"9","3160.530363","x264ProductLine"
"10","3237.950155","x264ProductLine"
"11","3293.976874","x264ProductLine"
"12","3102.317342","x264ProductLine"
"13","3229.947811","x264ProductLine"
"14","3189.877395","x264ProductLine"
"15","2946.208279","x264ProductLine"
"16","3197.69453","x264ProductLine"
"17","3257.258279","x264ProductLine"
"18","3234.344633","x264ProductLine"
"19","3237.636196","x264ProductLine"
"20","3164.91","x264ProductLine"
"21","3172.106144","x264ProductLine"
"22","3135.47755","x264ProductLine"
"23","3171.277134","x264ProductLine"
"24","3297.54526","x264ProductLine"
"25","3123.863332","x264ProductLine"
"26","3171.557082","x264ProductLine"
"27","3140.567133","x264ProductLine"
"28","3198.342759","x264ProductLine"
"29","3166.032291","x264ProductLine"
"30","3192.112916","x264ProductLine"
"31","3162.157447","x264ProductLine"
"32","3296.239478","x264ProductLine"
"33","3135.454165","x264ProductLine"
"34","3217.090781","x264ProductLine"
"35","3195.676978","x264ProductLine"
"36","3209.632447","x264ProductLine"
"37","3171.080519","x264ProductLine"
"38","3180.990311","x264ProductLine"
"39","3044.098853","x264ProductLine"
"40","3241.027187","x264ProductLine"
"41","3203.177498","x264ProductLine"
"42","3130.975936","x264ProductLine"
"43","3196.727291","x264ProductLine"
"44","3193.871716","x264ProductLine"
"45","3196.598905","x264ProductLine"
"46","3253.206508","x264ProductLine"
"47","3194.065989","x264ProductLine"
"48","3248.365051","x264ProductLine"
"49","3188.681561","x264ProductLine"
"50","3181.704374","x264ProductLine"
"51","3291.345728","x264ProductLine"
"52","3033.452239","x264ProductLine"
"53","3227.089793","x264ProductLine"
"54","3193.817082","x264ProductLine"
"55","3069.176093","x264ProductLine"
"56","3173.270936","x264ProductLine"
"57","3202.230311","x264ProductLine"
"58","3232.383332","x264ProductLine"
"59","3246.15776","x264ProductLine"
"60","3154.493333","x264ProductLine"
"61","3279.779374","x264ProductLine"
"62","3198.551302","x264ProductLine"
"63","3208.523384","x264ProductLine"
"64","3327.690728","x264ProductLine"
"65","3230.500207","x264ProductLine"
"66","3187.597602","x264ProductLine"
"67","3260.759009","x264ProductLine"
"68","3021.750571","x264ProductLine"
"69","3244.510207","x264ProductLine"
"70","3135.539217","x264ProductLine"
"71","3172.397551","x264ProductLine"
"72","3221.84255","x264ProductLine"
"73","3259.723749","x264ProductLine"
"74","3250.130937","x264ProductLine"
"75","3204.746144","x264ProductLine"
"76","3094.847654","x264ProductLine"
"77","3159.453541","x264ProductLine"
"78","3177.619061","x264ProductLine"
"79","3076.850831","x264ProductLine"
"80","3184.160988","x264ProductLine"
"81","3034.311456","x264ProductLine"
"82","3072.327915","x264ProductLine"
"83","3271.324166","x264ProductLine"
"84","3211.956873","x264ProductLine"
"85","3213.590572","x264ProductLine"
"86","3109.996041","x264ProductLine"
"87","3011.238539","x264ProductLine"
"88","3278.644425","x264ProductLine"
"89","3204.148175","x264ProductLine"
"90","3192.737187","x264ProductLine"
"91","3259.962655","x264ProductLine"
"92","3251.808124","x264ProductLine"
"93","3232.545103","x264ProductLine"
"94","3276.537185","x264ProductLine"
"95","3164.794947","x264ProductLine"
"96","3262.928332","x264ProductLine"
"97","3201.510936","x264ProductLine"
"98","3225.61604","x264ProductLine"
"99","3230.601509","x264ProductLine"
"100","3142.615155","x264ProductLine"
"101","3090.314322","WgetProductLine"
"102","3277.262186","WgetProductLine"
"103","3143.392707","WgetProductLine"
"104","3219.312759","WgetProductLine"
"105","3197.087968","WgetProductLine"
"106","3142.422343","WgetProductLine"
"107","3165.79604","WgetProductLine"
"108","3173.784322","WgetProductLine"
"109","3071.866925","WgetProductLine"
"110","3255.621406","WgetProductLine"
"111","3220.8388","WgetProductLine"
"112","3171.874217","WgetProductLine"
"113","3178.882968","WgetProductLine"
"114","3184.297602","WgetProductLine"
"115","3056.281509","WgetProductLine"
"116","3221.932395","WgetProductLine"
"117","3176.183592","WgetProductLine"
"118","3157.786718","WgetProductLine"
"119","3137.584112","WgetProductLine"
"120","3151.384946","WgetProductLine"
"121","3219.853854","WgetProductLine"
"122","3193.811978","WgetProductLine"
"123","3116.401562","WgetProductLine"
"124","3169.290104","WgetProductLine"
"125","3166.209999","WgetProductLine"
"126","3073.430936","WgetProductLine"
"127","3148.959634","WgetProductLine"
"128","3197.644635","WgetProductLine"
"129","3226.782654","WgetProductLine"
"130","3082.271612","WgetProductLine"
"131","3067.179426","WgetProductLine"
"132","3178.805885","WgetProductLine"
"133","3114.873228","WgetProductLine"
"134","3188.648436","WgetProductLine"
"135","3219.118176","WgetProductLine"
"136","3166.459269","WgetProductLine"
"137","3289.052655","WgetProductLine"
"138","3162.346509","WgetProductLine"
"139","3192.183541","WgetProductLine"
"140","3192.505989","WgetProductLine"
"141","3130.792707","WgetProductLine"
"142","3171.458905","WgetProductLine"
"143","3206.146926","WgetProductLine"
"144","3034.906666","WgetProductLine"
"145","3177.40953","WgetProductLine"
"146","3270.929009","WgetProductLine"
"147","3061.181248","WgetProductLine"
"148","3141.750625","WgetProductLine"
"149","2969.502759","WgetProductLine"
"150","3099.097392","WgetProductLine"
"151","3244.937968","WgetProductLine"
"152","3131.598645","WgetProductLine"
"153","3182.647447","WgetProductLine"
"154","3181.057342","WgetProductLine"
"155","2994.983332","WgetProductLine"
"156","3129.861197","WgetProductLine"
"157","3185.755833","WgetProductLine"
"158","3136.38729","WgetProductLine"
"159","3202.755936","WgetProductLine"
"160","3154.255","WgetProductLine"
"161","3190.564739","WgetProductLine"
"162","3205.905676","WgetProductLine"
"163","3024.942239","WgetProductLine"
"164","3211.919634","WgetProductLine"
"165","3234.583905","WgetProductLine"
"166","3167.823697","WgetProductLine"
"167","3183.047605","WgetProductLine"
"168","3143.68953","WgetProductLine"
"169","3235.079894","WgetProductLine"
"170","3221.451092","WgetProductLine"
"171","3109.398905","WgetProductLine"
"172","3148.382447","WgetProductLine"
"173","3179.450415","WgetProductLine"
"174","3233.907291","WgetProductLine"
"175","3246.528748","WgetProductLine"
"176","3061.744947","WgetProductLine"
"177","3201.270468","WgetProductLine"
"178","3200.327811","WgetProductLine"
"179","3141.637498","WgetProductLine"
"180","3189.233697","WgetProductLine"
"181","3151.990311","WgetProductLine"
"182","3222.935989","WgetProductLine"
"183","3200.12677","WgetProductLine"
"184","3183.070103","WgetProductLine"
"185","3234.392187","WgetProductLine"
"186","3190.116249","WgetProductLine"
"187","3120.463385","WgetProductLine"
"188","3154.351978","WgetProductLine"
"189","3242.050155","WgetProductLine"
"190","3104.783227","WgetProductLine"
"191","3240.512914","WgetProductLine"
"192","3275.394425","WgetProductLine"
"193","3164.351874","WgetProductLine"
"194","3182.348227","WgetProductLine"
"195","3187.292499","WgetProductLine"
"196","3206.116508","WgetProductLine"
"197","3152.439115","WgetProductLine"
"198","3211.450468","WgetProductLine"
"199","3235.38453","WgetProductLine"
"200","3168.727238","WgetProductLine"
"201","3367.019113","BerkeleyDBMemoryversionProductLine"
"202","3482.173124","BerkeleyDBMemoryversionProductLine"
"203","3516.521925","BerkeleyDBMemoryversionProductLine"
"204","3382.567916","BerkeleyDBMemoryversionProductLine"
"205","3463.123279","BerkeleyDBMemoryversionProductLine"
"206","3433.473697","BerkeleyDBMemoryversionProductLine"
"207","3448.385051","BerkeleyDBMemoryversionProductLine"
"208","3516.504947","BerkeleyDBMemoryversionProductLine"
"209","3412.957447","BerkeleyDBMemoryversionProductLine"
"210","3439.76203","BerkeleyDBMemoryversionProductLine"
"211","3464.195052","BerkeleyDBMemoryversionProductLine"
"212","3337.571562","BerkeleyDBMemoryversionProductLine"
"213","3464.566248","BerkeleyDBMemoryversionProductLine"
"214","3490.652498","BerkeleyDBMemoryversionProductLine"
"215","3388.333905","BerkeleyDBMemoryversionProductLine"
"216","3439.534946","BerkeleyDBMemoryversionProductLine"
"217","3347.318176","BerkeleyDBMemoryversionProductLine"
"218","3437.464686","BerkeleyDBMemoryversionProductLine"
"219","3360.323437","BerkeleyDBMemoryversionProductLine"
"220","3358.470259","BerkeleyDBMemoryversionProductLine"
"221","3518.261092","BerkeleyDBMemoryversionProductLine"
"222","3448.203435","BerkeleyDBMemoryversionProductLine"
"223","3393.388696","BerkeleyDBMemoryversionProductLine"
"224","3410.440103","BerkeleyDBMemoryversionProductLine"
"225","3410.345206","BerkeleyDBMemoryversionProductLine"
"226","3440.962551","BerkeleyDBMemoryversionProductLine"
"227","3380.886249","BerkeleyDBMemoryversionProductLine"
"228","3299.353384","BerkeleyDBMemoryversionProductLine"
"229","3339.228697","BerkeleyDBMemoryversionProductLine"
"230","3480.571457","BerkeleyDBMemoryversionProductLine"
"231","3476.646249","BerkeleyDBMemoryversionProductLine"
"232","3408.825051","BerkeleyDBMemoryversionProductLine"
"233","3467.294113","BerkeleyDBMemoryversionProductLine"
"234","3426.386666","BerkeleyDBMemoryversionProductLine"
"235","3476.662446","BerkeleyDBMemoryversionProductLine"
"236","3449.834686","BerkeleyDBMemoryversionProductLine"
"237","3515.777811","BerkeleyDBMemoryversionProductLine"
"238","3436.325833","BerkeleyDBMemoryversionProductLine"
"239","3481.770364","BerkeleyDBMemoryversionProductLine"
"240","3426.743072","BerkeleyDBMemoryversionProductLine"
"241","3404.339165","BerkeleyDBMemoryversionProductLine"
"242","3432.244114","BerkeleyDBMemoryversionProductLine"
"243","3390.561405","BerkeleyDBMemoryversionProductLine"
"244","3514.015571","BerkeleyDBMemoryversionProductLine"
"245","3494.602394","BerkeleyDBMemoryversionProductLine"
"246","3464.023072","BerkeleyDBMemoryversionProductLine"
"247","3396.967291","BerkeleyDBMemoryversionProductLine"
"248","3398.545259","BerkeleyDBMemoryversionProductLine"
"249","3446.270154","BerkeleyDBMemoryversionProductLine"
"250","3492.128645","BerkeleyDBMemoryversionProductLine"
"251","3406.456717","BerkeleyDBMemoryversionProductLine"
"252","3381.283748","BerkeleyDBMemoryversionProductLine"
"253","3410.775676","BerkeleyDBMemoryversionProductLine"
"254","3433.062968","BerkeleyDBMemoryversionProductLine"
"255","3359.063176","BerkeleyDBMemoryversionProductLine"
"256","3425.295781","BerkeleyDBMemoryversionProductLine"
"257","3466.259895","BerkeleyDBMemoryversionProductLine"
"258","3506.049947","BerkeleyDBMemoryversionProductLine"
"259","3513.161248","BerkeleyDBMemoryversionProductLine"
"260","3465.510572","BerkeleyDBMemoryversionProductLine"
"261","3475.756353","BerkeleyDBMemoryversionProductLine"
"262","3454.783124","BerkeleyDBMemoryversionProductLine"
"263","3451.958279","BerkeleyDBMemoryversionProductLine"
"264","3423.364738","BerkeleyDBMemoryversionProductLine"
"265","3454.228021","BerkeleyDBMemoryversionProductLine"
"266","3401.745155","BerkeleyDBMemoryversionProductLine"
"267","3432.194842","BerkeleyDBMemoryversionProductLine"
"268","3414.779895","BerkeleyDBMemoryversionProductLine"
"269","3430.443644","BerkeleyDBMemoryversionProductLine"
"270","3388.553541","BerkeleyDBMemoryversionProductLine"
"271","3313.737497","BerkeleyDBMemoryversionProductLine"
"272","3411.419791","BerkeleyDBMemoryversionProductLine"
"273","3414.207863","BerkeleyDBMemoryversionProductLine"
"274","3436.883072","BerkeleyDBMemoryversionProductLine"
"275","3473.039114","BerkeleyDBMemoryversionProductLine"
"276","3399.044894","BerkeleyDBMemoryversionProductLine"
"277","3453.303386","BerkeleyDBMemoryversionProductLine"
"278","3414.026872","BerkeleyDBMemoryversionProductLine"
"279","3315.813643","BerkeleyDBMemoryversionProductLine"
"280","3439.631249","BerkeleyDBMemoryversionProductLine"
"281","3328.045052","BerkeleyDBMemoryversionProductLine"
"282","3557.090728","BerkeleyDBMemoryversionProductLine"
"283","3423.344947","BerkeleyDBMemoryversionProductLine"
"284","3280.769998","BerkeleyDBMemoryversionProductLine"
"285","3432.063957","BerkeleyDBMemoryversionProductLine"
"286","3369.356405","BerkeleyDBMemoryversionProductLine"
"287","3379.388436","BerkeleyDBMemoryversionProductLine"
"288","3482.906196","BerkeleyDBMemoryversionProductLine"
"289","3384.688592","BerkeleyDBMemoryversionProductLine"
"290","3335.742082","BerkeleyDBMemoryversionProductLine"
"291","3506.706145","BerkeleyDBMemoryversionProductLine"
"292","3494.310936","BerkeleyDBMemoryversionProductLine"
"293","3485.556613","BerkeleyDBMemoryversionProductLine"
"294","3462.148853","BerkeleyDBMemoryversionProductLine"
"295","3424.570989","BerkeleyDBMemoryversionProductLine"
"296","3425.320103","BerkeleyDBMemoryversionProductLine"
"297","3481.561197","BerkeleyDBMemoryversionProductLine"
"298","3423.184009","BerkeleyDBMemoryversionProductLine"
"299","3426.908543","BerkeleyDBMemoryversionProductLine"
"300","3401.926041","BerkeleyDBMemoryversionProductLine"
"301","3975.915884","SensorNetworkProductLine"
"302","3995.997655","SensorNetworkProductLine"
"303","3900.967498","SensorNetworkProductLine"
"304","3887.291041","SensorNetworkProductLine"
"305","3921.663123","SensorNetworkProductLine"
"306","3993.029373","SensorNetworkProductLine"
"307","3924.381821","SensorNetworkProductLine"
"308","3902.145988","SensorNetworkProductLine"
"309","3998.915519","SensorNetworkProductLine"
"310","4005.26104","SensorNetworkProductLine"
"311","3959.267967","SensorNetworkProductLine"
"312","3891.449269","SensorNetworkProductLine"
"313","3943.425155","SensorNetworkProductLine"
"314","3978.446821","SensorNetworkProductLine"
"315","4024.313644","SensorNetworkProductLine"
"316","4092.500052","SensorNetworkProductLine"
"317","3926.394477","SensorNetworkProductLine"
"318","3942.493331","SensorNetworkProductLine"
"319","4033.888384","SensorNetworkProductLine"
"320","4012.804114","SensorNetworkProductLine"
"321","4010.428071","SensorNetworkProductLine"
"322","3979.188905","SensorNetworkProductLine"
"323","3764.911977","SensorNetworkProductLine"
"324","3913.641821","SensorNetworkProductLine"
"325","3918.790051","SensorNetworkProductLine"
"326","4024.0113","SensorNetworkProductLine"
"327","3936.310363","SensorNetworkProductLine"
"328","3842.229582","SensorNetworkProductLine"
"329","3939.697915","SensorNetworkProductLine"
"330","4003.093957","SensorNetworkProductLine"
"331","3924.19979","SensorNetworkProductLine"
"332","4078.049114","SensorNetworkProductLine"
"333","4027.537863","SensorNetworkProductLine"
"334","3978.429217","SensorNetworkProductLine"
"335","4000.090884","SensorNetworkProductLine"
"336","3872.482864","SensorNetworkProductLine"
"337","4052.312759","SensorNetworkProductLine"
"338","3974.798176","SensorNetworkProductLine"
"339","3986.976872","SensorNetworkProductLine"
"340","4039.599739","SensorNetworkProductLine"
"341","3918.460884","SensorNetworkProductLine"
"342","3971.289582","SensorNetworkProductLine"
"343","3940.384217","SensorNetworkProductLine"
"344","3932.124998","SensorNetworkProductLine"
"345","4003.289321","SensorNetworkProductLine"
"346","3828.502029","SensorNetworkProductLine"
"347","3999.284997","SensorNetworkProductLine"
"348","3973.699843","SensorNetworkProductLine"
"349","3971.010833","SensorNetworkProductLine"
"350","4010.247239","SensorNetworkProductLine"
"351","3967.765208","SensorNetworkProductLine"
"352","3999.509113","SensorNetworkProductLine"
"353","3933.352499","SensorNetworkProductLine"
"354","4005.841874","SensorNetworkProductLine"
"355","3821.913591","SensorNetworkProductLine"
"356","3983.34078","SensorNetworkProductLine"
"357","3945.07604","SensorNetworkProductLine"
"358","4004.219166","SensorNetworkProductLine"
"359","4013.270832","SensorNetworkProductLine"
"360","4009.328436","SensorNetworkProductLine"
"361","3983.115363","SensorNetworkProductLine"
"362","4027.092862","SensorNetworkProductLine"
"363","4033.793905","SensorNetworkProductLine"
"364","3944.993123","SensorNetworkProductLine"
"365","4012.985206","SensorNetworkProductLine"
"366","3926.160676","SensorNetworkProductLine"
"367","4013.051612","SensorNetworkProductLine"
"368","3874.161666","SensorNetworkProductLine"
"369","4016.250936","SensorNetworkProductLine"
"370","3803.71406","SensorNetworkProductLine"
"371","3779.270884","SensorNetworkProductLine"
"372","4027.894893","SensorNetworkProductLine"
"373","3954.650832","SensorNetworkProductLine"
"374","4060.637292","SensorNetworkProductLine"
"375","4028.655154","SensorNetworkProductLine"
"376","4057.955884","SensorNetworkProductLine"
"377","4017.705832","SensorNetworkProductLine"
"378","4026.642343","SensorNetworkProductLine"
"379","3905.243436","SensorNetworkProductLine"
"380","3971.377914","SensorNetworkProductLine"
"381","3962.034895","SensorNetworkProductLine"
"382","3767.859634","SensorNetworkProductLine"
"383","3961.956405","SensorNetworkProductLine"
"384","3848.461769","SensorNetworkProductLine"
"385","4049.122707","SensorNetworkProductLine"
"386","3835.12927","SensorNetworkProductLine"
"387","3892.141039","SensorNetworkProductLine"
"388","3922.122499","SensorNetworkProductLine"
"389","3954.624008","SensorNetworkProductLine"
"390","3972.717133","SensorNetworkProductLine"
"391","4098.856715","SensorNetworkProductLine"
"392","4028.536666","SensorNetworkProductLine"
"393","4070.843383","SensorNetworkProductLine"
"394","4040.755622","SensorNetworkProductLine"
"395","3837.452447","SensorNetworkProductLine"
"396","3862.978695","SensorNetworkProductLine"
"397","4019.19328","SensorNetworkProductLine"
"398","3842.541561","SensorNetworkProductLine"
"399","3988.71552","SensorNetworkProductLine"
"400","3875.047602","SensorNetworkProductLine"
"401","4442.722916","StrategyMobileGame"
"402","4338.117238","StrategyMobileGame"
"403","4366.080831","StrategyMobileGame"
"404","4333.150103","StrategyMobileGame"
"405","4310.895207","StrategyMobileGame"
"406","4242.748645","StrategyMobileGame"
"407","4346.327238","StrategyMobileGame"
"408","4355.055988","StrategyMobileGame"
"409","4265.303228","StrategyMobileGame"
"410","4298.853382","StrategyMobileGame"
"411","4356.187864","StrategyMobileGame"
"412","4366.596093","StrategyMobileGame"
"413","4313.736612","StrategyMobileGame"
"414","4196.251769","StrategyMobileGame"
"415","4321.797499","StrategyMobileGame"
"416","4371.992394","StrategyMobileGame"
"417","4308.083593","StrategyMobileGame"
"418","4308.150832","StrategyMobileGame"
"419","4377.552342","StrategyMobileGame"
"420","4391.823071","StrategyMobileGame"
"421","4379.924634","StrategyMobileGame"
"422","4310.087654","StrategyMobileGame"
"423","4215.918071","StrategyMobileGame"
"424","4422.869739","StrategyMobileGame"
"425","4251.553956","StrategyMobileGame"
"426","4342.936978","StrategyMobileGame"
"427","4327.364635","StrategyMobileGame"
"428","4323.757706","StrategyMobileGame"
"429","4251.884685","StrategyMobileGame"
"430","4348.96953","StrategyMobileGame"
"431","4353.125936","StrategyMobileGame"
"432","4349.808383","StrategyMobileGame"
"433","4234.263698","StrategyMobileGame"
"434","4293.170259","StrategyMobileGame"
"435","4387.519217","StrategyMobileGame"
"436","4245.332292","StrategyMobileGame"
"437","4297.658957","StrategyMobileGame"
"438","4328.970259","StrategyMobileGame"
"439","4319.807967","StrategyMobileGame"
"440","4372.054945","StrategyMobileGame"
"441","4378.988539","StrategyMobileGame"
"442","4400.890781","StrategyMobileGame"
"443","4327.145936","StrategyMobileGame"
"444","4287.667914","StrategyMobileGame"
"445","4379.965727","StrategyMobileGame"
"446","4299.587291","StrategyMobileGame"
"447","4318.602499","StrategyMobileGame"
"448","4267.152915","StrategyMobileGame"
"449","4301.267029","StrategyMobileGame"
"450","4336.171248","StrategyMobileGame"
"451","4363.056144","StrategyMobileGame"
"452","4320.3213","StrategyMobileGame"
"453","4324.818905","StrategyMobileGame"
"454","4363.516562","StrategyMobileGame"
"455","4177.27177","StrategyMobileGame"
"456","4306.882394","StrategyMobileGame"
"457","4239.703489","StrategyMobileGame"
"458","4423.532239","StrategyMobileGame"
"459","4366.762028","StrategyMobileGame"
"460","4331.616716","StrategyMobileGame"
"461","4349.322082","StrategyMobileGame"
"462","4389.745727","StrategyMobileGame"
"463","4277.591665","StrategyMobileGame"
"464","4344.445675","StrategyMobileGame"
"465","4289.281353","StrategyMobileGame"
"466","4322.574062","StrategyMobileGame"
"467","4354.936614","StrategyMobileGame"
"468","4359.300936","StrategyMobileGame"
"469","4303.519477","StrategyMobileGame"
"470","4401.709217","StrategyMobileGame"
"471","4431.500467","StrategyMobileGame"
"472","4331.495986","StrategyMobileGame"
"473","4332.486719","StrategyMobileGame"
"474","4290.130519","StrategyMobileGame"
"475","4479.904635","StrategyMobileGame"
"476","4412.890727","StrategyMobileGame"
"477","4407.331301","StrategyMobileGame"
"478","4307.356249","StrategyMobileGame"
"479","4189.341352","StrategyMobileGame"
"480","4344.267395","StrategyMobileGame"
"481","4355.399738","StrategyMobileGame"
"482","4322.28302","StrategyMobileGame"
"483","4489.824373","StrategyMobileGame"
"484","4250.318123","StrategyMobileGame"
"485","4304.619425","StrategyMobileGame"
"486","4326.461613","StrategyMobileGame"
"487","4295.92979","StrategyMobileGame"
"488","4371.095154","StrategyMobileGame"
"489","4318.410051","StrategyMobileGame"
"490","4285.011301","StrategyMobileGame"
"491","4358.125155","StrategyMobileGame"
"492","4226.247863","StrategyMobileGame"
"493","4425.942238","StrategyMobileGame"
"494","4424.724894","StrategyMobileGame"
"495","4210.220937","StrategyMobileGame"
"496","4327.462967","StrategyMobileGame"
"497","4262.045363","StrategyMobileGame"
"498","4334.460883","StrategyMobileGame"
"499","4305.734217","StrategyMobileGame"
"500","4307.235675","StrategyMobileGame"
"501","4733.582862","TankWar"
"502","4590.587759","TankWar"
"503","4671.923957","TankWar"
"504","4686.709321","TankWar"
"505","4567.207237","TankWar"
"506","4560.712759","TankWar"
"507","4620.319008","TankWar"
"508","4657.34005","TankWar"
"509","4636.927394","TankWar"
"510","4611.117134","TankWar"
"511","4635.440103","TankWar"
"512","4504.697238","TankWar"
"513","4733.360154","TankWar"
"514","4740.563488","TankWar"
"515","4676.445831","TankWar"
"516","4680.050258","TankWar"
"517","4637.258176","TankWar"
"518","4635.074217","TankWar"
"519","4682.48729","TankWar"
"520","4736.9263","TankWar"
"521","4642.100779","TankWar"
"522","4658.201456","TankWar"
"523","4622.114008","TankWar"
"524","4734.329269","TankWar"
"525","4518.433489","TankWar"
"526","4651.544374","TankWar"
"527","4612.1038","TankWar"
"528","4665.68932","TankWar"
"529","4724.682915","TankWar"
"530","4601.380936","TankWar"
"531","4591.909217","TankWar"
"532","4617.687029","TankWar"
"533","4551.895988","TankWar"
"534","4669.607498","TankWar"
"535","4584.333227","TankWar"
"536","4534.030831","TankWar"
"537","4688.340103","TankWar"
"538","4679.777446","TankWar"
"539","4578.97505","TankWar"
"540","4704.602654","TankWar"
"541","4504.864113","TankWar"
"542","4700.588592","TankWar"
"543","4483.368956","TankWar"
"544","4570.900363","TankWar"
"545","4661.117446","TankWar"
"546","4640.040154","TankWar"
"547","4427.844738","TankWar"
"548","4655.770571","TankWar"
"549","4707.911509","TankWar"
"550","4628.455311","TankWar"
"551","4718.014165","TankWar"
"552","4498.508748","TankWar"
"553","4613.759321","TankWar"
"554","4649.841769","TankWar"
"555","4458.272967","TankWar"
"556","4675.545415","TankWar"
"557","4589.491925","TankWar"
"558","4587.449633","TankWar"
"559","4762.188331","TankWar"
"560","4596.085364","TankWar"
"561","4591.347967","TankWar"
"562","4715.56979","TankWar"
"563","4541.359478","TankWar"
"564","4654.523281","TankWar"
"565","4627.528541","TankWar"
"566","4633.891041","TankWar"
"567","4712.601821","TankWar"
"568","4492.784321","TankWar"
"569","4596.426196","TankWar"
"570","4698.465779","TankWar"
"571","4559.085051","TankWar"
"572","4745.614373","TankWar"
"573","4684.144685","TankWar"
"574","4649.081508","TankWar"
"575","4630.480623","TankWar"
"576","4571.917915","TankWar"
"577","4484.208332","TankWar"
"578","4556.241611","TankWar"
"579","4649.132342","TankWar"
"580","4560.015727","TankWar"
"581","4513.978018","TankWar"
"582","4722.377968","TankWar"
"583","4589.524894","TankWar"
"584","4543.23729","TankWar"
"585","4711.98427","TankWar"
"586","4687.196457","TankWar"
"587","4625.09104","TankWar"
"588","4707.294114","TankWar"
"589","4595.961143","TankWar"
"590","4648.641509","TankWar"
"591","4689.55578","TankWar"
"592","4606.899373","TankWar"
"593","4660.39505","TankWar"
"594","4642.900102","TankWar"
"595","4466.378281","TankWar"
"596","4705.648489","TankWar"
"597","4573.267029","TankWar"
"598","4549.203957","TankWar"
"599","4599.326196","TankWar"
"600","4546.780206","TankWar"
"601","5345.693696","MobileMedia2"
"602","5179.399842","MobileMedia2"
"603","5084.721511","MobileMedia2"
"604","5095.487185","MobileMedia2"
"605","5232.39005","MobileMedia2"
"606","5108.441039","MobileMedia2"
"607","5203.419738","MobileMedia2"
"608","5087.924946","MobileMedia2"
"609","5165.309529","MobileMedia2"
"610","5196.752185","MobileMedia2"
"611","5116.246717","MobileMedia2"
"612","5148.877082","MobileMedia2"
"613","5171.542862","MobileMedia2"
"614","5019.84031","MobileMedia2"
"615","5151.467966","MobileMedia2"
"616","4933.282342","MobileMedia2"
"617","5199.309112","MobileMedia2"
"618","5161.307966","MobileMedia2"
"619","5107.659217","MobileMedia2"
"620","5234.194685","MobileMedia2"
"621","5147.153959","MobileMedia2"
"622","5006.814998","MobileMedia2"
"623","5022.698487","MobileMedia2"
"624","5168.77281","MobileMedia2"
"625","5028.984425","MobileMedia2"
"626","5121.704268","MobileMedia2"
"627","5092.709946","MobileMedia2"
"628","5108.194894","MobileMedia2"
"629","5219.341977","MobileMedia2"
"630","5111.432863","MobileMedia2"
"631","5142.023852","MobileMedia2"
"632","5063.372392","MobileMedia2"
"633","5038.203748","MobileMedia2"
"634","5132.642863","MobileMedia2"
"635","5177.276716","MobileMedia2"
"636","5027.684478","MobileMedia2"
"637","5165.128957","MobileMedia2"
"638","5120.523592","MobileMedia2"
"639","5025.04078","MobileMedia2"
"640","5195.937446","MobileMedia2"
"641","4987.484581","MobileMedia2"
"642","5215.954894","MobileMedia2"
"643","5067.089425","MobileMedia2"
"644","5005.042863","MobileMedia2"
"645","5126.98781","MobileMedia2"
"646","5112.580467","MobileMedia2"
"647","5009.823123","MobileMedia2"
"648","5182.936873","MobileMedia2"
"649","5154.328332","MobileMedia2"
"650","5086.432446","MobileMedia2"
"651","5113.450884","MobileMedia2"
"652","5031.247498","MobileMedia2"
"653","5198.393956","MobileMedia2"
"654","5033.518644","MobileMedia2"
"655","5181.931873","MobileMedia2"
"656","5187.322238","MobileMedia2"
"657","5055.342342","MobileMedia2"
"658","5140.019581","MobileMedia2"
"659","5219.831665","MobileMedia2"
"660","5073.578801","MobileMedia2"
"661","5210.880831","MobileMedia2"
"662","5118.240364","MobileMedia2"
"663","5048.552081","MobileMedia2"
"664","5198.033435","MobileMedia2"
"665","5067.297706","MobileMedia2"
"666","5113.091614","MobileMedia2"
"667","5230.998227","MobileMedia2"
"668","4988.60406","MobileMedia2"
"669","5144.640988","MobileMedia2"
"670","5181.486144","MobileMedia2"
"671","5085.597917","MobileMedia2"
"672","5180.173019","MobileMedia2"
"673","5127.909842","MobileMedia2"
"674","5175.538904","MobileMedia2"
"675","5223.288071","MobileMedia2"
"676","5117.559737","MobileMedia2"
"677","5191.137185","MobileMedia2"
"678","5037.724321","MobileMedia2"
"679","5025.388227","MobileMedia2"
"680","5145.389895","MobileMedia2"
"681","4995.26906","MobileMedia2"
"682","5151.616248","MobileMedia2"
"683","5176.059998","MobileMedia2"
"684","5144.868852","MobileMedia2"
"685","5065.481615","MobileMedia2"
"686","5154.660102","MobileMedia2"
"687","5105.033175","MobileMedia2"
"688","5192.304115","MobileMedia2"
"689","5116.60354","MobileMedia2"
"690","5157.934686","MobileMedia2"
"691","5164.40479","MobileMedia2"
"692","5185.432447","MobileMedia2"
"693","5275.492289","MobileMedia2"
"694","5108.927342","MobileMedia2"
"695","5120.83307","MobileMedia2"
"696","5044.777655","MobileMedia2"
"697","5131.945102","MobileMedia2"
"698","5152.415466","MobileMedia2"
"699","5128.838644","MobileMedia2"
"700","5063.770675","MobileMedia2"
"701","5648.695154","MobileGuide"
"702","5618.429321","MobileGuide"
"703","5818.946611","MobileGuide"
"704","5615.690831","MobileGuide"
"705","5775.507446","MobileGuide"
"706","5582.603018","MobileGuide"
"707","5663.320311","MobileGuide"
"708","5598.809634","MobileGuide"
"709","5508.949582","MobileGuide"
"710","5686.194945","MobileGuide"
"711","5673.580519","MobileGuide"
"712","5648.932185","MobileGuide"
"713","5640.854113","MobileGuide"
"714","5583.827133","MobileGuide"
"715","5640.131404","MobileGuide"
"716","5598.33604","MobileGuide"
"717","5422.455831","MobileGuide"
"718","5728.6838","MobileGuide"
"719","5586.74281","MobileGuide"
"720","5538.626143","MobileGuide"
"721","5667.324789","MobileGuide"
"722","5644.239424","MobileGuide"
"723","5518.9963","MobileGuide"
"724","5652.79557","MobileGuide"
"725","5671.062236","MobileGuide"
"726","5654.799996","MobileGuide"
"727","5572.251716","MobileGuide"
"728","5490.239945","MobileGuide"
"729","5625.341456","MobileGuide"
"730","5666.015049","MobileGuide"
"731","5547.164946","MobileGuide"
"732","5627.676612","MobileGuide"
"733","5666.633175","MobileGuide"
"734","5558.116404","MobileGuide"
"735","5653.115519","MobileGuide"
"736","5619.350154","MobileGuide"
"737","5607.021299","MobileGuide"
"738","5690.687967","MobileGuide"
"739","5683.429008","MobileGuide"
"740","5635.785363","MobileGuide"
"741","5547.118696","MobileGuide"
"742","5704.735467","MobileGuide"
"743","5654.265571","MobileGuide"
"744","5603.775674","MobileGuide"
"745","5647.189268","MobileGuide"
"746","5607.468382","MobileGuide"
"747","5664.688435","MobileGuide"
"748","5588.018592","MobileGuide"
"749","5371.437967","MobileGuide"
"750","5592.210987","MobileGuide"
"751","5632.959946","MobileGuide"
"752","5477.043747","MobileGuide"
"753","5631.086247","MobileGuide"
"754","5649.608123","MobileGuide"
"755","5573.942758","MobileGuide"
"756","5671.875988","MobileGuide"
"757","5273.719269","MobileGuide"
"758","5599.807706","MobileGuide"
"759","5725.804009","MobileGuide"
"760","5610.082029","MobileGuide"
"761","5659.973332","MobileGuide"
"762","5635.898021","MobileGuide"
"763","5541.217029","MobileGuide"
"764","5709.119269","MobileGuide"
"765","5508.539217","MobileGuide"
"766","5637.126194","MobileGuide"
"767","5589.369946","MobileGuide"
"768","5640.051508","MobileGuide"
"769","5644.664477","MobileGuide"
"770","5523.580102","MobileGuide"
"771","5583.021247","MobileGuide"
"772","5663.07083","MobileGuide"
"773","5619.409789","MobileGuide"
"774","5672.000936","MobileGuide"
"775","5668.489582","MobileGuide"
"776","5521.836143","MobileGuide"
"777","5740.553748","MobileGuide"
"778","5666.278488","MobileGuide"
"779","5558.328123","MobileGuide"
"780","5613.667186","MobileGuide"
"781","5608.202602","MobileGuide"
"782","5802.020414","MobileGuide"
"783","5669.69281","MobileGuide"
"784","5587.31604","MobileGuide"
"785","5675.374267","MobileGuide"
"786","5538.792289","MobileGuide"
"787","5499.991352","MobileGuide"
"788","5685.694061","MobileGuide"
"789","5606.150728","MobileGuide"
"790","5601.785414","MobileGuide"
"791","5636.656508","MobileGuide"
"792","5544.038697","MobileGuide"
"793","5706.383592","MobileGuide"
"794","5549.728904","MobileGuide"
"795","5539.193017","MobileGuide"
"796","5757.101976","MobileGuide"
"797","5571.74932","MobileGuide"
"798","5656.210883","MobileGuide"
"799","5493.7038","MobileGuide"
"800","5544.415155","MobileGuide"
"801","54035.533469","SPLOT-3CNF-FM-500-50-1.00-SAT-1"
"802","55377.301437","SPLOT-3CNF-FM-500-50-1.00-SAT-1"
"803","55356.453","SPLOT-3CNF-FM-500-50-1.00-SAT-1"
"804","56185.938468","SPLOT-3CNF-FM-500-50-1.00-SAT-1"
"805","55254.157114","SPLOT-3CNF-FM-500-50-1.00-SAT-1"
"806","54627.98274","SPLOT-3CNF-FM-500-50-1.00-SAT-1"
"807","55653.059561","SPLOT-3CNF-FM-500-50-1.00-SAT-1"
"808","55292.915604","SPLOT-3CNF-FM-500-50-1.00-SAT-1"
"809","54876.326125","SPLOT-3CNF-FM-500-50-1.00-SAT-1"
"810","55921.300655","SPLOT-3CNF-FM-500-50-1.00-SAT-1"
"811","54772.902218","SPLOT-3CNF-FM-500-50-1.00-SAT-1"
"812","55746.84602","SPLOT-3CNF-FM-500-50-1.00-SAT-1"
"813","54897.505291","SPLOT-3CNF-FM-500-50-1.00-SAT-1"
"814","54840.3305","SPLOT-3CNF-FM-500-50-1.00-SAT-1"
"815","55866.390916","SPLOT-3CNF-FM-500-50-1.00-SAT-1"
"816","55610.882062","SPLOT-3CNF-FM-500-50-1.00-SAT-1"
"817","54559.403782","SPLOT-3CNF-FM-500-50-1.00-SAT-1"
"818","56364.964666","SPLOT-3CNF-FM-500-50-1.00-SAT-1"
"819","55903.949771","SPLOT-3CNF-FM-500-50-1.00-SAT-1"
"820","55946.752584","SPLOT-3CNF-FM-500-50-1.00-SAT-1"
"821","55167.543521","SPLOT-3CNF-FM-500-50-1.00-SAT-1"
"822","54703.099667","SPLOT-3CNF-FM-500-50-1.00-SAT-1"
"823","55706.381438","SPLOT-3CNF-FM-500-50-1.00-SAT-1"
"824","55326.372268","SPLOT-3CNF-FM-500-50-1.00-SAT-1"
"825","54376.434146","SPLOT-3CNF-FM-500-50-1.00-SAT-1"
"826","56433.428364","SPLOT-3CNF-FM-500-50-1.00-SAT-1"
"827","54742.308","SPLOT-3CNF-FM-500-50-1.00-SAT-1"
"828","55395.958572","SPLOT-3CNF-FM-500-50-1.00-SAT-1"
"829","55075.756073","SPLOT-3CNF-FM-500-50-1.00-SAT-1"
"830","54492.669251","SPLOT-3CNF-FM-500-50-1.00-SAT-1"
"831","56042.702583","SPLOT-3CNF-FM-500-50-1.00-SAT-1"
"832","55879.634927","SPLOT-3CNF-FM-500-50-1.00-SAT-1"
"833","56235.398051","SPLOT-3CNF-FM-500-50-1.00-SAT-1"
"834","56044.360084","SPLOT-3CNF-FM-500-50-1.00-SAT-1"
"835","55341.460656","SPLOT-3CNF-FM-500-50-1.00-SAT-1"
"836","55322.923365","SPLOT-3CNF-FM-500-50-1.00-SAT-1"
"837","55768.371541","SPLOT-3CNF-FM-500-50-1.00-SAT-1"
"838","54843.614927","SPLOT-3CNF-FM-500-50-1.00-SAT-1"
"839","55633.852999","SPLOT-3CNF-FM-500-50-1.00-SAT-1"
"840","55678.854354","SPLOT-3CNF-FM-500-50-1.00-SAT-1"
"841","55505.05003","SPLOT-3CNF-FM-500-50-1.00-SAT-1"
"842","55384.879042","SPLOT-3CNF-FM-500-50-1.00-SAT-1"
"843","55110.203156","SPLOT-3CNF-FM-500-50-1.00-SAT-1"
"844","54876.313988","SPLOT-3CNF-FM-500-50-1.00-SAT-1"
"845","55558.317844","SPLOT-3CNF-FM-500-50-1.00-SAT-1"
"846","54402.852375","SPLOT-3CNF-FM-500-50-1.00-SAT-1"
"847","55604.879979","SPLOT-3CNF-FM-500-50-1.00-SAT-1"
"848","55263.108832","SPLOT-3CNF-FM-500-50-1.00-SAT-1"
"849","54845.592115","SPLOT-3CNF-FM-500-50-1.00-SAT-1"
"850","55889.457271","SPLOT-3CNF-FM-500-50-1.00-SAT-1"
"851","55182.984614","SPLOT-3CNF-FM-500-50-1.00-SAT-1"
"852","56270.014562","SPLOT-3CNF-FM-500-50-1.00-SAT-1"
"853","55736.108625","SPLOT-3CNF-FM-500-50-1.00-SAT-1"
"854","55003.043417","SPLOT-3CNF-FM-500-50-1.00-SAT-1"
"855","55489.203052","SPLOT-3CNF-FM-500-50-1.00-SAT-1"
"856","56077.625344","SPLOT-3CNF-FM-500-50-1.00-SAT-1"
"857","54114.107428","SPLOT-3CNF-FM-500-50-1.00-SAT-1"
"858","55984.820915","SPLOT-3CNF-FM-500-50-1.00-SAT-1"
"859","55691.274979","SPLOT-3CNF-FM-500-50-1.00-SAT-1"
"860","55213.693469","SPLOT-3CNF-FM-500-50-1.00-SAT-1"
"861","55933.586855","SPLOT-3CNF-FM-500-50-1.00-SAT-1"
"862","54980.268208","SPLOT-3CNF-FM-500-50-1.00-SAT-1"
"863","55807.944927","SPLOT-3CNF-FM-500-50-1.00-SAT-1"
"864","56316.902062","SPLOT-3CNF-FM-500-50-1.00-SAT-1"
"865","55083.89451","SPLOT-3CNF-FM-500-50-1.00-SAT-1"
"866","56162.892844","SPLOT-3CNF-FM-500-50-1.00-SAT-1"
"867","55396.514354","SPLOT-3CNF-FM-500-50-1.00-SAT-1"
"868","54925.66175","SPLOT-3CNF-FM-500-50-1.00-SAT-1"
"869","55687.037323","SPLOT-3CNF-FM-500-50-1.00-SAT-1"
"870","54979.232739","SPLOT-3CNF-FM-500-50-1.00-SAT-1"
"871","56602.393989","SPLOT-3CNF-FM-500-50-1.00-SAT-1"
"872","55896.208833","SPLOT-3CNF-FM-500-50-1.00-SAT-1"
"873","55649.791489","SPLOT-3CNF-FM-500-50-1.00-SAT-1"
"874","55279.2955","SPLOT-3CNF-FM-500-50-1.00-SAT-1"
"875","55743.929718","SPLOT-3CNF-FM-500-50-1.00-SAT-1"
"876","54433.247324","SPLOT-3CNF-FM-500-50-1.00-SAT-1"
"877","56012.21878","SPLOT-3CNF-FM-500-50-1.00-SAT-1"
"878","55199.680916","SPLOT-3CNF-FM-500-50-1.00-SAT-1"
"879","55064.921177","SPLOT-3CNF-FM-500-50-1.00-SAT-1"
"880","55291.144719","SPLOT-3CNF-FM-500-50-1.00-SAT-1"
"881","54976.854927","SPLOT-3CNF-FM-500-50-1.00-SAT-1"
"882","55504.485344","SPLOT-3CNF-FM-500-50-1.00-SAT-1"
"883","55279.530084","SPLOT-3CNF-FM-500-50-1.00-SAT-1"
"884","55033.653312","SPLOT-3CNF-FM-500-50-1.00-SAT-1"
"885","55499.564666","SPLOT-3CNF-FM-500-50-1.00-SAT-1"
"886","55377.32649","SPLOT-3CNF-FM-500-50-1.00-SAT-1"
"887","55375.513833","SPLOT-3CNF-FM-500-50-1.00-SAT-1"
"888","56092.744876","SPLOT-3CNF-FM-500-50-1.00-SAT-1"
"889","54673.710656","SPLOT-3CNF-FM-500-50-1.00-SAT-1"
"890","56330.354562","SPLOT-3CNF-FM-500-50-1.00-SAT-1"
"891","55914.687217","SPLOT-3CNF-FM-500-50-1.00-SAT-1"
"892","55139.527271","SPLOT-3CNF-FM-500-50-1.00-SAT-1"
"893","56260.51628","SPLOT-3CNF-FM-500-50-1.00-SAT-1"
"894","54992.460239","SPLOT-3CNF-FM-500-50-1.00-SAT-1"
"895","54919.882843","SPLOT-3CNF-FM-500-50-1.00-SAT-1"
"896","55458.748833","SPLOT-3CNF-FM-500-50-1.00-SAT-1"
"897","55042.512374","SPLOT-3CNF-FM-500-50-1.00-SAT-1"
"898","55554.314146","SPLOT-3CNF-FM-500-50-1.00-SAT-1"
"899","55250.077427","SPLOT-3CNF-FM-500-50-1.00-SAT-1"
"900","53910.801802","SPLOT-3CNF-FM-500-50-1.00-SAT-1"
