"","TIME","ALTERNATIVE"
"1","723.914747","x264ProductLine"
"2","124.554258","x264ProductLine"
"3","125.062108","x264ProductLine"
"4","120.25469","x264ProductLine"
"5","125.641986","x264ProductLine"
"6","129.03722","x264ProductLine"
"7","132.255703","x264ProductLine"
"8","125.956028","x264ProductLine"
"9","130.484639","x264ProductLine"
"10","137.49197","x264ProductLine"
"11","129.487169","x264ProductLine"
"12","128.333876","x264ProductLine"
"13","123.162734","x264ProductLine"
"14","136.427411","x264ProductLine"
"15","131.794937","x264ProductLine"
"16","148.417428","x264ProductLine"
"17","123.866185","x264ProductLine"
"18","131.899743","x264ProductLine"
"19","137.093759","x264ProductLine"
"20","129.020049","x264ProductLine"
"21","135.944386","x264ProductLine"
"22","135.296712","x264ProductLine"
"23","127.719313","x264ProductLine"
"24","126.30794","x264ProductLine"
"25","136.583729","x264ProductLine"
"26","138.725943","x264ProductLine"
"27","123.598553","x264ProductLine"
"28","135.438429","x264ProductLine"
"29","134.582871","x264ProductLine"
"30","141.308815","x264ProductLine"
"31","121.723615","x264ProductLine"
"32","133.26123","x264ProductLine"
"33","133.392456","x264ProductLine"
"34","136.750513","x264ProductLine"
"35","132.017622","x264ProductLine"
"36","132.048163","x264ProductLine"
"37","130.247914","x264ProductLine"
"38","135.43425","x264ProductLine"
"39","127.917347","x264ProductLine"
"40","127.651677","x264ProductLine"
"41","135.028792","x264ProductLine"
"42","116.713426","x264ProductLine"
"43","129.319284","x264ProductLine"
"44","132.705214","x264ProductLine"
"45","129.186847","x264ProductLine"
"46","129.217082","x264ProductLine"
"47","131.261353","x264ProductLine"
"48","125.815637","x264ProductLine"
"49","137.926048","x264ProductLine"
"50","131.630708","x264ProductLine"
"51","124.039063","x264ProductLine"
"52","113.539595","x264ProductLine"
"53","131.727551","x264ProductLine"
"54","133.012798","x264ProductLine"
"55","147.003073","x264ProductLine"
"56","124.494031","x264ProductLine"
"57","122.082101","x264ProductLine"
"58","118.683518","x264ProductLine"
"59","132.183333","x264ProductLine"
"60","126.70083","x264ProductLine"
"61","113.923225","x264ProductLine"
"62","118.087733","x264ProductLine"
"63","130.334775","x264ProductLine"
"64","121.031224","x264ProductLine"
"65","195.342611","x264ProductLine"
"66","113.2014","x264ProductLine"
"67","143.649335","x264ProductLine"
"68","132.370456","x264ProductLine"
"69","122.187041","x264ProductLine"
"70","113.006521","x264ProductLine"
"71","123.595573","x264ProductLine"
"72","117.964543","x264ProductLine"
"73","694.531014","x264ProductLine"
"74","113.283414","x264ProductLine"
"75","131.367555","x264ProductLine"
"76","118.75851","x264ProductLine"
"77","381.73388","x264ProductLine"
"78","122.785229","x264ProductLine"
"79","127.28228","x264ProductLine"
"80","114.525677","x264ProductLine"
"81","122.4034","x264ProductLine"
"82","116.060074","x264ProductLine"
"83","111.581627","x264ProductLine"
"84","123.955367","x264ProductLine"
"85","120.547865","x264ProductLine"
"86","127.2422","x264ProductLine"
"87","126.590455","x264ProductLine"
"88","120.225107","x264ProductLine"
"89","122.882821","x264ProductLine"
"90","117.689463","x264ProductLine"
"91","132.240836","x264ProductLine"
"92","115.491537","x264ProductLine"
"93","128.617686","x264ProductLine"
"94","135.15937","x264ProductLine"
"95","116.919296","x264ProductLine"
"96","125.864335","x264ProductLine"
"97","128.4729","x264ProductLine"
"98","128.226696","x264ProductLine"
"99","129.048764","x264ProductLine"
"100","129.329453","x264ProductLine"
"101","117.877554","WgetProductLine"
"102","111.553367","WgetProductLine"
"103","123.365085","WgetProductLine"
"104","110.019318","WgetProductLine"
"105","110.5572","WgetProductLine"
"106","110.762166","WgetProductLine"
"107","117.809666","WgetProductLine"
"108","112.935952","WgetProductLine"
"109","110.655893","WgetProductLine"
"110","124.687334","WgetProductLine"
"111","104.901009","WgetProductLine"
"112","110.031642","WgetProductLine"
"113","116.673609","WgetProductLine"
"114","121.995017","WgetProductLine"
"115","114.528041","WgetProductLine"
"116","127.623681","WgetProductLine"
"117","133.22094","WgetProductLine"
"118","125.969918","WgetProductLine"
"119","137.884005","WgetProductLine"
"120","112.92779","WgetProductLine"
"121","113.167156","WgetProductLine"
"122","127.13993","WgetProductLine"
"123","119.60732","WgetProductLine"
"124","123.649637","WgetProductLine"
"125","116.857026","WgetProductLine"
"126","116.789305","WgetProductLine"
"127","114.038556","WgetProductLine"
"128","120.370991","WgetProductLine"
"129","126.299997","WgetProductLine"
"130","110.452609","WgetProductLine"
"131","119.395914","WgetProductLine"
"132","111.55297","WgetProductLine"
"133","123.06013","WgetProductLine"
"134","109.892026","WgetProductLine"
"135","179.932752","WgetProductLine"
"136","119.637615","WgetProductLine"
"137","114.770123","WgetProductLine"
"138","111.875319","WgetProductLine"
"139","112.220586","WgetProductLine"
"140","111.131994","WgetProductLine"
"141","115.380329","WgetProductLine"
"142","117.773735","WgetProductLine"
"143","112.656323","WgetProductLine"
"144","121.969944","WgetProductLine"
"145","121.8698","WgetProductLine"
"146","112.076495","WgetProductLine"
"147","115.639567","WgetProductLine"
"148","117.328145","WgetProductLine"
"149","113.667884","WgetProductLine"
"150","106.844869","WgetProductLine"
"151","107.142394","WgetProductLine"
"152","110.663756","WgetProductLine"
"153","118.944422","WgetProductLine"
"154","114.81519","WgetProductLine"
"155","110.262911","WgetProductLine"
"156","122.700535","WgetProductLine"
"157","115.483371","WgetProductLine"
"158","121.456387","WgetProductLine"
"159","109.567671","WgetProductLine"
"160","117.81106","WgetProductLine"
"161","124.177774","WgetProductLine"
"162","122.15442","WgetProductLine"
"163","120.721002","WgetProductLine"
"164","111.079369","WgetProductLine"
"165","106.516462","WgetProductLine"
"166","109.77915","WgetProductLine"
"167","111.43813","WgetProductLine"
"168","117.981682","WgetProductLine"
"169","114.82962","WgetProductLine"
"170","114.819919","WgetProductLine"
"171","115.79281","WgetProductLine"
"172","110.909305","WgetProductLine"
"173","108.134803","WgetProductLine"
"174","109.655595","WgetProductLine"
"175","111.085958","WgetProductLine"
"176","109.135561","WgetProductLine"
"177","360.208781","WgetProductLine"
"178","119.023786","WgetProductLine"
"179","123.646584","WgetProductLine"
"180","111.684452","WgetProductLine"
"181","127.087798","WgetProductLine"
"182","117.486164","WgetProductLine"
"183","124.312417","WgetProductLine"
"184","129.476612","WgetProductLine"
"185","113.079221","WgetProductLine"
"186","109.777296","WgetProductLine"
"187","110.958571","WgetProductLine"
"188","123.830706","WgetProductLine"
"189","110.825461","WgetProductLine"
"190","112.838792","WgetProductLine"
"191","111.483278","WgetProductLine"
"192","109.842933","WgetProductLine"
"193","115.124256","WgetProductLine"
"194","117.094191","WgetProductLine"
"195","130.286417","WgetProductLine"
"196","113.336169","WgetProductLine"
"197","107.285348","WgetProductLine"
"198","111.295953","WgetProductLine"
"199","121.49263","WgetProductLine"
"200","129.407621","WgetProductLine"
"201","120.934058","BerkeleyDBMemoryversionProductLine"
"202","120.210657","BerkeleyDBMemoryversionProductLine"
"203","135.05131","BerkeleyDBMemoryversionProductLine"
"204","123.925188","BerkeleyDBMemoryversionProductLine"
"205","116.287158","BerkeleyDBMemoryversionProductLine"
"206","123.842602","BerkeleyDBMemoryversionProductLine"
"207","124.166984","BerkeleyDBMemoryversionProductLine"
"208","117.59483","BerkeleyDBMemoryversionProductLine"
"209","118.520667","BerkeleyDBMemoryversionProductLine"
"210","122.909331","BerkeleyDBMemoryversionProductLine"
"211","116.719921","BerkeleyDBMemoryversionProductLine"
"212","117.046773","BerkeleyDBMemoryversionProductLine"
"213","115.055455","BerkeleyDBMemoryversionProductLine"
"214","133.883706","BerkeleyDBMemoryversionProductLine"
"215","121.821608","BerkeleyDBMemoryversionProductLine"
"216","125.473137","BerkeleyDBMemoryversionProductLine"
"217","143.555865","BerkeleyDBMemoryversionProductLine"
"218","400.247266","BerkeleyDBMemoryversionProductLine"
"219","127.478508","BerkeleyDBMemoryversionProductLine"
"220","117.419123","BerkeleyDBMemoryversionProductLine"
"221","120.466768","BerkeleyDBMemoryversionProductLine"
"222","118.775699","BerkeleyDBMemoryversionProductLine"
"223","115.992995","BerkeleyDBMemoryversionProductLine"
"224","117.310431","BerkeleyDBMemoryversionProductLine"
"225","115.075604","BerkeleyDBMemoryversionProductLine"
"226","121.812656","BerkeleyDBMemoryversionProductLine"
"227","122.549845","BerkeleyDBMemoryversionProductLine"
"228","123.999616","BerkeleyDBMemoryversionProductLine"
"229","117.615381","BerkeleyDBMemoryversionProductLine"
"230","117.771722","BerkeleyDBMemoryversionProductLine"
"231","128.562884","BerkeleyDBMemoryversionProductLine"
"232","143.317037","BerkeleyDBMemoryversionProductLine"
"233","120.934414","BerkeleyDBMemoryversionProductLine"
"234","115.539424","BerkeleyDBMemoryversionProductLine"
"235","124.533544","BerkeleyDBMemoryversionProductLine"
"236","131.631656","BerkeleyDBMemoryversionProductLine"
"237","119.339955","BerkeleyDBMemoryversionProductLine"
"238","126.465045","BerkeleyDBMemoryversionProductLine"
"239","137.45625","BerkeleyDBMemoryversionProductLine"
"240","115.46212","BerkeleyDBMemoryversionProductLine"
"241","118.89967","BerkeleyDBMemoryversionProductLine"
"242","117.437208","BerkeleyDBMemoryversionProductLine"
"243","119.066433","BerkeleyDBMemoryversionProductLine"
"244","121.817667","BerkeleyDBMemoryversionProductLine"
"245","137.014635","BerkeleyDBMemoryversionProductLine"
"246","114.771772","BerkeleyDBMemoryversionProductLine"
"247","136.117765","BerkeleyDBMemoryversionProductLine"
"248","117.343015","BerkeleyDBMemoryversionProductLine"
"249","138.586898","BerkeleyDBMemoryversionProductLine"
"250","118.247443","BerkeleyDBMemoryversionProductLine"
"251","118.979645","BerkeleyDBMemoryversionProductLine"
"252","133.895681","BerkeleyDBMemoryversionProductLine"
"253","133.124458","BerkeleyDBMemoryversionProductLine"
"254","125.603943","BerkeleyDBMemoryversionProductLine"
"255","122.457861","BerkeleyDBMemoryversionProductLine"
"256","124.355287","BerkeleyDBMemoryversionProductLine"
"257","120.657667","BerkeleyDBMemoryversionProductLine"
"258","113.934949","BerkeleyDBMemoryversionProductLine"
"259","118.860056","BerkeleyDBMemoryversionProductLine"
"260","124.622743","BerkeleyDBMemoryversionProductLine"
"261","125.520003","BerkeleyDBMemoryversionProductLine"
"262","115.881955","BerkeleyDBMemoryversionProductLine"
"263","120.603856","BerkeleyDBMemoryversionProductLine"
"264","117.642141","BerkeleyDBMemoryversionProductLine"
"265","117.76864","BerkeleyDBMemoryversionProductLine"
"266","114.03235","BerkeleyDBMemoryversionProductLine"
"267","135.442937","BerkeleyDBMemoryversionProductLine"
"268","118.014701","BerkeleyDBMemoryversionProductLine"
"269","167.416345","BerkeleyDBMemoryversionProductLine"
"270","124.531093","BerkeleyDBMemoryversionProductLine"
"271","116.610931","BerkeleyDBMemoryversionProductLine"
"272","145.557863","BerkeleyDBMemoryversionProductLine"
"273","140.686254","BerkeleyDBMemoryversionProductLine"
"274","118.195268","BerkeleyDBMemoryversionProductLine"
"275","118.839299","BerkeleyDBMemoryversionProductLine"
"276","126.42765","BerkeleyDBMemoryversionProductLine"
"277","120.279951","BerkeleyDBMemoryversionProductLine"
"278","119.938336","BerkeleyDBMemoryversionProductLine"
"279","122.788235","BerkeleyDBMemoryversionProductLine"
"280","114.493027","BerkeleyDBMemoryversionProductLine"
"281","138.104407","BerkeleyDBMemoryversionProductLine"
"282","125.763562","BerkeleyDBMemoryversionProductLine"
"283","115.343748","BerkeleyDBMemoryversionProductLine"
"284","114.021537","BerkeleyDBMemoryversionProductLine"
"285","122.33822","BerkeleyDBMemoryversionProductLine"
"286","114.214834","BerkeleyDBMemoryversionProductLine"
"287","113.248914","BerkeleyDBMemoryversionProductLine"
"288","115.988883","BerkeleyDBMemoryversionProductLine"
"289","115.570868","BerkeleyDBMemoryversionProductLine"
"290","111.975632","BerkeleyDBMemoryversionProductLine"
"291","130.184498","BerkeleyDBMemoryversionProductLine"
"292","117.268366","BerkeleyDBMemoryversionProductLine"
"293","116.662901","BerkeleyDBMemoryversionProductLine"
"294","114.383057","BerkeleyDBMemoryversionProductLine"
"295","116.149122","BerkeleyDBMemoryversionProductLine"
"296","118.730464","BerkeleyDBMemoryversionProductLine"
"297","114.101047","BerkeleyDBMemoryversionProductLine"
"298","117.68083","BerkeleyDBMemoryversionProductLine"
"299","116.852016","BerkeleyDBMemoryversionProductLine"
"300","136.555268","BerkeleyDBMemoryversionProductLine"
"301","133.129529","SensorNetworkProductLine"
"302","151.273115","SensorNetworkProductLine"
"303","136.106026","SensorNetworkProductLine"
"304","173.081521","SensorNetworkProductLine"
"305","135.316522","SensorNetworkProductLine"
"306","164.338013","SensorNetworkProductLine"
"307","132.897692","SensorNetworkProductLine"
"308","132.280799","SensorNetworkProductLine"
"309","136.645432","SensorNetworkProductLine"
"310","139.12412","SensorNetworkProductLine"
"311","141.105274","SensorNetworkProductLine"
"312","154.63424","SensorNetworkProductLine"
"313","142.895731","SensorNetworkProductLine"
"314","151.978125","SensorNetworkProductLine"
"315","141.455349","SensorNetworkProductLine"
"316","150.027228","SensorNetworkProductLine"
"317","154.153207","SensorNetworkProductLine"
"318","159.770563","SensorNetworkProductLine"
"319","164.499037","SensorNetworkProductLine"
"320","136.221156","SensorNetworkProductLine"
"321","143.422742","SensorNetworkProductLine"
"322","147.584663","SensorNetworkProductLine"
"323","138.31254","SensorNetworkProductLine"
"324","143.569526","SensorNetworkProductLine"
"325","153.937719","SensorNetworkProductLine"
"326","143.767004","SensorNetworkProductLine"
"327","134.328309","SensorNetworkProductLine"
"328","138.982667","SensorNetworkProductLine"
"329","139.494385","SensorNetworkProductLine"
"330","133.506188","SensorNetworkProductLine"
"331","160.395069","SensorNetworkProductLine"
"332","146.589964","SensorNetworkProductLine"
"333","157.850561","SensorNetworkProductLine"
"334","141.710898","SensorNetworkProductLine"
"335","141.943459","SensorNetworkProductLine"
"336","132.935348","SensorNetworkProductLine"
"337","148.903334","SensorNetworkProductLine"
"338","137.898475","SensorNetworkProductLine"
"339","133.706533","SensorNetworkProductLine"
"340","153.869479","SensorNetworkProductLine"
"341","130.844115","SensorNetworkProductLine"
"342","147.028875","SensorNetworkProductLine"
"343","129.812749","SensorNetworkProductLine"
"344","133.238137","SensorNetworkProductLine"
"345","149.055286","SensorNetworkProductLine"
"346","139.53948","SensorNetworkProductLine"
"347","140.192156","SensorNetworkProductLine"
"348","131.88668","SensorNetworkProductLine"
"349","141.075592","SensorNetworkProductLine"
"350","138.269604","SensorNetworkProductLine"
"351","157.113021","SensorNetworkProductLine"
"352","143.701094","SensorNetworkProductLine"
"353","139.958915","SensorNetworkProductLine"
"354","134.483956","SensorNetworkProductLine"
"355","134.104182","SensorNetworkProductLine"
"356","134.670775","SensorNetworkProductLine"
"357","139.2389","SensorNetworkProductLine"
"358","141.821137","SensorNetworkProductLine"
"359","148.738144","SensorNetworkProductLine"
"360","162.308553","SensorNetworkProductLine"
"361","133.84783","SensorNetworkProductLine"
"362","133.615666","SensorNetworkProductLine"
"363","139.06488","SensorNetworkProductLine"
"364","145.163629","SensorNetworkProductLine"
"365","145.519417","SensorNetworkProductLine"
"366","144.186064","SensorNetworkProductLine"
"367","150.069455","SensorNetworkProductLine"
"368","137.855395","SensorNetworkProductLine"
"369","144.418255","SensorNetworkProductLine"
"370","136.079433","SensorNetworkProductLine"
"371","138.812331","SensorNetworkProductLine"
"372","142.067593","SensorNetworkProductLine"
"373","150.265501","SensorNetworkProductLine"
"374","137.161646","SensorNetworkProductLine"
"375","135.10496","SensorNetworkProductLine"
"376","135.952715","SensorNetworkProductLine"
"377","136.165362","SensorNetworkProductLine"
"378","132.59487","SensorNetworkProductLine"
"379","149.057141","SensorNetworkProductLine"
"380","137.446051","SensorNetworkProductLine"
"381","148.898259","SensorNetworkProductLine"
"382","137.524273","SensorNetworkProductLine"
"383","134.046926","SensorNetworkProductLine"
"384","140.483102","SensorNetworkProductLine"
"385","137.248181","SensorNetworkProductLine"
"386","134.729055","SensorNetworkProductLine"
"387","135.721564","SensorNetworkProductLine"
"388","139.447505","SensorNetworkProductLine"
"389","132.8779","SensorNetworkProductLine"
"390","138.565045","SensorNetworkProductLine"
"391","745.572963","SensorNetworkProductLine"
"392","140.169345","SensorNetworkProductLine"
"393","132.365243","SensorNetworkProductLine"
"394","140.28821","SensorNetworkProductLine"
"395","135.366723","SensorNetworkProductLine"
"396","136.590672","SensorNetworkProductLine"
"397","130.581112","SensorNetworkProductLine"
"398","139.418624","SensorNetworkProductLine"
"399","139.024183","SensorNetworkProductLine"
"400","143.556759","SensorNetworkProductLine"
"401","160.075789","StrategyMobileGame"
"402","173.460131","StrategyMobileGame"
"403","158.709292","StrategyMobileGame"
"404","157.836291","StrategyMobileGame"
"405","155.695761","StrategyMobileGame"
"406","150.62308","StrategyMobileGame"
"407","153.08023","StrategyMobileGame"
"408","153.954261","StrategyMobileGame"
"409","154.780479","StrategyMobileGame"
"410","150.229901","StrategyMobileGame"
"411","159.743341","StrategyMobileGame"
"412","154.610448","StrategyMobileGame"
"413","182.136268","StrategyMobileGame"
"414","180.125263","StrategyMobileGame"
"415","202.192919","StrategyMobileGame"
"416","169.076741","StrategyMobileGame"
"417","197.463273","StrategyMobileGame"
"418","207.064732","StrategyMobileGame"
"419","191.207958","StrategyMobileGame"
"420","151.025074","StrategyMobileGame"
"421","149.24608","StrategyMobileGame"
"422","181.895323","StrategyMobileGame"
"423","163.409724","StrategyMobileGame"
"424","158.159982","StrategyMobileGame"
"425","154.391182","StrategyMobileGame"
"426","160.083862","StrategyMobileGame"
"427","153.565232","StrategyMobileGame"
"428","157.814018","StrategyMobileGame"
"429","180.061202","StrategyMobileGame"
"430","157.990814","StrategyMobileGame"
"431","166.049979","StrategyMobileGame"
"432","166.867029","StrategyMobileGame"
"433","163.367685","StrategyMobileGame"
"434","164.257317","StrategyMobileGame"
"435","163.068626","StrategyMobileGame"
"436","168.590658","StrategyMobileGame"
"437","170.535617","StrategyMobileGame"
"438","149.925989","StrategyMobileGame"
"439","174.618993","StrategyMobileGame"
"440","149.781714","StrategyMobileGame"
"441","154.398945","StrategyMobileGame"
"442","151.701801","StrategyMobileGame"
"443","164.868495","StrategyMobileGame"
"444","150.809394","StrategyMobileGame"
"445","154.460078","StrategyMobileGame"
"446","151.105961","StrategyMobileGame"
"447","158.087258","StrategyMobileGame"
"448","150.218743","StrategyMobileGame"
"449","162.983334","StrategyMobileGame"
"450","160.82243","StrategyMobileGame"
"451","166.46172","StrategyMobileGame"
"452","171.247752","StrategyMobileGame"
"453","154.205586","StrategyMobileGame"
"454","162.160176","StrategyMobileGame"
"455","152.405108","StrategyMobileGame"
"456","187.622033","StrategyMobileGame"
"457","159.117436","StrategyMobileGame"
"458","153.96565","StrategyMobileGame"
"459","163.499236","StrategyMobileGame"
"460","162.967952","StrategyMobileGame"
"461","151.621165","StrategyMobileGame"
"462","152.004393","StrategyMobileGame"
"463","192.929205","StrategyMobileGame"
"464","161.000326","StrategyMobileGame"
"465","160.790176","StrategyMobileGame"
"466","167.987963","StrategyMobileGame"
"467","164.596261","StrategyMobileGame"
"468","174.928122","StrategyMobileGame"
"469","187.251502","StrategyMobileGame"
"470","148.771382","StrategyMobileGame"
"471","152.104386","StrategyMobileGame"
"472","168.695121","StrategyMobileGame"
"473","152.964869","StrategyMobileGame"
"474","152.401146","StrategyMobileGame"
"475","167.372252","StrategyMobileGame"
"476","158.365625","StrategyMobileGame"
"477","164.979952","StrategyMobileGame"
"478","156.289923","StrategyMobileGame"
"479","161.839131","StrategyMobileGame"
"480","152.004783","StrategyMobileGame"
"481","157.71186","StrategyMobileGame"
"482","157.014235","StrategyMobileGame"
"483","153.625897","StrategyMobileGame"
"484","158.778882","StrategyMobileGame"
"485","163.021769","StrategyMobileGame"
"486","149.740876","StrategyMobileGame"
"487","162.568188","StrategyMobileGame"
"488","158.740017","StrategyMobileGame"
"489","155.610807","StrategyMobileGame"
"490","149.175328","StrategyMobileGame"
"491","358.294272","StrategyMobileGame"
"492","158.929161","StrategyMobileGame"
"493","148.020081","StrategyMobileGame"
"494","160.59152","StrategyMobileGame"
"495","166.224274","StrategyMobileGame"
"496","155.628021","StrategyMobileGame"
"497","156.503444","StrategyMobileGame"
"498","173.471502","StrategyMobileGame"
"499","152.990924","StrategyMobileGame"
"500","177.322745","StrategyMobileGame"
"501","172.367977","TankWar"
"502","172.95663","TankWar"
"503","167.222562","TankWar"
"504","325.507866","TankWar"
"505","157.006779","TankWar"
"506","164.738268","TankWar"
"507","166.144299","TankWar"
"508","174.105048","TankWar"
"509","170.759373","TankWar"
"510","161.266785","TankWar"
"511","168.720067","TankWar"
"512","156.808096","TankWar"
"513","163.286948","TankWar"
"514","190.617296","TankWar"
"515","194.825611","TankWar"
"516","171.035299","TankWar"
"517","212.867912","TankWar"
"518","181.588386","TankWar"
"519","192.649687","TankWar"
"520","167.887185","TankWar"
"521","164.444397","TankWar"
"522","161.892378","TankWar"
"523","162.770963","TankWar"
"524","162.677259","TankWar"
"525","178.02793","TankWar"
"526","167.155995","TankWar"
"527","157.817344","TankWar"
"528","165.0451","TankWar"
"529","175.540529","TankWar"
"530","165.038588","TankWar"
"531","179.192199","TankWar"
"532","162.245333","TankWar"
"533","165.787054","TankWar"
"534","164.492101","TankWar"
"535","165.019871","TankWar"
"536","156.090414","TankWar"
"537","156.97618","TankWar"
"538","177.502246","TankWar"
"539","161.455316","TankWar"
"540","168.006657","TankWar"
"541","156.754383","TankWar"
"542","165.392955","TankWar"
"543","159.503184","TankWar"
"544","157.678714","TankWar"
"545","165.920756","TankWar"
"546","163.693423","TankWar"
"547","167.097829","TankWar"
"548","169.757116","TankWar"
"549","164.567285","TankWar"
"550","167.454525","TankWar"
"551","165.55334","TankWar"
"552","176.1539","TankWar"
"553","174.15231","TankWar"
"554","158.769529","TankWar"
"555","201.480064","TankWar"
"556","223.365851","TankWar"
"557","161.777074","TankWar"
"558","167.820905","TankWar"
"559","166.956073","TankWar"
"560","164.127784","TankWar"
"561","166.840768","TankWar"
"562","156.578547","TankWar"
"563","183.845074","TankWar"
"564","180.967607","TankWar"
"565","155.475969","TankWar"
"566","161.24348","TankWar"
"567","182.051091","TankWar"
"568","158.993671","TankWar"
"569","164.070072","TankWar"
"570","159.646541","TankWar"
"571","161.161276","TankWar"
"572","170.288695","TankWar"
"573","167.033388","TankWar"
"574","191.476576","TankWar"
"575","164.839842","TankWar"
"576","164.588013","TankWar"
"577","166.780127","TankWar"
"578","170.340056","TankWar"
"579","173.21281","TankWar"
"580","182.063009","TankWar"
"581","167.174227","TankWar"
"582","173.170783","TankWar"
"583","173.395788","TankWar"
"584","165.570698","TankWar"
"585","165.123226","TankWar"
"586","162.149939","TankWar"
"587","171.311359","TankWar"
"588","187.011725","TankWar"
"589","174.085696","TankWar"
"590","164.755043","TankWar"
"591","176.70693","TankWar"
"592","166.658783","TankWar"
"593","164.365502","TankWar"
"594","163.639109","TankWar"
"595","182.323387","TankWar"
"596","165.653115","TankWar"
"597","155.319478","TankWar"
"598","175.766515","TankWar"
"599","190.334062","TankWar"
"600","160.38877","TankWar"
"601","176.604129","MobileMedia2"
"602","187.142575","MobileMedia2"
"603","181.124157","MobileMedia2"
"604","173.723997","MobileMedia2"
"605","181.628603","MobileMedia2"
"606","184.698683","MobileMedia2"
"607","186.251127","MobileMedia2"
"608","190.54129","MobileMedia2"
"609","183.905845","MobileMedia2"
"610","183.599767","MobileMedia2"
"611","173.606221","MobileMedia2"
"612","188.225149","MobileMedia2"
"613","171.246253","MobileMedia2"
"614","223.987959","MobileMedia2"
"615","211.383199","MobileMedia2"
"616","199.702618","MobileMedia2"
"617","203.31181","MobileMedia2"
"618","189.147817","MobileMedia2"
"619","197.690828","MobileMedia2"
"620","239.466239","MobileMedia2"
"621","194.31351","MobileMedia2"
"622","186.713205","MobileMedia2"
"623","179.459026","MobileMedia2"
"624","180.053705","MobileMedia2"
"625","220.221312","MobileMedia2"
"626","178.888986","MobileMedia2"
"627","173.077948","MobileMedia2"
"628","184.076208","MobileMedia2"
"629","177.72423","MobileMedia2"
"630","180.616272","MobileMedia2"
"631","178.102922","MobileMedia2"
"632","443.879348","MobileMedia2"
"633","197.82259","MobileMedia2"
"634","193.666032","MobileMedia2"
"635","186.399753","MobileMedia2"
"636","185.563167","MobileMedia2"
"637","187.263987","MobileMedia2"
"638","183.987309","MobileMedia2"
"639","194.17136","MobileMedia2"
"640","184.830103","MobileMedia2"
"641","175.905019","MobileMedia2"
"642","314.598418","MobileMedia2"
"643","205.422677","MobileMedia2"
"644","195.417449","MobileMedia2"
"645","190.945453","MobileMedia2"
"646","187.621739","MobileMedia2"
"647","211.06265","MobileMedia2"
"648","188.797513","MobileMedia2"
"649","185.294421","MobileMedia2"
"650","237.439544","MobileMedia2"
"651","180.897199","MobileMedia2"
"652","189.416781","MobileMedia2"
"653","199.973139","MobileMedia2"
"654","175.766402","MobileMedia2"
"655","182.478989","MobileMedia2"
"656","190.366376","MobileMedia2"
"657","232.450127","MobileMedia2"
"658","196.130753","MobileMedia2"
"659","181.08183","MobileMedia2"
"660","182.371639","MobileMedia2"
"661","198.291247","MobileMedia2"
"662","182.55066","MobileMedia2"
"663","298.647841","MobileMedia2"
"664","177.143638","MobileMedia2"
"665","182.00825","MobileMedia2"
"666","173.629531","MobileMedia2"
"667","181.025697","MobileMedia2"
"668","184.948004","MobileMedia2"
"669","215.283231","MobileMedia2"
"670","182.312355","MobileMedia2"
"671","185.399123","MobileMedia2"
"672","293.046755","MobileMedia2"
"673","233.765594","MobileMedia2"
"674","177.719944","MobileMedia2"
"675","176.600947","MobileMedia2"
"676","181.078926","MobileMedia2"
"677","324.577426","MobileMedia2"
"678","182.802708","MobileMedia2"
"679","183.634066","MobileMedia2"
"680","193.802632","MobileMedia2"
"681","185.109522","MobileMedia2"
"682","176.061571","MobileMedia2"
"683","177.01082","MobileMedia2"
"684","185.827649","MobileMedia2"
"685","176.442331","MobileMedia2"
"686","179.423525","MobileMedia2"
"687","189.866461","MobileMedia2"
"688","178.66042","MobileMedia2"
"689","178.988682","MobileMedia2"
"690","178.629263","MobileMedia2"
"691","188.275931","MobileMedia2"
"692","176.184478","MobileMedia2"
"693","177.285833","MobileMedia2"
"694","172.093623","MobileMedia2"
"695","176.707919","MobileMedia2"
"696","181.170245","MobileMedia2"
"697","173.814242","MobileMedia2"
"698","180.000026","MobileMedia2"
"699","213.617297","MobileMedia2"
"700","176.76616","MobileMedia2"
"701","282.794686","MobileGuide"
"702","199.160234","MobileGuide"
"703","191.050132","MobileGuide"
"704","187.349546","MobileGuide"
"705","184.632462","MobileGuide"
"706","194.283908","MobileGuide"
"707","201.972933","MobileGuide"
"708","194.279971","MobileGuide"
"709","185.43291","MobileGuide"
"710","189.838605","MobileGuide"
"711","201.886892","MobileGuide"
"712","188.471213","MobileGuide"
"713","212.562239","MobileGuide"
"714","239.807266","MobileGuide"
"715","194.696469","MobileGuide"
"716","278.578474","MobileGuide"
"717","203.392996","MobileGuide"
"718","187.87858","MobileGuide"
"719","198.792733","MobileGuide"
"720","200.781156","MobileGuide"
"721","193.71101","MobileGuide"
"722","190.997256","MobileGuide"
"723","173.372864","MobileGuide"
"724","221.914078","MobileGuide"
"725","192.409313","MobileGuide"
"726","192.886157","MobileGuide"
"727","177.815714","MobileGuide"
"728","190.618889","MobileGuide"
"729","211.249183","MobileGuide"
"730","183.721276","MobileGuide"
"731","193.819291","MobileGuide"
"732","195.306879","MobileGuide"
"733","205.433874","MobileGuide"
"734","182.486933","MobileGuide"
"735","199.881304","MobileGuide"
"736","182.733726","MobileGuide"
"737","188.220814","MobileGuide"
"738","177.821631","MobileGuide"
"739","181.449188","MobileGuide"
"740","184.759194","MobileGuide"
"741","300.450857","MobileGuide"
"742","182.852177","MobileGuide"
"743","181.056515","MobileGuide"
"744","182.595431","MobileGuide"
"745","185.321502","MobileGuide"
"746","190.017529","MobileGuide"
"747","192.251195","MobileGuide"
"748","180.964344","MobileGuide"
"749","184.141737","MobileGuide"
"750","181.182564","MobileGuide"
"751","180.670676","MobileGuide"
"752","197.801191","MobileGuide"
"753","188.936027","MobileGuide"
"754","191.672363","MobileGuide"
"755","190.565683","MobileGuide"
"756","190.492384","MobileGuide"
"757","181.980412","MobileGuide"
"758","180.632727","MobileGuide"
"759","180.276212","MobileGuide"
"760","207.60665","MobileGuide"
"761","184.772243","MobileGuide"
"762","181.989433","MobileGuide"
"763","185.749344","MobileGuide"
"764","189.291067","MobileGuide"
"765","190.692907","MobileGuide"
"766","261.309235","MobileGuide"
"767","186.15551","MobileGuide"
"768","177.668469","MobileGuide"
"769","177.69919","MobileGuide"
"770","177.971177","MobileGuide"
"771","210.640735","MobileGuide"
"772","187.219587","MobileGuide"
"773","185.086628","MobileGuide"
"774","180.549672","MobileGuide"
"775","196.206507","MobileGuide"
"776","186.171713","MobileGuide"
"777","245.384593","MobileGuide"
"778","190.576898","MobileGuide"
"779","188.117609","MobileGuide"
"780","201.208136","MobileGuide"
"781","192.221832","MobileGuide"
"782","210.476955","MobileGuide"
"783","196.666117","MobileGuide"
"784","194.136162","MobileGuide"
"785","193.24746","MobileGuide"
"786","177.532377","MobileGuide"
"787","225.776001","MobileGuide"
"788","247.002569","MobileGuide"
"789","191.170956","MobileGuide"
"790","177.130006","MobileGuide"
"791","179.035124","MobileGuide"
"792","182.198194","MobileGuide"
"793","190.81069","MobileGuide"
"794","189.277991","MobileGuide"
"795","231.268983","MobileGuide"
"796","186.721069","MobileGuide"
"797","188.051429","MobileGuide"
"798","179.069439","MobileGuide"
"799","187.149405","MobileGuide"
"800","180.682472","MobileGuide"
"801","1833.732403","SPLOT-3CNF-FM-500-50-1.00-SAT-1"
"802","1801.5597","SPLOT-3CNF-FM-500-50-1.00-SAT-1"
"803","1760.484239","SPLOT-3CNF-FM-500-50-1.00-SAT-1"
"804","1847.992367","SPLOT-3CNF-FM-500-50-1.00-SAT-1"
"805","1726.69658","SPLOT-3CNF-FM-500-50-1.00-SAT-1"
"806","1851.375818","SPLOT-3CNF-FM-500-50-1.00-SAT-1"
"807","1915.464687","SPLOT-3CNF-FM-500-50-1.00-SAT-1"
"808","2145.769956","SPLOT-3CNF-FM-500-50-1.00-SAT-1"
"809","1786.090949","SPLOT-3CNF-FM-500-50-1.00-SAT-1"
"810","1835.823939","SPLOT-3CNF-FM-500-50-1.00-SAT-1"
"811","1858.922426","SPLOT-3CNF-FM-500-50-1.00-SAT-1"
"812","1715.096231","SPLOT-3CNF-FM-500-50-1.00-SAT-1"
"813","1887.593929","SPLOT-3CNF-FM-500-50-1.00-SAT-1"
"814","1713.158741","SPLOT-3CNF-FM-500-50-1.00-SAT-1"
"815","1884.968708","SPLOT-3CNF-FM-500-50-1.00-SAT-1"
"816","1800.439515","SPLOT-3CNF-FM-500-50-1.00-SAT-1"
"817","1836.793232","SPLOT-3CNF-FM-500-50-1.00-SAT-1"
"818","1899.037568","SPLOT-3CNF-FM-500-50-1.00-SAT-1"
"819","1753.589653","SPLOT-3CNF-FM-500-50-1.00-SAT-1"
"820","1863.373756","SPLOT-3CNF-FM-500-50-1.00-SAT-1"
"821","1796.226851","SPLOT-3CNF-FM-500-50-1.00-SAT-1"
"822","1818.636571","SPLOT-3CNF-FM-500-50-1.00-SAT-1"
"823","1841.340899","SPLOT-3CNF-FM-500-50-1.00-SAT-1"
"824","1842.008211","SPLOT-3CNF-FM-500-50-1.00-SAT-1"
"825","1886.375349","SPLOT-3CNF-FM-500-50-1.00-SAT-1"
"826","1764.200603","SPLOT-3CNF-FM-500-50-1.00-SAT-1"
"827","1862.294965","SPLOT-3CNF-FM-500-50-1.00-SAT-1"
"828","1792.591138","SPLOT-3CNF-FM-500-50-1.00-SAT-1"
"829","1825.024998","SPLOT-3CNF-FM-500-50-1.00-SAT-1"
"830","1843.441203","SPLOT-3CNF-FM-500-50-1.00-SAT-1"
"831","1915.417138","SPLOT-3CNF-FM-500-50-1.00-SAT-1"
"832","1786.596443","SPLOT-3CNF-FM-500-50-1.00-SAT-1"
"833","1787.22092","SPLOT-3CNF-FM-500-50-1.00-SAT-1"
"834","1857.137108","SPLOT-3CNF-FM-500-50-1.00-SAT-1"
"835","1815.563683","SPLOT-3CNF-FM-500-50-1.00-SAT-1"
"836","1825.542011","SPLOT-3CNF-FM-500-50-1.00-SAT-1"
"837","1766.205767","SPLOT-3CNF-FM-500-50-1.00-SAT-1"
"838","1890.508548","SPLOT-3CNF-FM-500-50-1.00-SAT-1"
"839","1888.784539","SPLOT-3CNF-FM-500-50-1.00-SAT-1"
"840","1724.259836","SPLOT-3CNF-FM-500-50-1.00-SAT-1"
"841","1740.717471","SPLOT-3CNF-FM-500-50-1.00-SAT-1"
"842","1704.603954","SPLOT-3CNF-FM-500-50-1.00-SAT-1"
"843","1832.136284","SPLOT-3CNF-FM-500-50-1.00-SAT-1"
"844","1785.656739","SPLOT-3CNF-FM-500-50-1.00-SAT-1"
"845","2196.170884","SPLOT-3CNF-FM-500-50-1.00-SAT-1"
"846","1870.199646","SPLOT-3CNF-FM-500-50-1.00-SAT-1"
"847","1758.73936","SPLOT-3CNF-FM-500-50-1.00-SAT-1"
"848","1823.568724","SPLOT-3CNF-FM-500-50-1.00-SAT-1"
"849","1851.295278","SPLOT-3CNF-FM-500-50-1.00-SAT-1"
"850","1906.954027","SPLOT-3CNF-FM-500-50-1.00-SAT-1"
"851","1790.101794","SPLOT-3CNF-FM-500-50-1.00-SAT-1"
"852","1894.945938","SPLOT-3CNF-FM-500-50-1.00-SAT-1"
"853","1929.793649","SPLOT-3CNF-FM-500-50-1.00-SAT-1"
"854","1822.289345","SPLOT-3CNF-FM-500-50-1.00-SAT-1"
"855","1680.624169","SPLOT-3CNF-FM-500-50-1.00-SAT-1"
"856","1863.73379","SPLOT-3CNF-FM-500-50-1.00-SAT-1"
"857","1812.056501","SPLOT-3CNF-FM-500-50-1.00-SAT-1"
"858","1802.920193","SPLOT-3CNF-FM-500-50-1.00-SAT-1"
"859","1789.689464","SPLOT-3CNF-FM-500-50-1.00-SAT-1"
"860","1890.718582","SPLOT-3CNF-FM-500-50-1.00-SAT-1"
"861","1943.823796","SPLOT-3CNF-FM-500-50-1.00-SAT-1"
"862","1946.089548","SPLOT-3CNF-FM-500-50-1.00-SAT-1"
"863","1814.095623","SPLOT-3CNF-FM-500-50-1.00-SAT-1"
"864","1835.27205","SPLOT-3CNF-FM-500-50-1.00-SAT-1"
"865","1826.840653","SPLOT-3CNF-FM-500-50-1.00-SAT-1"
"866","1767.308269","SPLOT-3CNF-FM-500-50-1.00-SAT-1"
"867","1833.971147","SPLOT-3CNF-FM-500-50-1.00-SAT-1"
"868","1828.646383","SPLOT-3CNF-FM-500-50-1.00-SAT-1"
"869","1720.306496","SPLOT-3CNF-FM-500-50-1.00-SAT-1"
"870","1850.134941","SPLOT-3CNF-FM-500-50-1.00-SAT-1"
"871","1952.634047","SPLOT-3CNF-FM-500-50-1.00-SAT-1"
"872","1791.48","SPLOT-3CNF-FM-500-50-1.00-SAT-1"
"873","1913.906395","SPLOT-3CNF-FM-500-50-1.00-SAT-1"
"874","1713.876214","SPLOT-3CNF-FM-500-50-1.00-SAT-1"
"875","1846.091474","SPLOT-3CNF-FM-500-50-1.00-SAT-1"
"876","1834.694063","SPLOT-3CNF-FM-500-50-1.00-SAT-1"
"877","1868.663053","SPLOT-3CNF-FM-500-50-1.00-SAT-1"
"878","1924.357401","SPLOT-3CNF-FM-500-50-1.00-SAT-1"
"879","1675.756706","SPLOT-3CNF-FM-500-50-1.00-SAT-1"
"880","1901.911037","SPLOT-3CNF-FM-500-50-1.00-SAT-1"
"881","1882.182857","SPLOT-3CNF-FM-500-50-1.00-SAT-1"
"882","1759.342723","SPLOT-3CNF-FM-500-50-1.00-SAT-1"
"883","1831.466195","SPLOT-3CNF-FM-500-50-1.00-SAT-1"
"884","1803.980705","SPLOT-3CNF-FM-500-50-1.00-SAT-1"
"885","1956.31547","SPLOT-3CNF-FM-500-50-1.00-SAT-1"
"886","1707.081561","SPLOT-3CNF-FM-500-50-1.00-SAT-1"
"887","1879.184785","SPLOT-3CNF-FM-500-50-1.00-SAT-1"
"888","1880.801086","SPLOT-3CNF-FM-500-50-1.00-SAT-1"
"889","1800.830464","SPLOT-3CNF-FM-500-50-1.00-SAT-1"
"890","1864.744598","SPLOT-3CNF-FM-500-50-1.00-SAT-1"
"891","1927.255167","SPLOT-3CNF-FM-500-50-1.00-SAT-1"
"892","1821.7351","SPLOT-3CNF-FM-500-50-1.00-SAT-1"
"893","1739.866549","SPLOT-3CNF-FM-500-50-1.00-SAT-1"
"894","1905.694477","SPLOT-3CNF-FM-500-50-1.00-SAT-1"
"895","1846.585674","SPLOT-3CNF-FM-500-50-1.00-SAT-1"
"896","1915.577935","SPLOT-3CNF-FM-500-50-1.00-SAT-1"
"897","1844.816431","SPLOT-3CNF-FM-500-50-1.00-SAT-1"
"898","1852.526818","SPLOT-3CNF-FM-500-50-1.00-SAT-1"
"899","1831.580394","SPLOT-3CNF-FM-500-50-1.00-SAT-1"
"900","1787.862276","SPLOT-3CNF-FM-500-50-1.00-SAT-1"
