"","TIME","ALTERNATIVE"
"1","677.770311","x264ProductLine"
"2","78.294949","x264ProductLine"
"3","70.115493","x264ProductLine"
"4","74.195812","x264ProductLine"
"5","81.149342","x264ProductLine"
"6","82.976387","x264ProductLine"
"7","80.630234","x264ProductLine"
"8","80.169862","x264ProductLine"
"9","79.484452","x264ProductLine"
"10","90.369956","x264ProductLine"
"11","85.432803","x264ProductLine"
"12","81.670222","x264ProductLine"
"13","79.697801","x264ProductLine"
"14","88.292179","x264ProductLine"
"15","86.290527","x264ProductLine"
"16","100.279455","x264ProductLine"
"17","80.063063","x264ProductLine"
"18","86.474064","x264ProductLine"
"19","93.428758","x264ProductLine"
"20","82.903726","x264ProductLine"
"21","89.009605","x264ProductLine"
"22","85.363571","x264ProductLine"
"23","84.608115","x264ProductLine"
"24","82.450588","x264ProductLine"
"25","89.878443","x264ProductLine"
"26","91.728797","x264ProductLine"
"27","75.620677","x264ProductLine"
"28","88.438255","x264ProductLine"
"29","82.221776","x264ProductLine"
"30","89.378437","x264ProductLine"
"31","74.971019","x264ProductLine"
"32","88.914986","x264ProductLine"
"33","83.619671","x264ProductLine"
"34","92.667142","x264ProductLine"
"35","83.235376","x264ProductLine"
"36","84.244401","x264ProductLine"
"37","83.287505","x264ProductLine"
"38","78.569543","x264ProductLine"
"39","85.59376","x264ProductLine"
"40","78.37973","x264ProductLine"
"41","89.851974","x264ProductLine"
"42","70.276684","x264ProductLine"
"43","80.450138","x264ProductLine"
"44","88.556001","x264ProductLine"
"45","83.899675","x264ProductLine"
"46","82.716418","x264ProductLine"
"47","83.007079","x264ProductLine"
"48","81.53127","x264ProductLine"
"49","93.409858","x264ProductLine"
"50","81.364198","x264ProductLine"
"51","79.969025","x264ProductLine"
"52","70.26122","x264ProductLine"
"53","83.855915","x264ProductLine"
"54","85.129331","x264ProductLine"
"55","101.961102","x264ProductLine"
"56","73.301094","x264ProductLine"
"57","72.664144","x264ProductLine"
"58","67.512715","x264ProductLine"
"59","77.399841","x264ProductLine"
"60","81.976036","x264ProductLine"
"61","70.816418","x264ProductLine"
"62","73.571095","x264ProductLine"
"63","84.798692","x264ProductLine"
"64","73.706943","x264ProductLine"
"65","150.98255","x264ProductLine"
"66","69.249234","x264ProductLine"
"67","89.499924","x264ProductLine"
"68","82.019364","x264ProductLine"
"69","70.901951","x264ProductLine"
"70","68.714258","x264ProductLine"
"71","75.020179","x264ProductLine"
"72","70.818607","x264ProductLine"
"73","650.498105","x264ProductLine"
"74","65.324546","x264ProductLine"
"75","83.478093","x264ProductLine"
"76","70.130932","x264ProductLine"
"77","335.652585","x264ProductLine"
"78","66.901892","x264ProductLine"
"79","75.606531","x264ProductLine"
"80","66.620853","x264ProductLine"
"81","77.821002","x264ProductLine"
"82","71.037596","x264ProductLine"
"83","66.511195","x264ProductLine"
"84","68.449065","x264ProductLine"
"85","71.393854","x264ProductLine"
"86","80.142731","x264ProductLine"
"87","83.825467","x264ProductLine"
"88","75.584539","x264ProductLine"
"89","78.944701","x264ProductLine"
"90","73.392188","x264ProductLine"
"91","89.412173","x264ProductLine"
"92","71.059704","x264ProductLine"
"93","84.118801","x264ProductLine"
"94","86.809457","x264ProductLine"
"95","70.905125","x264ProductLine"
"96","74.589501","x264ProductLine"
"97","82.178898","x264ProductLine"
"98","85.011156","x264ProductLine"
"99","84.192472","x264ProductLine"
"100","81.857919","x264ProductLine"
"101","71.401835","WgetProductLine"
"102","68.548696","WgetProductLine"
"103","80.347441","WgetProductLine"
"104","67.304407","WgetProductLine"
"105","68.071202","WgetProductLine"
"106","63.51021","WgetProductLine"
"107","71.356298","WgetProductLine"
"108","65.40997","WgetProductLine"
"109","66.387038","WgetProductLine"
"110","79.928231","WgetProductLine"
"111","63.570919","WgetProductLine"
"112","65.143439","WgetProductLine"
"113","68.355788","WgetProductLine"
"114","77.147097","WgetProductLine"
"115","72.438585","WgetProductLine"
"116","85.589046","WgetProductLine"
"117","89.775593","WgetProductLine"
"118","83.042131","WgetProductLine"
"119","83.150817","WgetProductLine"
"120","65.211662","WgetProductLine"
"121","66.855748","WgetProductLine"
"122","72.528109","WgetProductLine"
"123","70.377553","WgetProductLine"
"124","76.869038","WgetProductLine"
"125","69.828891","WgetProductLine"
"126","72.457256","WgetProductLine"
"127","67.545436","WgetProductLine"
"128","71.811883","WgetProductLine"
"129","66.499855","WgetProductLine"
"130","68.538051","WgetProductLine"
"131","73.117369","WgetProductLine"
"132","69.06842","WgetProductLine"
"133","76.976903","WgetProductLine"
"134","67.198108","WgetProductLine"
"135","134.551739","WgetProductLine"
"136","75.832815","WgetProductLine"
"137","67.451426","WgetProductLine"
"138","66.412171","WgetProductLine"
"139","67.84401","WgetProductLine"
"140","66.293148","WgetProductLine"
"141","70.06","WgetProductLine"
"142","70.212244","WgetProductLine"
"143","64.990215","WgetProductLine"
"144","79.520938","WgetProductLine"
"145","79.320389","WgetProductLine"
"146","67.471672","WgetProductLine"
"147","65.763187","WgetProductLine"
"148","72.070251","WgetProductLine"
"149","64.205911","WgetProductLine"
"150","63.897083","WgetProductLine"
"151","66.298911","WgetProductLine"
"152","65.660244","WgetProductLine"
"153","68.803464","WgetProductLine"
"154","68.647486","WgetProductLine"
"155","67.639959","WgetProductLine"
"156","65.994746","WgetProductLine"
"157","73.252204","WgetProductLine"
"158","72.598846","WgetProductLine"
"159","68.566349","WgetProductLine"
"160","75.176766","WgetProductLine"
"161","81.876016","WgetProductLine"
"162","79.162748","WgetProductLine"
"163","78.317544","WgetProductLine"
"164","67.761095","WgetProductLine"
"165","64.396271","WgetProductLine"
"166","67.465102","WgetProductLine"
"167","68.795934","WgetProductLine"
"168","72.11776","WgetProductLine"
"169","66.828325","WgetProductLine"
"170","70.576257","WgetProductLine"
"171","65.816874","WgetProductLine"
"172","65.037678","WgetProductLine"
"173","66.576646","WgetProductLine"
"174","65.641412","WgetProductLine"
"175","66.040692","WgetProductLine"
"176","66.696651","WgetProductLine"
"177","318.867408","WgetProductLine"
"178","68.428427","WgetProductLine"
"179","72.176632","WgetProductLine"
"180","68.143913","WgetProductLine"
"181","80.502912","WgetProductLine"
"182","63.930255","WgetProductLine"
"183","81.297376","WgetProductLine"
"184","67.695204","WgetProductLine"
"185","67.631729","WgetProductLine"
"186","66.524635","WgetProductLine"
"187","67.52005","WgetProductLine"
"188","80.328543","WgetProductLine"
"189","68.80998","WgetProductLine"
"190","70.817282","WgetProductLine"
"191","66.344031","WgetProductLine"
"192","66.165883","WgetProductLine"
"193","69.717434","WgetProductLine"
"194","69.833389","WgetProductLine"
"195","75.10872","WgetProductLine"
"196","70.386124","WgetProductLine"
"197","65.094543","WgetProductLine"
"198","68.564433","WgetProductLine"
"199","70.025808","WgetProductLine"
"200","79.349132","WgetProductLine"
"201","69.591194","BerkeleyDBMemoryversionProductLine"
"202","71.439372","BerkeleyDBMemoryversionProductLine"
"203","74.245975","BerkeleyDBMemoryversionProductLine"
"204","71.825934","BerkeleyDBMemoryversionProductLine"
"205","68.889272","BerkeleyDBMemoryversionProductLine"
"206","69.378353","BerkeleyDBMemoryversionProductLine"
"207","74.468916","BerkeleyDBMemoryversionProductLine"
"208","66.199175","BerkeleyDBMemoryversionProductLine"
"209","70.776827","BerkeleyDBMemoryversionProductLine"
"210","66.341129","BerkeleyDBMemoryversionProductLine"
"211","66.411799","BerkeleyDBMemoryversionProductLine"
"212","65.205523","BerkeleyDBMemoryversionProductLine"
"213","65.318125","BerkeleyDBMemoryversionProductLine"
"214","81.332794","BerkeleyDBMemoryversionProductLine"
"215","72.031617","BerkeleyDBMemoryversionProductLine"
"216","79.232055","BerkeleyDBMemoryversionProductLine"
"217","87.261548","BerkeleyDBMemoryversionProductLine"
"218","352.130517","BerkeleyDBMemoryversionProductLine"
"219","78.295457","BerkeleyDBMemoryversionProductLine"
"220","66.234735","BerkeleyDBMemoryversionProductLine"
"221","67.10956","BerkeleyDBMemoryversionProductLine"
"222","70.614363","BerkeleyDBMemoryversionProductLine"
"223","69.036003","BerkeleyDBMemoryversionProductLine"
"224","65.24891","BerkeleyDBMemoryversionProductLine"
"225","66.532978","BerkeleyDBMemoryversionProductLine"
"226","73.170525","BerkeleyDBMemoryversionProductLine"
"227","68.789246","BerkeleyDBMemoryversionProductLine"
"228","71.178388","BerkeleyDBMemoryversionProductLine"
"229","70.200467","BerkeleyDBMemoryversionProductLine"
"230","67.805457","BerkeleyDBMemoryversionProductLine"
"231","75.521019","BerkeleyDBMemoryversionProductLine"
"232","72.340707","BerkeleyDBMemoryversionProductLine"
"233","71.275462","BerkeleyDBMemoryversionProductLine"
"234","65.670667","BerkeleyDBMemoryversionProductLine"
"235","71.466019","BerkeleyDBMemoryversionProductLine"
"236","73.491904","BerkeleyDBMemoryversionProductLine"
"237","66.139577","BerkeleyDBMemoryversionProductLine"
"238","66.524389","BerkeleyDBMemoryversionProductLine"
"239","85.674109","BerkeleyDBMemoryversionProductLine"
"240","66.889651","BerkeleyDBMemoryversionProductLine"
"241","71.571991","BerkeleyDBMemoryversionProductLine"
"242","65.654913","BerkeleyDBMemoryversionProductLine"
"243","67.695624","BerkeleyDBMemoryversionProductLine"
"244","70.763354","BerkeleyDBMemoryversionProductLine"
"245","77.554665","BerkeleyDBMemoryversionProductLine"
"246","67.256759","BerkeleyDBMemoryversionProductLine"
"247","74.429996","BerkeleyDBMemoryversionProductLine"
"248","66.346662","BerkeleyDBMemoryversionProductLine"
"249","88.182902","BerkeleyDBMemoryversionProductLine"
"250","70.601736","BerkeleyDBMemoryversionProductLine"
"251","71.539438","BerkeleyDBMemoryversionProductLine"
"252","86.336375","BerkeleyDBMemoryversionProductLine"
"253","66.130621","BerkeleyDBMemoryversionProductLine"
"254","65.480597","BerkeleyDBMemoryversionProductLine"
"255","75.828525","BerkeleyDBMemoryversionProductLine"
"256","68.004005","BerkeleyDBMemoryversionProductLine"
"257","70.465471","BerkeleyDBMemoryversionProductLine"
"258","66.966555","BerkeleyDBMemoryversionProductLine"
"259","70.972515","BerkeleyDBMemoryversionProductLine"
"260","67.690387","BerkeleyDBMemoryversionProductLine"
"261","70.826386","BerkeleyDBMemoryversionProductLine"
"262","67.69261","BerkeleyDBMemoryversionProductLine"
"263","66.631741","BerkeleyDBMemoryversionProductLine"
"264","65.020916","BerkeleyDBMemoryversionProductLine"
"265","65.196863","BerkeleyDBMemoryversionProductLine"
"266","67.212766","BerkeleyDBMemoryversionProductLine"
"267","69.278839","BerkeleyDBMemoryversionProductLine"
"268","67.419053","BerkeleyDBMemoryversionProductLine"
"269","116.066159","BerkeleyDBMemoryversionProductLine"
"270","69.221721","BerkeleyDBMemoryversionProductLine"
"271","65.949263","BerkeleyDBMemoryversionProductLine"
"272","83.364287","BerkeleyDBMemoryversionProductLine"
"273","80.508976","BerkeleyDBMemoryversionProductLine"
"274","65.568957","BerkeleyDBMemoryversionProductLine"
"275","70.400491","BerkeleyDBMemoryversionProductLine"
"276","72.675251","BerkeleyDBMemoryversionProductLine"
"277","67.862686","BerkeleyDBMemoryversionProductLine"
"278","67.945035","BerkeleyDBMemoryversionProductLine"
"279","71.016434","BerkeleyDBMemoryversionProductLine"
"280","65.069551","BerkeleyDBMemoryversionProductLine"
"281","81.351583","BerkeleyDBMemoryversionProductLine"
"282","77.459726","BerkeleyDBMemoryversionProductLine"
"283","66.456952","BerkeleyDBMemoryversionProductLine"
"284","65.173495","BerkeleyDBMemoryversionProductLine"
"285","68.886464","BerkeleyDBMemoryversionProductLine"
"286","67.66681","BerkeleyDBMemoryversionProductLine"
"287","66.887519","BerkeleyDBMemoryversionProductLine"
"288","68.446835","BerkeleyDBMemoryversionProductLine"
"289","64.57098","BerkeleyDBMemoryversionProductLine"
"290","64.866256","BerkeleyDBMemoryversionProductLine"
"291","72.352162","BerkeleyDBMemoryversionProductLine"
"292","65.137655","BerkeleyDBMemoryversionProductLine"
"293","67.374881","BerkeleyDBMemoryversionProductLine"
"294","66.779054","BerkeleyDBMemoryversionProductLine"
"295","63.850084","BerkeleyDBMemoryversionProductLine"
"296","66.474409","BerkeleyDBMemoryversionProductLine"
"297","65.255034","BerkeleyDBMemoryversionProductLine"
"298","71.651707","BerkeleyDBMemoryversionProductLine"
"299","65.020172","BerkeleyDBMemoryversionProductLine"
"300","82.879278","BerkeleyDBMemoryversionProductLine"
"301","65.55686","SensorNetworkProductLine"
"302","68.860203","SensorNetworkProductLine"
"303","66.645717","SensorNetworkProductLine"
"304","95.750416","SensorNetworkProductLine"
"305","68.996561","SensorNetworkProductLine"
"306","74.47018","SensorNetworkProductLine"
"307","66.674051","SensorNetworkProductLine"
"308","69.268752","SensorNetworkProductLine"
"309","68.022703","SensorNetworkProductLine"
"310","66.684857","SensorNetworkProductLine"
"311","66.429851","SensorNetworkProductLine"
"312","76.030676","SensorNetworkProductLine"
"313","72.919917","SensorNetworkProductLine"
"314","84.523869","SensorNetworkProductLine"
"315","67.996747","SensorNetworkProductLine"
"316","82.696888","SensorNetworkProductLine"
"317","85.358493","SensorNetworkProductLine"
"318","90.074193","SensorNetworkProductLine"
"319","87.019759","SensorNetworkProductLine"
"320","67.752041","SensorNetworkProductLine"
"321","73.528386","SensorNetworkProductLine"
"322","73.349888","SensorNetworkProductLine"
"323","69.940547","SensorNetworkProductLine"
"324","68.88085","SensorNetworkProductLine"
"325","83.405507","SensorNetworkProductLine"
"326","71.490109","SensorNetworkProductLine"
"327","66.574135","SensorNetworkProductLine"
"328","68.788596","SensorNetworkProductLine"
"329","69.781581","SensorNetworkProductLine"
"330","68.264176","SensorNetworkProductLine"
"331","83.480062","SensorNetworkProductLine"
"332","77.533276","SensorNetworkProductLine"
"333","68.43109","SensorNetworkProductLine"
"334","75.754717","SensorNetworkProductLine"
"335","70.740585","SensorNetworkProductLine"
"336","66.686672","SensorNetworkProductLine"
"337","83.899054","SensorNetworkProductLine"
"338","67.781776","SensorNetworkProductLine"
"339","68.051026","SensorNetworkProductLine"
"340","82.756327","SensorNetworkProductLine"
"341","63.66904","SensorNetworkProductLine"
"342","74.738758","SensorNetworkProductLine"
"343","65.730412","SensorNetworkProductLine"
"344","68.153512","SensorNetworkProductLine"
"345","70.388753","SensorNetworkProductLine"
"346","70.246703","SensorNetworkProductLine"
"347","69.806357","SensorNetworkProductLine"
"348","66.069386","SensorNetworkProductLine"
"349","71.127249","SensorNetworkProductLine"
"350","66.372974","SensorNetworkProductLine"
"351","85.021514","SensorNetworkProductLine"
"352","68.163931","SensorNetworkProductLine"
"353","73.445374","SensorNetworkProductLine"
"354","66.565359","SensorNetworkProductLine"
"355","67.123782","SensorNetworkProductLine"
"356","66.071412","SensorNetworkProductLine"
"357","68.694896","SensorNetworkProductLine"
"358","68.832944","SensorNetworkProductLine"
"359","71.931198","SensorNetworkProductLine"
"360","76.156755","SensorNetworkProductLine"
"361","64.792185","SensorNetworkProductLine"
"362","68.334774","SensorNetworkProductLine"
"363","66.505709","SensorNetworkProductLine"
"364","69.295986","SensorNetworkProductLine"
"365","75.528557","SensorNetworkProductLine"
"366","72.677108","SensorNetworkProductLine"
"367","69.587312","SensorNetworkProductLine"
"368","72.623487","SensorNetworkProductLine"
"369","67.61375","SensorNetworkProductLine"
"370","70.216529","SensorNetworkProductLine"
"371","68.925392","SensorNetworkProductLine"
"372","71.58836","SensorNetworkProductLine"
"373","82.382137","SensorNetworkProductLine"
"374","66.929101","SensorNetworkProductLine"
"375","66.68697","SensorNetworkProductLine"
"376","67.232176","SensorNetworkProductLine"
"377","65.338552","SensorNetworkProductLine"
"378","66.777143","SensorNetworkProductLine"
"379","77.402057","SensorNetworkProductLine"
"380","72.204788","SensorNetworkProductLine"
"381","79.4284","SensorNetworkProductLine"
"382","69.085146","SensorNetworkProductLine"
"383","67.753941","SensorNetworkProductLine"
"384","69.671499","SensorNetworkProductLine"
"385","69.097598","SensorNetworkProductLine"
"386","69.626265","SensorNetworkProductLine"
"387","71.630718","SensorNetworkProductLine"
"388","69.44588","SensorNetworkProductLine"
"389","65.922694","SensorNetworkProductLine"
"390","72.523447","SensorNetworkProductLine"
"391","657.760592","SensorNetworkProductLine"
"392","70.035892","SensorNetworkProductLine"
"393","67.34746","SensorNetworkProductLine"
"394","69.199775","SensorNetworkProductLine"
"395","69.863791","SensorNetworkProductLine"
"396","67.210412","SensorNetworkProductLine"
"397","64.914273","SensorNetworkProductLine"
"398","69.003189","SensorNetworkProductLine"
"399","67.120636","SensorNetworkProductLine"
"400","78.665485","SensorNetworkProductLine"
"401","70.56428","StrategyMobileGame"
"402","75.212951","StrategyMobileGame"
"403","71.642172","StrategyMobileGame"
"404","71.370259","StrategyMobileGame"
"405","72.685419","StrategyMobileGame"
"406","67.593067","StrategyMobileGame"
"407","71.89496","StrategyMobileGame"
"408","66.88241","StrategyMobileGame"
"409","74.084336","StrategyMobileGame"
"410","70.019867","StrategyMobileGame"
"411","68.071587","StrategyMobileGame"
"412","70.235328","StrategyMobileGame"
"413","99.133181","StrategyMobileGame"
"414","90.156885","StrategyMobileGame"
"415","117.015054","StrategyMobileGame"
"416","81.353392","StrategyMobileGame"
"417","115.715843","StrategyMobileGame"
"418","120.966682","StrategyMobileGame"
"419","109.078004","StrategyMobileGame"
"420","68.146481","StrategyMobileGame"
"421","67.365201","StrategyMobileGame"
"422","92.523588","StrategyMobileGame"
"423","82.134185","StrategyMobileGame"
"424","67.553978","StrategyMobileGame"
"425","69.56307","StrategyMobileGame"
"426","69.530832","StrategyMobileGame"
"427","68.07787","StrategyMobileGame"
"428","77.362728","StrategyMobileGame"
"429","69.975594","StrategyMobileGame"
"430","75.374348","StrategyMobileGame"
"431","68.003043","StrategyMobileGame"
"432","73.368875","StrategyMobileGame"
"433","67.634315","StrategyMobileGame"
"434","69.847344","StrategyMobileGame"
"435","72.890737","StrategyMobileGame"
"436","66.78894","StrategyMobileGame"
"437","72.598503","StrategyMobileGame"
"438","69.812671","StrategyMobileGame"
"439","70.501324","StrategyMobileGame"
"440","66.805407","StrategyMobileGame"
"441","72.848924","StrategyMobileGame"
"442","69.846293","StrategyMobileGame"
"443","70.240181","StrategyMobileGame"
"444","67.860014","StrategyMobileGame"
"445","73.144714","StrategyMobileGame"
"446","67.825145","StrategyMobileGame"
"447","73.262134","StrategyMobileGame"
"448","70.000534","StrategyMobileGame"
"449","67.269535","StrategyMobileGame"
"450","72.358052","StrategyMobileGame"
"451","73.322804","StrategyMobileGame"
"452","90.068691","StrategyMobileGame"
"453","72.373613","StrategyMobileGame"
"454","69.234901","StrategyMobileGame"
"455","67.665453","StrategyMobileGame"
"456","83.118203","StrategyMobileGame"
"457","75.076447","StrategyMobileGame"
"458","72.286441","StrategyMobileGame"
"459","72.192871","StrategyMobileGame"
"460","75.463212","StrategyMobileGame"
"461","69.442487","StrategyMobileGame"
"462","68.766069","StrategyMobileGame"
"463","99.263215","StrategyMobileGame"
"464","75.368782","StrategyMobileGame"
"465","73.10562","StrategyMobileGame"
"466","80.888497","StrategyMobileGame"
"467","74.611716","StrategyMobileGame"
"468","67.432338","StrategyMobileGame"
"469","81.349333","StrategyMobileGame"
"470","67.366941","StrategyMobileGame"
"471","69.447592","StrategyMobileGame"
"472","72.639782","StrategyMobileGame"
"473","68.351868","StrategyMobileGame"
"474","70.795338","StrategyMobileGame"
"475","70.067648","StrategyMobileGame"
"476","71.54095","StrategyMobileGame"
"477","74.02481","StrategyMobileGame"
"478","73.946139","StrategyMobileGame"
"479","72.828088","StrategyMobileGame"
"480","66.521346","StrategyMobileGame"
"481","68.6201","StrategyMobileGame"
"482","68.229893","StrategyMobileGame"
"483","66.777943","StrategyMobileGame"
"484","68.399532","StrategyMobileGame"
"485","75.403981","StrategyMobileGame"
"486","66.766813","StrategyMobileGame"
"487","72.943578","StrategyMobileGame"
"488","69.441669","StrategyMobileGame"
"489","68.846011","StrategyMobileGame"
"490","66.922987","StrategyMobileGame"
"491","270.3419","StrategyMobileGame"
"492","72.420477","StrategyMobileGame"
"493","67.071873","StrategyMobileGame"
"494","77.074347","StrategyMobileGame"
"495","78.072972","StrategyMobileGame"
"496","67.901432","StrategyMobileGame"
"497","67.956687","StrategyMobileGame"
"498","78.776024","StrategyMobileGame"
"499","68.762334","StrategyMobileGame"
"500","94.700744","StrategyMobileGame"
"501","81.279599","TankWar"
"502","75.519318","TankWar"
"503","71.953035","TankWar"
"504","187.516285","TankWar"
"505","67.596307","TankWar"
"506","74.772267","TankWar"
"507","73.637708","TankWar"
"508","76.262364","TankWar"
"509","69.570204","TankWar"
"510","73.133006","TankWar"
"511","71.031973","TankWar"
"512","69.227265","TankWar"
"513","67.829409","TankWar"
"514","103.700856","TankWar"
"515","97.82448","TankWar"
"516","83.576942","TankWar"
"517","125.176267","TankWar"
"518","70.462395","TankWar"
"519","88.725502","TankWar"
"520","72.500844","TankWar"
"521","70.684497","TankWar"
"522","72.745129","TankWar"
"523","74.997276","TankWar"
"524","68.777856","TankWar"
"525","74.587667","TankWar"
"526","79.053453","TankWar"
"527","69.560924","TankWar"
"528","70.517115","TankWar"
"529","69.80257","TankWar"
"530","72.024742","TankWar"
"531","70.202186","TankWar"
"532","70.270373","TankWar"
"533","68.109423","TankWar"
"534","73.01598","TankWar"
"535","75.183823","TankWar"
"536","67.84239","TankWar"
"537","69.360586","TankWar"
"538","78.491027","TankWar"
"539","69.696759","TankWar"
"540","68.940605","TankWar"
"541","67.93089","TankWar"
"542","72.553299","TankWar"
"543","67.11566","TankWar"
"544","67.487204","TankWar"
"545","75.526733","TankWar"
"546","69.105612","TankWar"
"547","69.478491","TankWar"
"548","71.398648","TankWar"
"549","70.250772","TankWar"
"550","75.741953","TankWar"
"551","66.458762","TankWar"
"552","70.112786","TankWar"
"553","69.976046","TankWar"
"554","68.135483","TankWar"
"555","112.401505","TankWar"
"556","128.665463","TankWar"
"557","68.652856","TankWar"
"558","70.090222","TankWar"
"559","73.73524","TankWar"
"560","70.658186","TankWar"
"561","71.295671","TankWar"
"562","66.811652","TankWar"
"563","67.805361","TankWar"
"564","72.670505","TankWar"
"565","66.603375","TankWar"
"566","72.114354","TankWar"
"567","75.783496","TankWar"
"568","70.956432","TankWar"
"569","74.943858","TankWar"
"570","67.80815","TankWar"
"571","72.696033","TankWar"
"572","72.313565","TankWar"
"573","75.051411","TankWar"
"574","89.151778","TankWar"
"575","69.784193","TankWar"
"576","76.802028","TankWar"
"577","66.620838","TankWar"
"578","73.24023","TankWar"
"579","71.09263","TankWar"
"580","93.764315","TankWar"
"581","76.597592","TankWar"
"582","73.670907","TankWar"
"583","76.456182","TankWar"
"584","69.246873","TankWar"
"585","71.396653","TankWar"
"586","73.220598","TankWar"
"587","69.262634","TankWar"
"588","76.375719","TankWar"
"589","74.706995","TankWar"
"590","66.752877","TankWar"
"591","72.769084","TankWar"
"592","67.225206","TankWar"
"593","69.975194","TankWar"
"594","76.636092","TankWar"
"595","74.009815","TankWar"
"596","72.818057","TankWar"
"597","66.440048","TankWar"
"598","69.424292","TankWar"
"599","99.35701","TankWar"
"600","73.340783","TankWar"
"601","69.931287","MobileMedia2"
"602","78.82272","MobileMedia2"
"603","75.972966","MobileMedia2"
"604","71.849775","MobileMedia2"
"605","69.049979","MobileMedia2"
"606","71.12681","MobileMedia2"
"607","72.199893","MobileMedia2"
"608","73.685065","MobileMedia2"
"609","67.69854","MobileMedia2"
"610","70.208489","MobileMedia2"
"611","69.044043","MobileMedia2"
"612","85.583372","MobileMedia2"
"613","67.918721","MobileMedia2"
"614","110.370309","MobileMedia2"
"615","98.647688","MobileMedia2"
"616","92.439628","MobileMedia2"
"617","83.726014","MobileMedia2"
"618","85.134082","MobileMedia2"
"619","94.497496","MobileMedia2"
"620","125.069071","MobileMedia2"
"621","83.716067","MobileMedia2"
"622","74.541627","MobileMedia2"
"623","69.083293","MobileMedia2"
"624","69.746541","MobileMedia2"
"625","101.162998","MobileMedia2"
"626","73.379645","MobileMedia2"
"627","68.69191","MobileMedia2"
"628","69.767294","MobileMedia2"
"629","73.059046","MobileMedia2"
"630","68.170996","MobileMedia2"
"631","72.996015","MobileMedia2"
"632","332.043321","MobileMedia2"
"633","74.357872","MobileMedia2"
"634","74.594358","MobileMedia2"
"635","73.480707","MobileMedia2"
"636","78.212227","MobileMedia2"
"637","69.325763","MobileMedia2"
"638","73.231494","MobileMedia2"
"639","70.585426","MobileMedia2"
"640","72.895366","MobileMedia2"
"641","69.895873","MobileMedia2"
"642","184.985245","MobileMedia2"
"643","80.402018","MobileMedia2"
"644","88.658914","MobileMedia2"
"645","79.952795","MobileMedia2"
"646","77.508524","MobileMedia2"
"647","76.522675","MobileMedia2"
"648","79.802448","MobileMedia2"
"649","72.877775","MobileMedia2"
"650","123.77595","MobileMedia2"
"651","76.542603","MobileMedia2"
"652","72.460268","MobileMedia2"
"653","70.451695","MobileMedia2"
"654","69.036166","MobileMedia2"
"655","72.346171","MobileMedia2"
"656","73.154045","MobileMedia2"
"657","97.251175","MobileMedia2"
"658","74.637326","MobileMedia2"
"659","68.858473","MobileMedia2"
"660","77.141517","MobileMedia2"
"661","62.207551","MobileMedia2"
"662","72.027122","MobileMedia2"
"663","135.486723","MobileMedia2"
"664","70.780924","MobileMedia2"
"665","71.209116","MobileMedia2"
"666","67.547881","MobileMedia2"
"667","69.069098","MobileMedia2"
"668","70.094266","MobileMedia2"
"669","110.927289","MobileMedia2"
"670","68.940051","MobileMedia2"
"671","72.418995","MobileMedia2"
"672","179.878597","MobileMedia2"
"673","71.153069","MobileMedia2"
"674","72.973778","MobileMedia2"
"675","73.142907","MobileMedia2"
"676","72.421648","MobileMedia2"
"677","196.796076","MobileMedia2"
"678","71.758975","MobileMedia2"
"679","72.298209","MobileMedia2"
"680","86.58907","MobileMedia2"
"681","69.666875","MobileMedia2"
"682","70.45455","MobileMedia2"
"683","70.652126","MobileMedia2"
"684","71.987478","MobileMedia2"
"685","69.88446","MobileMedia2"
"686","75.115602","MobileMedia2"
"687","73.428955","MobileMedia2"
"688","76.274289","MobileMedia2"
"689","68.855955","MobileMedia2"
"690","71.893757","MobileMedia2"
"691","76.046245","MobileMedia2"
"692","67.687654","MobileMedia2"
"693","74.561125","MobileMedia2"
"694","70.001877","MobileMedia2"
"695","69.871926","MobileMedia2"
"696","71.004856","MobileMedia2"
"697","69.551137","MobileMedia2"
"698","74.475304","MobileMedia2"
"699","76.10019","MobileMedia2"
"700","73.730528","MobileMedia2"
"701","171.368112","MobileGuide"
"702","84.148818","MobileGuide"
"703","72.896359","MobileGuide"
"704","74.99065","MobileGuide"
"705","71.282727","MobileGuide"
"706","76.148966","MobileGuide"
"707","74.603164","MobileGuide"
"708","77.852457","MobileGuide"
"709","68.941196","MobileGuide"
"710","75.123824","MobileGuide"
"711","82.836518","MobileGuide"
"712","79.511377","MobileGuide"
"713","93.132773","MobileGuide"
"714","103.718049","MobileGuide"
"715","88.779443","MobileGuide"
"716","162.862948","MobileGuide"
"717","85.396825","MobileGuide"
"718","71.109989","MobileGuide"
"719","91.829207","MobileGuide"
"720","93.245028","MobileGuide"
"721","74.319068","MobileGuide"
"722","71.867959","MobileGuide"
"723","68.051005","MobileGuide"
"724","92.27638","MobileGuide"
"725","87.854977","MobileGuide"
"726","82.855435","MobileGuide"
"727","73.09459","MobileGuide"
"728","76.081464","MobileGuide"
"729","83.602816","MobileGuide"
"730","69.184777","MobileGuide"
"731","71.217502","MobileGuide"
"732","76.032226","MobileGuide"
"733","96.889084","MobileGuide"
"734","72.404731","MobileGuide"
"735","87.336716","MobileGuide"
"736","70.661604","MobileGuide"
"737","75.414433","MobileGuide"
"738","70.044661","MobileGuide"
"739","71.259576","MobileGuide"
"740","71.857779","MobileGuide"
"741","180.35779","MobileGuide"
"742","70.586834","MobileGuide"
"743","70.593792","MobileGuide"
"744","70.050131","MobileGuide"
"745","73.519452","MobileGuide"
"746","76.227243","MobileGuide"
"747","75.076272","MobileGuide"
"748","73.379174","MobileGuide"
"749","71.920373","MobileGuide"
"750","70.711556","MobileGuide"
"751","70.29759","MobileGuide"
"752","71.539147","MobileGuide"
"753","72.511138","MobileGuide"
"754","73.812218","MobileGuide"
"755","74.914373","MobileGuide"
"756","71.905587","MobileGuide"
"757","69.860961","MobileGuide"
"758","75.337423","MobileGuide"
"759","73.614208","MobileGuide"
"760","78.330385","MobileGuide"
"761","70.628353","MobileGuide"
"762","77.03357","MobileGuide"
"763","73.135054","MobileGuide"
"764","76.601267","MobileGuide"
"765","77.976732","MobileGuide"
"766","150.207253","MobileGuide"
"767","70.704791","MobileGuide"
"768","71.780341","MobileGuide"
"769","73.495692","MobileGuide"
"770","70.956542","MobileGuide"
"771","95.178803","MobileGuide"
"772","77.407821","MobileGuide"
"773","77.430626","MobileGuide"
"774","70.470957","MobileGuide"
"775","84.779296","MobileGuide"
"776","72.268721","MobileGuide"
"777","123.930234","MobileGuide"
"778","69.554516","MobileGuide"
"779","76.305258","MobileGuide"
"780","93.070622","MobileGuide"
"781","79.076285","MobileGuide"
"782","77.579878","MobileGuide"
"783","81.766767","MobileGuide"
"784","72.517025","MobileGuide"
"785","70.956636","MobileGuide"
"786","72.470171","MobileGuide"
"787","92.205629","MobileGuide"
"788","119.488549","MobileGuide"
"789","79.854069","MobileGuide"
"790","69.701247","MobileGuide"
"791","69.700334","MobileGuide"
"792","72.116274","MobileGuide"
"793","76.383304","MobileGuide"
"794","79.092364","MobileGuide"
"795","112.511372","MobileGuide"
"796","73.017749","MobileGuide"
"797","75.821751","MobileGuide"
"798","71.7259","MobileGuide"
"799","74.839417","MobileGuide"
"800","73.02782","MobileGuide"
"801","274.506763","SPLOT-3CNF-FM-500-50-1.00-SAT-1"
"802","177.443642","SPLOT-3CNF-FM-500-50-1.00-SAT-1"
"803","177.974771","SPLOT-3CNF-FM-500-50-1.00-SAT-1"
"804","278.83624","SPLOT-3CNF-FM-500-50-1.00-SAT-1"
"805","192.68591","SPLOT-3CNF-FM-500-50-1.00-SAT-1"
"806","301.885456","SPLOT-3CNF-FM-500-50-1.00-SAT-1"
"807","278.842507","SPLOT-3CNF-FM-500-50-1.00-SAT-1"
"808","649.234896","SPLOT-3CNF-FM-500-50-1.00-SAT-1"
"809","254.413094","SPLOT-3CNF-FM-500-50-1.00-SAT-1"
"810","218.699717","SPLOT-3CNF-FM-500-50-1.00-SAT-1"
"811","265.966337","SPLOT-3CNF-FM-500-50-1.00-SAT-1"
"812","222.519405","SPLOT-3CNF-FM-500-50-1.00-SAT-1"
"813","303.602408","SPLOT-3CNF-FM-500-50-1.00-SAT-1"
"814","191.913439","SPLOT-3CNF-FM-500-50-1.00-SAT-1"
"815","325.300702","SPLOT-3CNF-FM-500-50-1.00-SAT-1"
"816","242.638937","SPLOT-3CNF-FM-500-50-1.00-SAT-1"
"817","294.722272","SPLOT-3CNF-FM-500-50-1.00-SAT-1"
"818","311.996683","SPLOT-3CNF-FM-500-50-1.00-SAT-1"
"819","264.092555","SPLOT-3CNF-FM-500-50-1.00-SAT-1"
"820","270.450704","SPLOT-3CNF-FM-500-50-1.00-SAT-1"
"821","246.414479","SPLOT-3CNF-FM-500-50-1.00-SAT-1"
"822","230.73344","SPLOT-3CNF-FM-500-50-1.00-SAT-1"
"823","296.256596","SPLOT-3CNF-FM-500-50-1.00-SAT-1"
"824","278.261833","SPLOT-3CNF-FM-500-50-1.00-SAT-1"
"825","205.22288","SPLOT-3CNF-FM-500-50-1.00-SAT-1"
"826","261.748689","SPLOT-3CNF-FM-500-50-1.00-SAT-1"
"827","203.141959","SPLOT-3CNF-FM-500-50-1.00-SAT-1"
"828","227.931831","SPLOT-3CNF-FM-500-50-1.00-SAT-1"
"829","269.933274","SPLOT-3CNF-FM-500-50-1.00-SAT-1"
"830","293.525563","SPLOT-3CNF-FM-500-50-1.00-SAT-1"
"831","273.107259","SPLOT-3CNF-FM-500-50-1.00-SAT-1"
"832","240.326627","SPLOT-3CNF-FM-500-50-1.00-SAT-1"
"833","274.307685","SPLOT-3CNF-FM-500-50-1.00-SAT-1"
"834","281.647577","SPLOT-3CNF-FM-500-50-1.00-SAT-1"
"835","227.764632","SPLOT-3CNF-FM-500-50-1.00-SAT-1"
"836","228.748344","SPLOT-3CNF-FM-500-50-1.00-SAT-1"
"837","179.725356","SPLOT-3CNF-FM-500-50-1.00-SAT-1"
"838","300.652776","SPLOT-3CNF-FM-500-50-1.00-SAT-1"
"839","274.31501","SPLOT-3CNF-FM-500-50-1.00-SAT-1"
"840","193.963839","SPLOT-3CNF-FM-500-50-1.00-SAT-1"
"841","264.744738","SPLOT-3CNF-FM-500-50-1.00-SAT-1"
"842","185.554711","SPLOT-3CNF-FM-500-50-1.00-SAT-1"
"843","257.484358","SPLOT-3CNF-FM-500-50-1.00-SAT-1"
"844","272.376165","SPLOT-3CNF-FM-500-50-1.00-SAT-1"
"845","585.298344","SPLOT-3CNF-FM-500-50-1.00-SAT-1"
"846","255.678396","SPLOT-3CNF-FM-500-50-1.00-SAT-1"
"847","267.474577","SPLOT-3CNF-FM-500-50-1.00-SAT-1"
"848","292.096431","SPLOT-3CNF-FM-500-50-1.00-SAT-1"
"849","302.651867","SPLOT-3CNF-FM-500-50-1.00-SAT-1"
"850","302.240407","SPLOT-3CNF-FM-500-50-1.00-SAT-1"
"851","286.142338","SPLOT-3CNF-FM-500-50-1.00-SAT-1"
"852","271.043641","SPLOT-3CNF-FM-500-50-1.00-SAT-1"
"853","284.76002","SPLOT-3CNF-FM-500-50-1.00-SAT-1"
"854","265.805319","SPLOT-3CNF-FM-500-50-1.00-SAT-1"
"855","180.556406","SPLOT-3CNF-FM-500-50-1.00-SAT-1"
"856","306.204404","SPLOT-3CNF-FM-500-50-1.00-SAT-1"
"857","247.066568","SPLOT-3CNF-FM-500-50-1.00-SAT-1"
"858","321.434969","SPLOT-3CNF-FM-500-50-1.00-SAT-1"
"859","271.569242","SPLOT-3CNF-FM-500-50-1.00-SAT-1"
"860","293.046168","SPLOT-3CNF-FM-500-50-1.00-SAT-1"
"861","345.175009","SPLOT-3CNF-FM-500-50-1.00-SAT-1"
"862","345.418612","SPLOT-3CNF-FM-500-50-1.00-SAT-1"
"863","245.954644","SPLOT-3CNF-FM-500-50-1.00-SAT-1"
"864","315.962151","SPLOT-3CNF-FM-500-50-1.00-SAT-1"
"865","316.5731","SPLOT-3CNF-FM-500-50-1.00-SAT-1"
"866","265.411579","SPLOT-3CNF-FM-500-50-1.00-SAT-1"
"867","258.103337","SPLOT-3CNF-FM-500-50-1.00-SAT-1"
"868","245.451577","SPLOT-3CNF-FM-500-50-1.00-SAT-1"
"869","234.408986","SPLOT-3CNF-FM-500-50-1.00-SAT-1"
"870","267.419732","SPLOT-3CNF-FM-500-50-1.00-SAT-1"
"871","326.65441","SPLOT-3CNF-FM-500-50-1.00-SAT-1"
"872","312.159717","SPLOT-3CNF-FM-500-50-1.00-SAT-1"
"873","314.628353","SPLOT-3CNF-FM-500-50-1.00-SAT-1"
"874","198.269497","SPLOT-3CNF-FM-500-50-1.00-SAT-1"
"875","275.844563","SPLOT-3CNF-FM-500-50-1.00-SAT-1"
"876","302.556736","SPLOT-3CNF-FM-500-50-1.00-SAT-1"
"877","281.64447","SPLOT-3CNF-FM-500-50-1.00-SAT-1"
"878","305.09526","SPLOT-3CNF-FM-500-50-1.00-SAT-1"
"879","204.345461","SPLOT-3CNF-FM-500-50-1.00-SAT-1"
"880","341.618799","SPLOT-3CNF-FM-500-50-1.00-SAT-1"
"881","304.808955","SPLOT-3CNF-FM-500-50-1.00-SAT-1"
"882","284.079871","SPLOT-3CNF-FM-500-50-1.00-SAT-1"
"883","285.912212","SPLOT-3CNF-FM-500-50-1.00-SAT-1"
"884","243.632248","SPLOT-3CNF-FM-500-50-1.00-SAT-1"
"885","291.241132","SPLOT-3CNF-FM-500-50-1.00-SAT-1"
"886","216.318834","SPLOT-3CNF-FM-500-50-1.00-SAT-1"
"887","335.29345","SPLOT-3CNF-FM-500-50-1.00-SAT-1"
"888","304.517125","SPLOT-3CNF-FM-500-50-1.00-SAT-1"
"889","256.629539","SPLOT-3CNF-FM-500-50-1.00-SAT-1"
"890","297.545405","SPLOT-3CNF-FM-500-50-1.00-SAT-1"
"891","281.446237","SPLOT-3CNF-FM-500-50-1.00-SAT-1"
"892","273.289363","SPLOT-3CNF-FM-500-50-1.00-SAT-1"
"893","236.972578","SPLOT-3CNF-FM-500-50-1.00-SAT-1"
"894","330.895244","SPLOT-3CNF-FM-500-50-1.00-SAT-1"
"895","297.702461","SPLOT-3CNF-FM-500-50-1.00-SAT-1"
"896","335.243661","SPLOT-3CNF-FM-500-50-1.00-SAT-1"
"897","289.08282","SPLOT-3CNF-FM-500-50-1.00-SAT-1"
"898","239.547501","SPLOT-3CNF-FM-500-50-1.00-SAT-1"
"899","234.620701","SPLOT-3CNF-FM-500-50-1.00-SAT-1"
"900","261.576149","SPLOT-3CNF-FM-500-50-1.00-SAT-1"
