"","TIME","ALTERNATIVE"
"1","2062.032543","x264ProductLine"
"2","3163.030293","x264ProductLine"
"3","3459.978335","x264ProductLine"
"4","3421.993127","x264ProductLine"
"5","3006.820668","x264ProductLine"
"6","2993.394502","x264ProductLine"
"7","3512.924044","x264ProductLine"
"8","2710.737002","x264ProductLine"
"9","3348.08271","x264ProductLine"
"10","3264.069834","x264ProductLine"
"11","2829.507668","x264ProductLine"
"12","3065.735418","x264ProductLine"
"13","3445.41021","x264ProductLine"
"14","3444.904085","x264ProductLine"
"15","3446.97996","x264ProductLine"
"16","3456.573544","x264ProductLine"
"17","3542.682377","x264ProductLine"
"18","2361.34121","x264ProductLine"
"19","3695.258377","x264ProductLine"
"20","3013.52896","x264ProductLine"
"21","3288.641835","x264ProductLine"
"22","3500.98771","x264ProductLine"
"23","3260.007793","x264ProductLine"
"24","3406.107835","x264ProductLine"
"25","3392.273293","x264ProductLine"
"26","3077.930126","x264ProductLine"
"27","3663.45071","x264ProductLine"
"28","3388.272543","x264ProductLine"
"29","3727.935585","x264ProductLine"
"30","3297.854085","x264ProductLine"
"31","3366.429252","x264ProductLine"
"32","3618.695585","x264ProductLine"
"33","3443.873085","x264ProductLine"
"34","3553.93046","x264ProductLine"
"35","3587.011752","x264ProductLine"
"36","3321.021085","x264ProductLine"
"37","3488.701169","x264ProductLine"
"38","2995.593126","x264ProductLine"
"39","3478.674793","x264ProductLine"
"40","2991.171793","x264ProductLine"
"41","3523.673877","x264ProductLine"
"42","2963.075126","x264ProductLine"
"43","3600.772294","x264ProductLine"
"44","2858.28146","x264ProductLine"
"45","3323.917543","x264ProductLine"
"46","3865.502668","x264ProductLine"
"47","2979.172085","x264ProductLine"
"48","3275.394626","x264ProductLine"
"49","2925.106543","x264ProductLine"
"50","3251.389751","x264ProductLine"
"51","3081.23721","x264ProductLine"
"52","3558.161252","x264ProductLine"
"53","3433.45596","x264ProductLine"
"54","3132.005126","x264ProductLine"
"55","3068.117335","x264ProductLine"
"56","3087.68096","x264ProductLine"
"57","3664.887377","x264ProductLine"
"58","3497.67746","x264ProductLine"
"59","3287.88096","x264ProductLine"
"60","2665.514334","x264ProductLine"
"61","3209.825752","x264ProductLine"
"62","3663.486169","x264ProductLine"
"63","3289.21446","x264ProductLine"
"64","2844.134376","x264ProductLine"
"65","3021.970543","x264ProductLine"
"66","2972.573377","x264ProductLine"
"67","3479.910335","x264ProductLine"
"68","3540.368585","x264ProductLine"
"69","3066.04821","x264ProductLine"
"70","3272.482626","x264ProductLine"
"71","3028.673501","x264ProductLine"
"72","3725.893335","x264ProductLine"
"73","2909.02596","x264ProductLine"
"74","3492.922377","x264ProductLine"
"75","3733.260668","x264ProductLine"
"76","3356.472335","x264ProductLine"
"77","3487.723418","x264ProductLine"
"78","3432.09546","x264ProductLine"
"79","3656.830919","x264ProductLine"
"80","3459.276752","x264ProductLine"
"81","3553.85871","x264ProductLine"
"82","3611.721585","x264ProductLine"
"83","3448.83071","x264ProductLine"
"84","2497.992376","x264ProductLine"
"85","3271.369335","x264ProductLine"
"86","3951.184501","x264ProductLine"
"87","4208.664169","x264ProductLine"
"88","3621.590543","x264ProductLine"
"89","3603.506877","x264ProductLine"
"90","3764.163627","x264ProductLine"
"91","2917.75421","x264ProductLine"
"92","3536.656626","x264ProductLine"
"93","3414.420876","x264ProductLine"
"94","2370.84696","x264ProductLine"
"95","3107.80571","x264ProductLine"
"96","3420.973002","x264ProductLine"
"97","3946.731293","x264ProductLine"
"98","3215.157001","x264ProductLine"
"99","3778.954294","x264ProductLine"
"100","3566.826585","x264ProductLine"
"101","3622.221502","WgetProductLine"
"102","4863.580211","WgetProductLine"
"103","5413.682336","WgetProductLine"
"104","4989.884794","WgetProductLine"
"105","4199.479293","WgetProductLine"
"106","3428.759418","WgetProductLine"
"107","4727.271336","WgetProductLine"
"108","5242.514211","WgetProductLine"
"109","4340.444877","WgetProductLine"
"110","5018.571419","WgetProductLine"
"111","3428.739919","WgetProductLine"
"112","4654.490544","WgetProductLine"
"113","3460.337793","WgetProductLine"
"114","3531.302126","WgetProductLine"
"115","4578.110294","WgetProductLine"
"116","4307.308836","WgetProductLine"
"117","4547.210668","WgetProductLine"
"118","2632.213418","WgetProductLine"
"119","3673.69321","WgetProductLine"
"120","4141.321627","WgetProductLine"
"121","5307.964753","WgetProductLine"
"122","4732.321169","WgetProductLine"
"123","4571.597252","WgetProductLine"
"124","4411.303877","WgetProductLine"
"125","4715.427711","WgetProductLine"
"126","3693.063002","WgetProductLine"
"127","3970.475127","WgetProductLine"
"128","4110.954836","WgetProductLine"
"129","3861.497293","WgetProductLine"
"130","4658.832627","WgetProductLine"
"131","5077.429336","WgetProductLine"
"132","4601.325043","WgetProductLine"
"133","4649.587211","WgetProductLine"
"134","4831.541169","WgetProductLine"
"135","4690.821419","WgetProductLine"
"136","4870.060669","WgetProductLine"
"137","5120.797044","WgetProductLine"
"138","3824.497252","WgetProductLine"
"139","4700.612669","WgetProductLine"
"140","3073.424418","WgetProductLine"
"141","4911.846502","WgetProductLine"
"142","4480.923877","WgetProductLine"
"143","5314.225002","WgetProductLine"
"144","3031.047918","WgetProductLine"
"145","4507.049003","WgetProductLine"
"146","4946.950503","WgetProductLine"
"147","4873.39496","WgetProductLine"
"148","4910.285544","WgetProductLine"
"149","3772.866877","WgetProductLine"
"150","4166.023543","WgetProductLine"
"151","4939.592586","WgetProductLine"
"152","3796.34771","WgetProductLine"
"153","5467.15767","WgetProductLine"
"154","4624.897502","WgetProductLine"
"155","3805.078793","WgetProductLine"
"156","4141.050502","WgetProductLine"
"157","4857.294877","WgetProductLine"
"158","4409.020044","WgetProductLine"
"159","3101.054418","WgetProductLine"
"160","4210.356919","WgetProductLine"
"161","4796.328002","WgetProductLine"
"162","3579.33771","WgetProductLine"
"163","4547.453544","WgetProductLine"
"164","4919.825877","WgetProductLine"
"165","3923.278918","WgetProductLine"
"166","3626.775585","WgetProductLine"
"167","4562.580335","WgetProductLine"
"168","3553.605335","WgetProductLine"
"169","4794.528752","WgetProductLine"
"170","4825.623294","WgetProductLine"
"171","5039.945336","WgetProductLine"
"172","4695.360627","WgetProductLine"
"173","4898.04196","WgetProductLine"
"174","5318.936669","WgetProductLine"
"175","3994.963461","WgetProductLine"
"176","4940.682252","WgetProductLine"
"177","4590.403586","WgetProductLine"
"178","5132.139669","WgetProductLine"
"179","4590.855252","WgetProductLine"
"180","4713.321627","WgetProductLine"
"181","4599.631168","WgetProductLine"
"182","4611.279294","WgetProductLine"
"183","5399.361503","WgetProductLine"
"184","5079.626585","WgetProductLine"
"185","4306.302752","WgetProductLine"
"186","5788.103045","WgetProductLine"
"187","5665.447961","WgetProductLine"
"188","4640.421127","WgetProductLine"
"189","4040.054502","WgetProductLine"
"190","3179.450876","WgetProductLine"
"191","4643.928377","WgetProductLine"
"192","3391.354502","WgetProductLine"
"193","4813.45771","WgetProductLine"
"194","5065.793419","WgetProductLine"
"195","4095.628043","WgetProductLine"
"196","4740.183878","WgetProductLine"
"197","5162.566711","WgetProductLine"
"198","4984.916002","WgetProductLine"
"199","5308.344753","WgetProductLine"
"200","4971.207586","WgetProductLine"
"201","2242.402334","BerkeleyDBMemoryversionProductLine"
"202","2856.922502","BerkeleyDBMemoryversionProductLine"
"203","3141.172877","BerkeleyDBMemoryversionProductLine"
"204","3047.239169","BerkeleyDBMemoryversionProductLine"
"205","3022.23021","BerkeleyDBMemoryversionProductLine"
"206","2654.841335","BerkeleyDBMemoryversionProductLine"
"207","2856.071044","BerkeleyDBMemoryversionProductLine"
"208","2964.033918","BerkeleyDBMemoryversionProductLine"
"209","2977.353293","BerkeleyDBMemoryversionProductLine"
"210","3137.512919","BerkeleyDBMemoryversionProductLine"
"211","3117.481209","BerkeleyDBMemoryversionProductLine"
"212","2902.499585","BerkeleyDBMemoryversionProductLine"
"213","2957.559918","BerkeleyDBMemoryversionProductLine"
"214","3135.354627","BerkeleyDBMemoryversionProductLine"
"215","2695.804376","BerkeleyDBMemoryversionProductLine"
"216","3110.401126","BerkeleyDBMemoryversionProductLine"
"217","3173.149168","BerkeleyDBMemoryversionProductLine"
"218","3168.588752","BerkeleyDBMemoryversionProductLine"
"219","3155.401419","BerkeleyDBMemoryversionProductLine"
"220","2976.633335","BerkeleyDBMemoryversionProductLine"
"221","3194.571002","BerkeleyDBMemoryversionProductLine"
"222","3059.90946","BerkeleyDBMemoryversionProductLine"
"223","2850.813918","BerkeleyDBMemoryversionProductLine"
"224","2935.687918","BerkeleyDBMemoryversionProductLine"
"225","2944.545626","BerkeleyDBMemoryversionProductLine"
"226","3130.505335","BerkeleyDBMemoryversionProductLine"
"227","2984.18996","BerkeleyDBMemoryversionProductLine"
"228","2964.33071","BerkeleyDBMemoryversionProductLine"
"229","2839.867335","BerkeleyDBMemoryversionProductLine"
"230","2968.440918","BerkeleyDBMemoryversionProductLine"
"231","3022.334793","BerkeleyDBMemoryversionProductLine"
"232","3091.512585","BerkeleyDBMemoryversionProductLine"
"233","2574.143085","BerkeleyDBMemoryversionProductLine"
"234","3043.14871","BerkeleyDBMemoryversionProductLine"
"235","3021.310793","BerkeleyDBMemoryversionProductLine"
"236","3189.909501","BerkeleyDBMemoryversionProductLine"
"237","3283.130835","BerkeleyDBMemoryversionProductLine"
"238","2972.158543","BerkeleyDBMemoryversionProductLine"
"239","2779.396335","BerkeleyDBMemoryversionProductLine"
"240","3063.390085","BerkeleyDBMemoryversionProductLine"
"241","2909.556834","BerkeleyDBMemoryversionProductLine"
"242","2968.650835","BerkeleyDBMemoryversionProductLine"
"243","2699.958043","BerkeleyDBMemoryversionProductLine"
"244","3103.981418","BerkeleyDBMemoryversionProductLine"
"245","3162.483002","BerkeleyDBMemoryversionProductLine"
"246","2960.002501","BerkeleyDBMemoryversionProductLine"
"247","2733.821834","BerkeleyDBMemoryversionProductLine"
"248","3221.346793","BerkeleyDBMemoryversionProductLine"
"249","2925.206877","BerkeleyDBMemoryversionProductLine"
"250","2800.920877","BerkeleyDBMemoryversionProductLine"
"251","3040.571418","BerkeleyDBMemoryversionProductLine"
"252","3016.006626","BerkeleyDBMemoryversionProductLine"
"253","2824.748376","BerkeleyDBMemoryversionProductLine"
"254","2983.512543","BerkeleyDBMemoryversionProductLine"
"255","2944.661043","BerkeleyDBMemoryversionProductLine"
"256","2858.210626","BerkeleyDBMemoryversionProductLine"
"257","3000.065334","BerkeleyDBMemoryversionProductLine"
"258","2954.771793","BerkeleyDBMemoryversionProductLine"
"259","3165.130002","BerkeleyDBMemoryversionProductLine"
"260","3036.805543","BerkeleyDBMemoryversionProductLine"
"261","3084.748043","BerkeleyDBMemoryversionProductLine"
"262","2818.810876","BerkeleyDBMemoryversionProductLine"
"263","3046.710752","BerkeleyDBMemoryversionProductLine"
"264","3032.519168","BerkeleyDBMemoryversionProductLine"
"265","3153.53721","BerkeleyDBMemoryversionProductLine"
"266","2945.389001","BerkeleyDBMemoryversionProductLine"
"267","3062.073793","BerkeleyDBMemoryversionProductLine"
"268","2883.714168","BerkeleyDBMemoryversionProductLine"
"269","2922.904043","BerkeleyDBMemoryversionProductLine"
"270","2966.682835","BerkeleyDBMemoryversionProductLine"
"271","3056.12521","BerkeleyDBMemoryversionProductLine"
"272","3030.099001","BerkeleyDBMemoryversionProductLine"
"273","2857.543668","BerkeleyDBMemoryversionProductLine"
"274","2655.673835","BerkeleyDBMemoryversionProductLine"
"275","2911.131251","BerkeleyDBMemoryversionProductLine"
"276","2983.825918","BerkeleyDBMemoryversionProductLine"
"277","2964.83646","BerkeleyDBMemoryversionProductLine"
"278","2965.973959","BerkeleyDBMemoryversionProductLine"
"279","2986.846376","BerkeleyDBMemoryversionProductLine"
"280","2984.091293","BerkeleyDBMemoryversionProductLine"
"281","2963.556585","BerkeleyDBMemoryversionProductLine"
"282","2757.126002","BerkeleyDBMemoryversionProductLine"
"283","3083.814709","BerkeleyDBMemoryversionProductLine"
"284","3091.607252","BerkeleyDBMemoryversionProductLine"
"285","2974.685418","BerkeleyDBMemoryversionProductLine"
"286","3529.153293","BerkeleyDBMemoryversionProductLine"
"287","3335.532877","BerkeleyDBMemoryversionProductLine"
"288","2841.753835","BerkeleyDBMemoryversionProductLine"
"289","2943.956335","BerkeleyDBMemoryversionProductLine"
"290","3021.53396","BerkeleyDBMemoryversionProductLine"
"291","2985.438793","BerkeleyDBMemoryversionProductLine"
"292","2757.721376","BerkeleyDBMemoryversionProductLine"
"293","2782.581543","BerkeleyDBMemoryversionProductLine"
"294","2645.930627","BerkeleyDBMemoryversionProductLine"
"295","2890.221168","BerkeleyDBMemoryversionProductLine"
"296","3678.563793","BerkeleyDBMemoryversionProductLine"
"297","3473.452126","BerkeleyDBMemoryversionProductLine"
"298","3589.324585","BerkeleyDBMemoryversionProductLine"
"299","3318.642835","BerkeleyDBMemoryversionProductLine"
"300","2813.612709","BerkeleyDBMemoryversionProductLine"
"301","3671.584293","SensorNetworkProductLine"
"302","5110.743544","SensorNetworkProductLine"
"303","5454.825169","SensorNetworkProductLine"
"304","5042.546128","SensorNetworkProductLine"
"305","5085.528919","SensorNetworkProductLine"
"306","5683.771337","SensorNetworkProductLine"
"307","5192.985128","SensorNetworkProductLine"
"308","4986.156336","SensorNetworkProductLine"
"309","5024.770461","SensorNetworkProductLine"
"310","4940.542419","SensorNetworkProductLine"
"311","5477.180211","SensorNetworkProductLine"
"312","5073.368169","SensorNetworkProductLine"
"313","5164.878794","SensorNetworkProductLine"
"314","4825.237377","SensorNetworkProductLine"
"315","5277.515919","SensorNetworkProductLine"
"316","4758.372002","SensorNetworkProductLine"
"317","5355.723586","SensorNetworkProductLine"
"318","5617.532461","SensorNetworkProductLine"
"319","5420.157127","SensorNetworkProductLine"
"320","5095.425711","SensorNetworkProductLine"
"321","5639.079252","SensorNetworkProductLine"
"322","5242.359877","SensorNetworkProductLine"
"323","5387.983961","SensorNetworkProductLine"
"324","5258.162336","SensorNetworkProductLine"
"325","5409.298628","SensorNetworkProductLine"
"326","5255.530045","SensorNetworkProductLine"
"327","5528.371377","SensorNetworkProductLine"
"328","5031.216127","SensorNetworkProductLine"
"329","4904.516169","SensorNetworkProductLine"
"330","5227.626836","SensorNetworkProductLine"
"331","5450.253377","SensorNetworkProductLine"
"332","5046.634169","SensorNetworkProductLine"
"333","4928.358586","SensorNetworkProductLine"
"334","5957.862795","SensorNetworkProductLine"
"335","5048.86621","SensorNetworkProductLine"
"336","4935.270794","SensorNetworkProductLine"
"337","4808.049586","SensorNetworkProductLine"
"338","5773.304086","SensorNetworkProductLine"
"339","5096.827127","SensorNetworkProductLine"
"340","6107.062462","SensorNetworkProductLine"
"341","4837.600461","SensorNetworkProductLine"
"342","4955.352044","SensorNetworkProductLine"
"343","5415.593086","SensorNetworkProductLine"
"344","4882.269419","SensorNetworkProductLine"
"345","5542.786586","SensorNetworkProductLine"
"346","4608.550461","SensorNetworkProductLine"
"347","5205.649253","SensorNetworkProductLine"
"348","5355.568419","SensorNetworkProductLine"
"349","5160.387711","SensorNetworkProductLine"
"350","5398.879128","SensorNetworkProductLine"
"351","5229.840128","SensorNetworkProductLine"
"352","5550.136211","SensorNetworkProductLine"
"353","5133.520794","SensorNetworkProductLine"
"354","5369.172877","SensorNetworkProductLine"
"355","5679.924086","SensorNetworkProductLine"
"356","4034.420918","SensorNetworkProductLine"
"357","5264.963961","SensorNetworkProductLine"
"358","4990.913377","SensorNetworkProductLine"
"359","5170.997252","SensorNetworkProductLine"
"360","4965.323127","SensorNetworkProductLine"
"361","5501.012961","SensorNetworkProductLine"
"362","5025.057252","SensorNetworkProductLine"
"363","5302.932044","SensorNetworkProductLine"
"364","5723.445419","SensorNetworkProductLine"
"365","5187.694252","SensorNetworkProductLine"
"366","5396.623544","SensorNetworkProductLine"
"367","5219.108044","SensorNetworkProductLine"
"368","5572.554044","SensorNetworkProductLine"
"369","5371.709836","SensorNetworkProductLine"
"370","5540.458336","SensorNetworkProductLine"
"371","5373.074669","SensorNetworkProductLine"
"372","5324.481044","SensorNetworkProductLine"
"373","5741.052669","SensorNetworkProductLine"
"374","5542.647544","SensorNetworkProductLine"
"375","5645.597128","SensorNetworkProductLine"
"376","5516.45267","SensorNetworkProductLine"
"377","4540.693627","SensorNetworkProductLine"
"378","4893.524544","SensorNetworkProductLine"
"379","5379.228252","SensorNetworkProductLine"
"380","5445.208461","SensorNetworkProductLine"
"381","4977.709628","SensorNetworkProductLine"
"382","5794.318961","SensorNetworkProductLine"
"383","5678.302169","SensorNetworkProductLine"
"384","4965.672711","SensorNetworkProductLine"
"385","4732.429836","SensorNetworkProductLine"
"386","5408.658628","SensorNetworkProductLine"
"387","6516.67842","SensorNetworkProductLine"
"388","5595.268336","SensorNetworkProductLine"
"389","5194.835044","SensorNetworkProductLine"
"390","5582.733211","SensorNetworkProductLine"
"391","5455.298878","SensorNetworkProductLine"
"392","4878.631586","SensorNetworkProductLine"
"393","5803.254294","SensorNetworkProductLine"
"394","5431.075378","SensorNetworkProductLine"
"395","4760.840752","SensorNetworkProductLine"
"396","6036.087628","SensorNetworkProductLine"
"397","6278.874337","SensorNetworkProductLine"
"398","6240.488878","SensorNetworkProductLine"
"399","5580.850044","SensorNetworkProductLine"
"400","5139.106086","SensorNetworkProductLine"
"401","2708.436626","StrategyMobileGame"
"402","4143.624085","StrategyMobileGame"
"403","4162.223585","StrategyMobileGame"
"404","4208.355335","StrategyMobileGame"
"405","4307.833544","StrategyMobileGame"
"406","4087.773918","StrategyMobileGame"
"407","4050.719418","StrategyMobileGame"
"408","4078.879668","StrategyMobileGame"
"409","4267.272544","StrategyMobileGame"
"410","4293.132252","StrategyMobileGame"
"411","4200.152252","StrategyMobileGame"
"412","3351.634127","StrategyMobileGame"
"413","4058.499544","StrategyMobileGame"
"414","4134.993668","StrategyMobileGame"
"415","4244.324086","StrategyMobileGame"
"416","4272.076544","StrategyMobileGame"
"417","3780.400627","StrategyMobileGame"
"418","3752.948752","StrategyMobileGame"
"419","4429.013919","StrategyMobileGame"
"420","4078.498377","StrategyMobileGame"
"421","4227.935043","StrategyMobileGame"
"422","4333.850252","StrategyMobileGame"
"423","3328.609835","StrategyMobileGame"
"424","4466.320961","StrategyMobileGame"
"425","4265.37846","StrategyMobileGame"
"426","3989.187669","StrategyMobileGame"
"427","3783.906835","StrategyMobileGame"
"428","4141.712835","StrategyMobileGame"
"429","4231.217627","StrategyMobileGame"
"430","4092.400377","StrategyMobileGame"
"431","3946.936918","StrategyMobileGame"
"432","4241.630835","StrategyMobileGame"
"433","4030.558211","StrategyMobileGame"
"434","4419.16496","StrategyMobileGame"
"435","4426.081794","StrategyMobileGame"
"436","3904.419585","StrategyMobileGame"
"437","3993.926627","StrategyMobileGame"
"438","4184.428335","StrategyMobileGame"
"439","4423.117835","StrategyMobileGame"
"440","4066.595877","StrategyMobileGame"
"441","4213.342835","StrategyMobileGame"
"442","3953.087544","StrategyMobileGame"
"443","4126.39721","StrategyMobileGame"
"444","4251.588169","StrategyMobileGame"
"445","3878.715502","StrategyMobileGame"
"446","3970.823752","StrategyMobileGame"
"447","4279.417418","StrategyMobileGame"
"448","4135.93671","StrategyMobileGame"
"449","4072.569794","StrategyMobileGame"
"450","4474.572544","StrategyMobileGame"
"451","3909.475335","StrategyMobileGame"
"452","3867.626669","StrategyMobileGame"
"453","3960.064877","StrategyMobileGame"
"454","4121.424668","StrategyMobileGame"
"455","4078.937418","StrategyMobileGame"
"456","4708.315169","StrategyMobileGame"
"457","4371.200086","StrategyMobileGame"
"458","3770.619169","StrategyMobileGame"
"459","4159.760544","StrategyMobileGame"
"460","4343.756294","StrategyMobileGame"
"461","4351.19121","StrategyMobileGame"
"462","4393.344127","StrategyMobileGame"
"463","4347.515919","StrategyMobileGame"
"464","3884.991877","StrategyMobileGame"
"465","4112.973211","StrategyMobileGame"
"466","4103.93971","StrategyMobileGame"
"467","4096.392626","StrategyMobileGame"
"468","4128.737502","StrategyMobileGame"
"469","3958.723377","StrategyMobileGame"
"470","4382.685669","StrategyMobileGame"
"471","4047.573836","StrategyMobileGame"
"472","4014.48446","StrategyMobileGame"
"473","4238.314127","StrategyMobileGame"
"474","3883.454627","StrategyMobileGame"
"475","4158.401502","StrategyMobileGame"
"476","4019.556586","StrategyMobileGame"
"477","4355.043668","StrategyMobileGame"
"478","3806.313711","StrategyMobileGame"
"479","4046.023835","StrategyMobileGame"
"480","4107.567627","StrategyMobileGame"
"481","4088.063544","StrategyMobileGame"
"482","4282.682252","StrategyMobileGame"
"483","4296.070377","StrategyMobileGame"
"484","4233.168502","StrategyMobileGame"
"485","3605.126585","StrategyMobileGame"
"486","4816.343961","StrategyMobileGame"
"487","4974.998044","StrategyMobileGame"
"488","4057.126877","StrategyMobileGame"
"489","4102.79446","StrategyMobileGame"
"490","4323.833335","StrategyMobileGame"
"491","4408.877335","StrategyMobileGame"
"492","3647.527877","StrategyMobileGame"
"493","4091.076961","StrategyMobileGame"
"494","4564.636085","StrategyMobileGame"
"495","4116.781711","StrategyMobileGame"
"496","4687.686794","StrategyMobileGame"
"497","4843.856752","StrategyMobileGame"
"498","4977.861669","StrategyMobileGame"
"499","3847.822627","StrategyMobileGame"
"500","4378.57921","StrategyMobileGame"
"501","3549.089044","TankWar"
"502","3919.215419","TankWar"
"503","4402.700211","TankWar"
"504","4381.000335","TankWar"
"505","4528.302628","TankWar"
"506","4731.155669","TankWar"
"507","4101.38996","TankWar"
"508","4409.070544","TankWar"
"509","4918.916419","TankWar"
"510","4055.531044","TankWar"
"511","4077.790336","TankWar"
"512","4441.449877","TankWar"
"513","3887.707669","TankWar"
"514","3929.283376","TankWar"
"515","3990.285044","TankWar"
"516","4464.789835","TankWar"
"517","4275.390043","TankWar"
"518","4444.031419","TankWar"
"519","4010.383543","TankWar"
"520","4604.831252","TankWar"
"521","4503.321377","TankWar"
"522","3930.41221","TankWar"
"523","3930.675044","TankWar"
"524","3984.930252","TankWar"
"525","3941.618669","TankWar"
"526","4412.357377","TankWar"
"527","3651.330669","TankWar"
"528","3933.136877","TankWar"
"529","4146.195085","TankWar"
"530","4055.188544","TankWar"
"531","4668.922794","TankWar"
"532","4326.014585","TankWar"
"533","4007.76121","TankWar"
"534","4556.061044","TankWar"
"535","3486.72971","TankWar"
"536","3901.712419","TankWar"
"537","4650.433127","TankWar"
"538","3835.493002","TankWar"
"539","4151.872877","TankWar"
"540","4117.274377","TankWar"
"541","4057.635043","TankWar"
"542","4047.897044","TankWar"
"543","4398.075169","TankWar"
"544","4322.693127","TankWar"
"545","3983.050419","TankWar"
"546","4427.528169","TankWar"
"547","4029.77146","TankWar"
"548","3653.861169","TankWar"
"549","3935.986919","TankWar"
"550","4403.364502","TankWar"
"551","4205.171835","TankWar"
"552","4651.110335","TankWar"
"553","3886.972168","TankWar"
"554","4107.827336","TankWar"
"555","4077.546252","TankWar"
"556","3720.320835","TankWar"
"557","3820.349627","TankWar"
"558","3708.406418","TankWar"
"559","4122.011461","TankWar"
"560","4238.157002","TankWar"
"561","4085.093585","TankWar"
"562","4218.72421","TankWar"
"563","4670.945294","TankWar"
"564","4074.021794","TankWar"
"565","4123.51046","TankWar"
"566","3875.775335","TankWar"
"567","3749.05446","TankWar"
"568","4072.293377","TankWar"
"569","3853.59471","TankWar"
"570","4087.350877","TankWar"
"571","4204.606836","TankWar"
"572","4328.476794","TankWar"
"573","4251.272294","TankWar"
"574","4170.37121","TankWar"
"575","4522.992127","TankWar"
"576","4149.545586","TankWar"
"577","4025.166294","TankWar"
"578","3884.576043","TankWar"
"579","4248.950543","TankWar"
"580","3915.259585","TankWar"
"581","4035.765502","TankWar"
"582","3832.20296","TankWar"
"583","4141.913919","TankWar"
"584","4034.911918","TankWar"
"585","4341.556043","TankWar"
"586","5088.668461","TankWar"
"587","5110.499794","TankWar"
"588","4292.70571","TankWar"
"589","3921.591752","TankWar"
"590","3747.880293","TankWar"
"591","4230.201919","TankWar"
"592","3892.454794","TankWar"
"593","4151.087044","TankWar"
"594","4110.130669","TankWar"
"595","3901.90521","TankWar"
"596","4649.726752","TankWar"
"597","5055.040669","TankWar"
"598","4906.727419","TankWar"
"599","4092.908961","TankWar"
"600","3406.153835","TankWar"
"601","3214.128876","MobileMedia2"
"602","4192.986627","MobileMedia2"
"603","4009.496127","MobileMedia2"
"604","3971.684794","MobileMedia2"
"605","4078.589627","MobileMedia2"
"606","4216.750669","MobileMedia2"
"607","3909.694252","MobileMedia2"
"608","3927.162918","MobileMedia2"
"609","3953.490127","MobileMedia2"
"610","4084.991543","MobileMedia2"
"611","3875.550793","MobileMedia2"
"612","3855.498293","MobileMedia2"
"613","3889.681293","MobileMedia2"
"614","4154.598877","MobileMedia2"
"615","3834.795544","MobileMedia2"
"616","4141.757793","MobileMedia2"
"617","3986.209836","MobileMedia2"
"618","3649.392793","MobileMedia2"
"619","3793.68746","MobileMedia2"
"620","4194.273335","MobileMedia2"
"621","4142.478044","MobileMedia2"
"622","4221.682043","MobileMedia2"
"623","3977.440752","MobileMedia2"
"624","4067.972335","MobileMedia2"
"625","4615.373419","MobileMedia2"
"626","4027.177002","MobileMedia2"
"627","3521.641377","MobileMedia2"
"628","3655.022877","MobileMedia2"
"629","3997.283043","MobileMedia2"
"630","4061.491835","MobileMedia2"
"631","4529.350794","MobileMedia2"
"632","3939.559294","MobileMedia2"
"633","4054.611044","MobileMedia2"
"634","4278.786544","MobileMedia2"
"635","4299.212877","MobileMedia2"
"636","4242.091586","MobileMedia2"
"637","3451.298043","MobileMedia2"
"638","4253.105419","MobileMedia2"
"639","4437.669586","MobileMedia2"
"640","3839.412543","MobileMedia2"
"641","4107.95896","MobileMedia2"
"642","4043.514668","MobileMedia2"
"643","3992.648127","MobileMedia2"
"644","4157.114085","MobileMedia2"
"645","3955.343752","MobileMedia2"
"646","4376.709835","MobileMedia2"
"647","3813.154835","MobileMedia2"
"648","4226.708794","MobileMedia2"
"649","4503.038918","MobileMedia2"
"650","4270.617002","MobileMedia2"
"651","3963.104835","MobileMedia2"
"652","4084.12646","MobileMedia2"
"653","4472.736127","MobileMedia2"
"654","3775.344793","MobileMedia2"
"655","4048.118127","MobileMedia2"
"656","3747.451835","MobileMedia2"
"657","3962.156168","MobileMedia2"
"658","3526.103668","MobileMedia2"
"659","3807.064752","MobileMedia2"
"660","4250.67896","MobileMedia2"
"661","3472.44546","MobileMedia2"
"662","3841.610336","MobileMedia2"
"663","4107.623335","MobileMedia2"
"664","3955.274252","MobileMedia2"
"665","4138.175169","MobileMedia2"
"666","4261.033961","MobileMedia2"
"667","4111.943127","MobileMedia2"
"668","3686.957794","MobileMedia2"
"669","3779.103294","MobileMedia2"
"670","3583.749919","MobileMedia2"
"671","4300.298794","MobileMedia2"
"672","4110.246044","MobileMedia2"
"673","4070.359835","MobileMedia2"
"674","4056.659794","MobileMedia2"
"675","4134.126335","MobileMedia2"
"676","4441.090919","MobileMedia2"
"677","3901.842126","MobileMedia2"
"678","3778.667002","MobileMedia2"
"679","3764.518543","MobileMedia2"
"680","3815.659043","MobileMedia2"
"681","4003.09071","MobileMedia2"
"682","3921.15246","MobileMedia2"
"683","4179.710586","MobileMedia2"
"684","4081.597169","MobileMedia2"
"685","3559.643502","MobileMedia2"
"686","5126.842627","MobileMedia2"
"687","4962.550502","MobileMedia2"
"688","4071.536169","MobileMedia2"
"689","4133.797002","MobileMedia2"
"690","3888.815002","MobileMedia2"
"691","4041.929335","MobileMedia2"
"692","4037.172502","MobileMedia2"
"693","4214.951002","MobileMedia2"
"694","3916.810835","MobileMedia2"
"695","4152.54471","MobileMedia2"
"696","5035.059836","MobileMedia2"
"697","4872.254044","MobileMedia2"
"698","5090.256044","MobileMedia2"
"699","4066.71896","MobileMedia2"
"700","4047.875461","MobileMedia2"
"701","3985.351377","MobileGuide"
"702","5111.823085","MobileGuide"
"703","4657.300044","MobileGuide"
"704","4847.750211","MobileGuide"
"705","4831.612211","MobileGuide"
"706","4827.483044","MobileGuide"
"707","4807.32896","MobileGuide"
"708","4856.716128","MobileGuide"
"709","4544.102252","MobileGuide"
"710","4806.258669","MobileGuide"
"711","5328.52417","MobileGuide"
"712","4635.636586","MobileGuide"
"713","5042.606294","MobileGuide"
"714","4773.905044","MobileGuide"
"715","5128.853586","MobileGuide"
"716","4991.479961","MobileGuide"
"717","3959.151127","MobileGuide"
"718","4870.227878","MobileGuide"
"719","5590.630878","MobileGuide"
"720","4928.481836","MobileGuide"
"721","3931.528252","MobileGuide"
"722","4590.189794","MobileGuide"
"723","5256.562961","MobileGuide"
"724","4134.787752","MobileGuide"
"725","4466.850377","MobileGuide"
"726","5087.847252","MobileGuide"
"727","4505.062252","MobileGuide"
"728","5141.506669","MobileGuide"
"729","4973.548461","MobileGuide"
"730","4812.074877","MobileGuide"
"731","5072.439628","MobileGuide"
"732","4864.907086","MobileGuide"
"733","4607.842461","MobileGuide"
"734","4589.76421","MobileGuide"
"735","4873.226044","MobileGuide"
"736","4728.980335","MobileGuide"
"737","5194.993294","MobileGuide"
"738","4668.143085","MobileGuide"
"739","5518.724253","MobileGuide"
"740","4671.255335","MobileGuide"
"741","4247.512419","MobileGuide"
"742","4817.442211","MobileGuide"
"743","4538.469585","MobileGuide"
"744","4955.711878","MobileGuide"
"745","4860.00646","MobileGuide"
"746","4326.303335","MobileGuide"
"747","4477.715627","MobileGuide"
"748","5457.796544","MobileGuide"
"749","4602.693961","MobileGuide"
"750","4693.050919","MobileGuide"
"751","5038.990335","MobileGuide"
"752","4700.216294","MobileGuide"
"753","4547.920793","MobileGuide"
"754","4801.034336","MobileGuide"
"755","5039.211002","MobileGuide"
"756","5151.650211","MobileGuide"
"757","4699.915919","MobileGuide"
"758","4654.774461","MobileGuide"
"759","5137.882336","MobileGuide"
"760","4658.780002","MobileGuide"
"761","4622.370169","MobileGuide"
"762","4394.899252","MobileGuide"
"763","4741.437877","MobileGuide"
"764","5210.950919","MobileGuide"
"765","4408.789627","MobileGuide"
"766","4697.040544","MobileGuide"
"767","4502.306544","MobileGuide"
"768","4704.86421","MobileGuide"
"769","3951.418586","MobileGuide"
"770","5476.469044","MobileGuide"
"771","5126.654253","MobileGuide"
"772","4753.666919","MobileGuide"
"773","4686.011211","MobileGuide"
"774","4487.061461","MobileGuide"
"775","4787.170044","MobileGuide"
"776","4641.951294","MobileGuide"
"777","4427.599211","MobileGuide"
"778","5545.410211","MobileGuide"
"779","5294.280961","MobileGuide"
"780","4863.542585","MobileGuide"
"781","5113.096086","MobileGuide"
"782","4533.16746","MobileGuide"
"783","4994.354336","MobileGuide"
"784","4546.997544","MobileGuide"
"785","4849.434919","MobileGuide"
"786","5746.423336","MobileGuide"
"787","5879.724461","MobileGuide"
"788","4482.029211","MobileGuide"
"789","4878.820836","MobileGuide"
"790","5330.257794","MobileGuide"
"791","4600.467377","MobileGuide"
"792","4889.07121","MobileGuide"
"793","4968.666502","MobileGuide"
"794","5279.205419","MobileGuide"
"795","4515.020294","MobileGuide"
"796","5673.866711","MobileGuide"
"797","4905.231627","MobileGuide"
"798","5688.971377","MobileGuide"
"799","4920.373586","MobileGuide"
"800","5144.507544","MobileGuide"
"801","44103.355354","SPLOT-3CNF-FM-500-50-1.00-SAT-1"
"802","50920.481108","SPLOT-3CNF-FM-500-50-1.00-SAT-1"
"803","48317.922315","SPLOT-3CNF-FM-500-50-1.00-SAT-1"
"804","46021.255314","SPLOT-3CNF-FM-500-50-1.00-SAT-1"
"805","45903.402689","SPLOT-3CNF-FM-500-50-1.00-SAT-1"
"806","50522.819441","SPLOT-3CNF-FM-500-50-1.00-SAT-1"
"807","49825.080191","SPLOT-3CNF-FM-500-50-1.00-SAT-1"
"808","49352.422107","SPLOT-3CNF-FM-500-50-1.00-SAT-1"
"809","49157.017481","SPLOT-3CNF-FM-500-50-1.00-SAT-1"
"810","45890.920105","SPLOT-3CNF-FM-500-50-1.00-SAT-1"
"811","47902.464648","SPLOT-3CNF-FM-500-50-1.00-SAT-1"
"812","44902.431438","SPLOT-3CNF-FM-500-50-1.00-SAT-1"
"813","45065.413188","SPLOT-3CNF-FM-500-50-1.00-SAT-1"
"814","48050.949898","SPLOT-3CNF-FM-500-50-1.00-SAT-1"
"815","47872.667189","SPLOT-3CNF-FM-500-50-1.00-SAT-1"
"816","50206.371524","SPLOT-3CNF-FM-500-50-1.00-SAT-1"
"817","45772.405772","SPLOT-3CNF-FM-500-50-1.00-SAT-1"
"818","49363.654399","SPLOT-3CNF-FM-500-50-1.00-SAT-1"
"819","47216.050898","SPLOT-3CNF-FM-500-50-1.00-SAT-1"
"820","50871.302858","SPLOT-3CNF-FM-500-50-1.00-SAT-1"
"821","46973.155772","SPLOT-3CNF-FM-500-50-1.00-SAT-1"
"822","49484.81644","SPLOT-3CNF-FM-500-50-1.00-SAT-1"
"823","44758.925188","SPLOT-3CNF-FM-500-50-1.00-SAT-1"
"824","46751.081022","SPLOT-3CNF-FM-500-50-1.00-SAT-1"
"825","46055.745272","SPLOT-3CNF-FM-500-50-1.00-SAT-1"
"826","46669.481439","SPLOT-3CNF-FM-500-50-1.00-SAT-1"
"827","46301.814647","SPLOT-3CNF-FM-500-50-1.00-SAT-1"
"828","49231.308482","SPLOT-3CNF-FM-500-50-1.00-SAT-1"
"829","46428.976647","SPLOT-3CNF-FM-500-50-1.00-SAT-1"
"830","48860.029606","SPLOT-3CNF-FM-500-50-1.00-SAT-1"
"831","45526.275355","SPLOT-3CNF-FM-500-50-1.00-SAT-1"
"832","45821.849564","SPLOT-3CNF-FM-500-50-1.00-SAT-1"
"833","46298.022939","SPLOT-3CNF-FM-500-50-1.00-SAT-1"
"834","47990.564856","SPLOT-3CNF-FM-500-50-1.00-SAT-1"
"835","46136.06023","SPLOT-3CNF-FM-500-50-1.00-SAT-1"
"836","47932.993398","SPLOT-3CNF-FM-500-50-1.00-SAT-1"
"837","46247.603063","SPLOT-3CNF-FM-500-50-1.00-SAT-1"
"838","47088.637522","SPLOT-3CNF-FM-500-50-1.00-SAT-1"
"839","44932.464729","SPLOT-3CNF-FM-500-50-1.00-SAT-1"
"840","46232.026772","SPLOT-3CNF-FM-500-50-1.00-SAT-1"
"841","47078.613064","SPLOT-3CNF-FM-500-50-1.00-SAT-1"
"842","44887.611313","SPLOT-3CNF-FM-500-50-1.00-SAT-1"
"843","45339.822147","SPLOT-3CNF-FM-500-50-1.00-SAT-1"
"844","50025.330107","SPLOT-3CNF-FM-500-50-1.00-SAT-1"
"845","46556.788855","SPLOT-3CNF-FM-500-50-1.00-SAT-1"
"846","51491.220274","SPLOT-3CNF-FM-500-50-1.00-SAT-1"
"847","46984.705355","SPLOT-3CNF-FM-500-50-1.00-SAT-1"
"848","45539.894855","SPLOT-3CNF-FM-500-50-1.00-SAT-1"
"849","45850.509856","SPLOT-3CNF-FM-500-50-1.00-SAT-1"
"850","47268.160814","SPLOT-3CNF-FM-500-50-1.00-SAT-1"
"851","51402.410524","SPLOT-3CNF-FM-500-50-1.00-SAT-1"
"852","46764.133356","SPLOT-3CNF-FM-500-50-1.00-SAT-1"
"853","51101.508899","SPLOT-3CNF-FM-500-50-1.00-SAT-1"
"854","46522.46398","SPLOT-3CNF-FM-500-50-1.00-SAT-1"
"855","45560.548897","SPLOT-3CNF-FM-500-50-1.00-SAT-1"
"856","45751.968356","SPLOT-3CNF-FM-500-50-1.00-SAT-1"
"857","46470.15323","SPLOT-3CNF-FM-500-50-1.00-SAT-1"
"858","47513.258647","SPLOT-3CNF-FM-500-50-1.00-SAT-1"
"859","45432.36198","SPLOT-3CNF-FM-500-50-1.00-SAT-1"
"860","49837.870066","SPLOT-3CNF-FM-500-50-1.00-SAT-1"
"861","45995.958105","SPLOT-3CNF-FM-500-50-1.00-SAT-1"
"862","46812.318981","SPLOT-3CNF-FM-500-50-1.00-SAT-1"
"863","46110.664439","SPLOT-3CNF-FM-500-50-1.00-SAT-1"
"864","44931.53523","SPLOT-3CNF-FM-500-50-1.00-SAT-1"
"865","48766.448231","SPLOT-3CNF-FM-500-50-1.00-SAT-1"
"866","46980.939522","SPLOT-3CNF-FM-500-50-1.00-SAT-1"
"867","48737.91719","SPLOT-3CNF-FM-500-50-1.00-SAT-1"
"868","45162.899939","SPLOT-3CNF-FM-500-50-1.00-SAT-1"
"869","44773.271647","SPLOT-3CNF-FM-500-50-1.00-SAT-1"
"870","48124.59744","SPLOT-3CNF-FM-500-50-1.00-SAT-1"
"871","50118.628107","SPLOT-3CNF-FM-500-50-1.00-SAT-1"
"872","45960.432147","SPLOT-3CNF-FM-500-50-1.00-SAT-1"
"873","46311.648563","SPLOT-3CNF-FM-500-50-1.00-SAT-1"
"874","47821.575898","SPLOT-3CNF-FM-500-50-1.00-SAT-1"
"875","45223.18348","SPLOT-3CNF-FM-500-50-1.00-SAT-1"
"876","51639.739817","SPLOT-3CNF-FM-500-50-1.00-SAT-1"
"877","46998.070356","SPLOT-3CNF-FM-500-50-1.00-SAT-1"
"878","48213.380398","SPLOT-3CNF-FM-500-50-1.00-SAT-1"
"879","44715.52973","SPLOT-3CNF-FM-500-50-1.00-SAT-1"
"880","52326.213442","SPLOT-3CNF-FM-500-50-1.00-SAT-1"
"881","47243.191855","SPLOT-3CNF-FM-500-50-1.00-SAT-1"
"882","47284.702856","SPLOT-3CNF-FM-500-50-1.00-SAT-1"
"883","46456.682897","SPLOT-3CNF-FM-500-50-1.00-SAT-1"
"884","51476.510649","SPLOT-3CNF-FM-500-50-1.00-SAT-1"
"885","47773.287272","SPLOT-3CNF-FM-500-50-1.00-SAT-1"
"886","53349.709275","SPLOT-3CNF-FM-500-50-1.00-SAT-1"
"887","52569.3084","SPLOT-3CNF-FM-500-50-1.00-SAT-1"
"888","46091.184231","SPLOT-3CNF-FM-500-50-1.00-SAT-1"
"889","45792.467605","SPLOT-3CNF-FM-500-50-1.00-SAT-1"
"890","47045.097189","SPLOT-3CNF-FM-500-50-1.00-SAT-1"
"891","49960.84869","SPLOT-3CNF-FM-500-50-1.00-SAT-1"
"892","46103.206689","SPLOT-3CNF-FM-500-50-1.00-SAT-1"
"893","49468.754691","SPLOT-3CNF-FM-500-50-1.00-SAT-1"
"894","46873.961023","SPLOT-3CNF-FM-500-50-1.00-SAT-1"
"895","45883.083605","SPLOT-3CNF-FM-500-50-1.00-SAT-1"
"896","55080.811318","SPLOT-3CNF-FM-500-50-1.00-SAT-1"
"897","52388.110775","SPLOT-3CNF-FM-500-50-1.00-SAT-1"
"898","57661.407861","SPLOT-3CNF-FM-500-50-1.00-SAT-1"
"899","46001.723939","SPLOT-3CNF-FM-500-50-1.00-SAT-1"
"900","46823.591856","SPLOT-3CNF-FM-500-50-1.00-SAT-1"
