"","TIME","ALTERNATIVE"
"1","354.741279","x264ProductLine"
"2","150.896092","x264ProductLine"
"3","171.691914","x264ProductLine"
"4","156.851809","x264ProductLine"
"5","153.011326","x264ProductLine"
"6","164.402287","x264ProductLine"
"7","168.102959","x264ProductLine"
"8","174.438987","x264ProductLine"
"9","163.320148","x264ProductLine"
"10","172.907567","x264ProductLine"
"11","180.573933","x264ProductLine"
"12","169.134393","x264ProductLine"
"13","182.979895","x264ProductLine"
"14","170.263581","x264ProductLine"
"15","167.632375","x264ProductLine"
"16","166.442404","x264ProductLine"
"17","171.94931","x264ProductLine"
"18","157.254262","x264ProductLine"
"19","180.528573","x264ProductLine"
"20","165.789933","x264ProductLine"
"21","164.739895","x264ProductLine"
"22","165.41765","x264ProductLine"
"23","187.527967","x264ProductLine"
"24","200.539669","x264ProductLine"
"25","160.63481","x264ProductLine"
"26","164.356897","x264ProductLine"
"27","173.31715","x264ProductLine"
"28","162.920282","x264ProductLine"
"29","180.037354","x264ProductLine"
"30","136.3628","x264ProductLine"
"31","149.856358","x264ProductLine"
"32","170.262601","x264ProductLine"
"33","163.097311","x264ProductLine"
"34","163.25494","x264ProductLine"
"35","164.353776","x264ProductLine"
"36","162.954211","x264ProductLine"
"37","164.029103","x264ProductLine"
"38","154.494106","x264ProductLine"
"39","174.861792","x264ProductLine"
"40","178.482893","x264ProductLine"
"41","152.250377","x264ProductLine"
"42","205.655201","x264ProductLine"
"43","192.588707","x264ProductLine"
"44","160.256032","x264ProductLine"
"45","170.23916","x264ProductLine"
"46","170.060565","x264ProductLine"
"47","189.904288","x264ProductLine"
"48","164.86596","x264ProductLine"
"49","178.405326","x264ProductLine"
"50","151.681466","x264ProductLine"
"51","173.348679","x264ProductLine"
"52","136.871155","x264ProductLine"
"53","170.284854","x264ProductLine"
"54","167.902924","x264ProductLine"
"55","175.169636","x264ProductLine"
"56","176.804255","x264ProductLine"
"57","174.91416","x264ProductLine"
"58","170.649022","x264ProductLine"
"59","160.856498","x264ProductLine"
"60","156.170305","x264ProductLine"
"61","180.737392","x264ProductLine"
"62","158.969814","x264ProductLine"
"63","165.702665","x264ProductLine"
"64","162.626614","x264ProductLine"
"65","160.22157","x264ProductLine"
"66","157.79394","x264ProductLine"
"67","165.872219","x264ProductLine"
"68","168.238599","x264ProductLine"
"69","187.248783","x264ProductLine"
"70","171.91737","x264ProductLine"
"71","206.190317","x264ProductLine"
"72","529.057601","x264ProductLine"
"73","172.644907","x264ProductLine"
"74","173.585395","x264ProductLine"
"75","163.541067","x264ProductLine"
"76","171.032592","x264ProductLine"
"77","165.193086","x264ProductLine"
"78","165.843186","x264ProductLine"
"79","165.587578","x264ProductLine"
"80","170.072125","x264ProductLine"
"81","319.620403","x264ProductLine"
"82","160.890339","x264ProductLine"
"83","163.198647","x264ProductLine"
"84","242.442834","x264ProductLine"
"85","176.391184","x264ProductLine"
"86","168.905256","x264ProductLine"
"87","182.803162","x264ProductLine"
"88","159.425178","x264ProductLine"
"89","163.977157","x264ProductLine"
"90","186.876797","x264ProductLine"
"91","162.568731","x264ProductLine"
"92","201.44729","x264ProductLine"
"93","155.262849","x264ProductLine"
"94","161.521086","x264ProductLine"
"95","162.792437","x264ProductLine"
"96","171.235773","x264ProductLine"
"97","161.438998","x264ProductLine"
"98","159.433351","x264ProductLine"
"99","175.252271","x264ProductLine"
"100","173.677134","x264ProductLine"
"101","215.841893","WgetProductLine"
"102","181.806467","WgetProductLine"
"103","149.581526","WgetProductLine"
"104","192.379142","WgetProductLine"
"105","183.141826","WgetProductLine"
"106","184.198245","WgetProductLine"
"107","196.788333","WgetProductLine"
"108","207.719336","WgetProductLine"
"109","200.281949","WgetProductLine"
"110","200.443175","WgetProductLine"
"111","207.188126","WgetProductLine"
"112","204.503711","WgetProductLine"
"113","263.479381","WgetProductLine"
"114","190.609484","WgetProductLine"
"115","222.334551","WgetProductLine"
"116","208.709585","WgetProductLine"
"117","213.988367","WgetProductLine"
"118","167.648553","WgetProductLine"
"119","215.901917","WgetProductLine"
"120","205.957268","WgetProductLine"
"121","182.864991","WgetProductLine"
"122","187.83994","WgetProductLine"
"123","226.534434","WgetProductLine"
"124","210.293907","WgetProductLine"
"125","238.680838","WgetProductLine"
"126","200.1978","WgetProductLine"
"127","200.457192","WgetProductLine"
"128","179.958085","WgetProductLine"
"129","220.724631","WgetProductLine"
"130","176.917038","WgetProductLine"
"131","218.315678","WgetProductLine"
"132","237.515473","WgetProductLine"
"133","191.847752","WgetProductLine"
"134","193.490079","WgetProductLine"
"135","196.367636","WgetProductLine"
"136","195.531318","WgetProductLine"
"137","203.740812","WgetProductLine"
"138","194.973938","WgetProductLine"
"139","185.429998","WgetProductLine"
"140","177.369393","WgetProductLine"
"141","200.812977","WgetProductLine"
"142","181.028175","WgetProductLine"
"143","190.326845","WgetProductLine"
"144","202.0406","WgetProductLine"
"145","206.052296","WgetProductLine"
"146","191.20955","WgetProductLine"
"147","191.284858","WgetProductLine"
"148","196.765821","WgetProductLine"
"149","188.055729","WgetProductLine"
"150","197.295564","WgetProductLine"
"151","176.94922","WgetProductLine"
"152","193.768932","WgetProductLine"
"153","201.154587","WgetProductLine"
"154","192.371758","WgetProductLine"
"155","182.9614","WgetProductLine"
"156","176.698142","WgetProductLine"
"157","202.399562","WgetProductLine"
"158","224.52466","WgetProductLine"
"159","228.431067","WgetProductLine"
"160","182.661175","WgetProductLine"
"161","194.730601","WgetProductLine"
"162","194.872064","WgetProductLine"
"163","203.930678","WgetProductLine"
"164","192.766443","WgetProductLine"
"165","220.372378","WgetProductLine"
"166","183.932035","WgetProductLine"
"167","221.616193","WgetProductLine"
"168","223.751515","WgetProductLine"
"169","170.113627","WgetProductLine"
"170","169.364104","WgetProductLine"
"171","220.354606","WgetProductLine"
"172","177.266526","WgetProductLine"
"173","174.879002","WgetProductLine"
"174","209.278827","WgetProductLine"
"175","215.729634","WgetProductLine"
"176","155.56828","WgetProductLine"
"177","191.368365","WgetProductLine"
"178","216.852244","WgetProductLine"
"179","152.064342","WgetProductLine"
"180","193.642068","WgetProductLine"
"181","191.524711","WgetProductLine"
"182","158.341312","WgetProductLine"
"183","200.347008","WgetProductLine"
"184","211.575915","WgetProductLine"
"185","161.17296","WgetProductLine"
"186","204.505285","WgetProductLine"
"187","168.781758","WgetProductLine"
"188","186.470109","WgetProductLine"
"189","215.883098","WgetProductLine"
"190","189.144368","WgetProductLine"
"191","223.979383","WgetProductLine"
"192","204.562412","WgetProductLine"
"193","175.873041","WgetProductLine"
"194","301.137476","WgetProductLine"
"195","194.523076","WgetProductLine"
"196","184.226007","WgetProductLine"
"197","175.67797","WgetProductLine"
"198","171.776001","WgetProductLine"
"199","223.235254","WgetProductLine"
"200","247.576633","WgetProductLine"
"201","155.999768","BerkeleyDBMemoryversionProductLine"
"202","157.706922","BerkeleyDBMemoryversionProductLine"
"203","165.613401","BerkeleyDBMemoryversionProductLine"
"204","161.304345","BerkeleyDBMemoryversionProductLine"
"205","155.534726","BerkeleyDBMemoryversionProductLine"
"206","150.519606","BerkeleyDBMemoryversionProductLine"
"207","161.783179","BerkeleyDBMemoryversionProductLine"
"208","164.151491","BerkeleyDBMemoryversionProductLine"
"209","162.177353","BerkeleyDBMemoryversionProductLine"
"210","152.546202","BerkeleyDBMemoryversionProductLine"
"211","163.219484","BerkeleyDBMemoryversionProductLine"
"212","170.356655","BerkeleyDBMemoryversionProductLine"
"213","163.83763","BerkeleyDBMemoryversionProductLine"
"214","138.044065","BerkeleyDBMemoryversionProductLine"
"215","179.34365","BerkeleyDBMemoryversionProductLine"
"216","161.265003","BerkeleyDBMemoryversionProductLine"
"217","161.670921","BerkeleyDBMemoryversionProductLine"
"218","160.017924","BerkeleyDBMemoryversionProductLine"
"219","178.020644","BerkeleyDBMemoryversionProductLine"
"220","151.853389","BerkeleyDBMemoryversionProductLine"
"221","169.76752","BerkeleyDBMemoryversionProductLine"
"222","162.087259","BerkeleyDBMemoryversionProductLine"
"223","153.657373","BerkeleyDBMemoryversionProductLine"
"224","270.34039","BerkeleyDBMemoryversionProductLine"
"225","243.196059","BerkeleyDBMemoryversionProductLine"
"226","141.497023","BerkeleyDBMemoryversionProductLine"
"227","154.350372","BerkeleyDBMemoryversionProductLine"
"228","168.214376","BerkeleyDBMemoryversionProductLine"
"229","154.804404","BerkeleyDBMemoryversionProductLine"
"230","148.983506","BerkeleyDBMemoryversionProductLine"
"231","158.033553","BerkeleyDBMemoryversionProductLine"
"232","164.465693","BerkeleyDBMemoryversionProductLine"
"233","163.041794","BerkeleyDBMemoryversionProductLine"
"234","152.958648","BerkeleyDBMemoryversionProductLine"
"235","161.721623","BerkeleyDBMemoryversionProductLine"
"236","148.546708","BerkeleyDBMemoryversionProductLine"
"237","158.970002","BerkeleyDBMemoryversionProductLine"
"238","156.287772","BerkeleyDBMemoryversionProductLine"
"239","160.387303","BerkeleyDBMemoryversionProductLine"
"240","160.481026","BerkeleyDBMemoryversionProductLine"
"241","159.278463","BerkeleyDBMemoryversionProductLine"
"242","149.804534","BerkeleyDBMemoryversionProductLine"
"243","166.013025","BerkeleyDBMemoryversionProductLine"
"244","177.688874","BerkeleyDBMemoryversionProductLine"
"245","211.786755","BerkeleyDBMemoryversionProductLine"
"246","150.190688","BerkeleyDBMemoryversionProductLine"
"247","165.416303","BerkeleyDBMemoryversionProductLine"
"248","174.054985","BerkeleyDBMemoryversionProductLine"
"249","159.44582","BerkeleyDBMemoryversionProductLine"
"250","188.983729","BerkeleyDBMemoryversionProductLine"
"251","155.705177","BerkeleyDBMemoryversionProductLine"
"252","161.511265","BerkeleyDBMemoryversionProductLine"
"253","155.52102","BerkeleyDBMemoryversionProductLine"
"254","164.003425","BerkeleyDBMemoryversionProductLine"
"255","153.221067","BerkeleyDBMemoryversionProductLine"
"256","160.597251","BerkeleyDBMemoryversionProductLine"
"257","163.785003","BerkeleyDBMemoryversionProductLine"
"258","152.743937","BerkeleyDBMemoryversionProductLine"
"259","163.993952","BerkeleyDBMemoryversionProductLine"
"260","152.88016","BerkeleyDBMemoryversionProductLine"
"261","158.180878","BerkeleyDBMemoryversionProductLine"
"262","155.017559","BerkeleyDBMemoryversionProductLine"
"263","162.351053","BerkeleyDBMemoryversionProductLine"
"264","182.429861","BerkeleyDBMemoryversionProductLine"
"265","150.202945","BerkeleyDBMemoryversionProductLine"
"266","158.334823","BerkeleyDBMemoryversionProductLine"
"267","150.848438","BerkeleyDBMemoryversionProductLine"
"268","157.86125","BerkeleyDBMemoryversionProductLine"
"269","161.941461","BerkeleyDBMemoryversionProductLine"
"270","161.873798","BerkeleyDBMemoryversionProductLine"
"271","258.173508","BerkeleyDBMemoryversionProductLine"
"272","171.030581","BerkeleyDBMemoryversionProductLine"
"273","156.1355","BerkeleyDBMemoryversionProductLine"
"274","167.004671","BerkeleyDBMemoryversionProductLine"
"275","188.762592","BerkeleyDBMemoryversionProductLine"
"276","163.247997","BerkeleyDBMemoryversionProductLine"
"277","162.983336","BerkeleyDBMemoryversionProductLine"
"278","173.982145","BerkeleyDBMemoryversionProductLine"
"279","155.870092","BerkeleyDBMemoryversionProductLine"
"280","160.931775","BerkeleyDBMemoryversionProductLine"
"281","155.184234","BerkeleyDBMemoryversionProductLine"
"282","162.177755","BerkeleyDBMemoryversionProductLine"
"283","154.322897","BerkeleyDBMemoryversionProductLine"
"284","159.082512","BerkeleyDBMemoryversionProductLine"
"285","150.318447","BerkeleyDBMemoryversionProductLine"
"286","151.878103","BerkeleyDBMemoryversionProductLine"
"287","160.026465","BerkeleyDBMemoryversionProductLine"
"288","170.118928","BerkeleyDBMemoryversionProductLine"
"289","150.350043","BerkeleyDBMemoryversionProductLine"
"290","158.742077","BerkeleyDBMemoryversionProductLine"
"291","156.852187","BerkeleyDBMemoryversionProductLine"
"292","254.423675","BerkeleyDBMemoryversionProductLine"
"293","157.636761","BerkeleyDBMemoryversionProductLine"
"294","151.746334","BerkeleyDBMemoryversionProductLine"
"295","151.186919","BerkeleyDBMemoryversionProductLine"
"296","160.900838","BerkeleyDBMemoryversionProductLine"
"297","162.261345","BerkeleyDBMemoryversionProductLine"
"298","152.480917","BerkeleyDBMemoryversionProductLine"
"299","150.594419","BerkeleyDBMemoryversionProductLine"
"300","152.16288","BerkeleyDBMemoryversionProductLine"
"301","223.476125","SensorNetworkProductLine"
"302","234.310267","SensorNetworkProductLine"
"303","238.170109","SensorNetworkProductLine"
"304","224.836235","SensorNetworkProductLine"
"305","294.456015","SensorNetworkProductLine"
"306","216.999646","SensorNetworkProductLine"
"307","223.808942","SensorNetworkProductLine"
"308","219.283682","SensorNetworkProductLine"
"309","259.859018","SensorNetworkProductLine"
"310","228.394424","SensorNetworkProductLine"
"311","227.928789","SensorNetworkProductLine"
"312","225.896665","SensorNetworkProductLine"
"313","224.120877","SensorNetworkProductLine"
"314","216.059022","SensorNetworkProductLine"
"315","259.62741","SensorNetworkProductLine"
"316","224.836457","SensorNetworkProductLine"
"317","252.280183","SensorNetworkProductLine"
"318","320.290439","SensorNetworkProductLine"
"319","217.642318","SensorNetworkProductLine"
"320","299.426139","SensorNetworkProductLine"
"321","227.851101","SensorNetworkProductLine"
"322","217.960743","SensorNetworkProductLine"
"323","227.948206","SensorNetworkProductLine"
"324","237.806011","SensorNetworkProductLine"
"325","230.086999","SensorNetworkProductLine"
"326","222.473965","SensorNetworkProductLine"
"327","242.126538","SensorNetworkProductLine"
"328","250.242735","SensorNetworkProductLine"
"329","233.656681","SensorNetworkProductLine"
"330","219.661574","SensorNetworkProductLine"
"331","244.809415","SensorNetworkProductLine"
"332","244.546284","SensorNetworkProductLine"
"333","224.227222","SensorNetworkProductLine"
"334","222.96024","SensorNetworkProductLine"
"335","234.288219","SensorNetworkProductLine"
"336","223.171533","SensorNetworkProductLine"
"337","220.599514","SensorNetworkProductLine"
"338","221.346507","SensorNetworkProductLine"
"339","227.744525","SensorNetworkProductLine"
"340","238.047887","SensorNetworkProductLine"
"341","224.581931","SensorNetworkProductLine"
"342","242.009035","SensorNetworkProductLine"
"343","232.776774","SensorNetworkProductLine"
"344","214.793511","SensorNetworkProductLine"
"345","232.490999","SensorNetworkProductLine"
"346","223.82356","SensorNetworkProductLine"
"347","233.270733","SensorNetworkProductLine"
"348","229.182413","SensorNetworkProductLine"
"349","259.04289","SensorNetworkProductLine"
"350","219.504252","SensorNetworkProductLine"
"351","237.415163","SensorNetworkProductLine"
"352","240.378298","SensorNetworkProductLine"
"353","245.097181","SensorNetworkProductLine"
"354","209.274536","SensorNetworkProductLine"
"355","229.771941","SensorNetworkProductLine"
"356","315.251747","SensorNetworkProductLine"
"357","218.550622","SensorNetworkProductLine"
"358","250.393503","SensorNetworkProductLine"
"359","220.682188","SensorNetworkProductLine"
"360","323.362581","SensorNetworkProductLine"
"361","225.81797","SensorNetworkProductLine"
"362","238.51496","SensorNetworkProductLine"
"363","213.305173","SensorNetworkProductLine"
"364","231.782043","SensorNetworkProductLine"
"365","228.143249","SensorNetworkProductLine"
"366","219.194393","SensorNetworkProductLine"
"367","276.627522","SensorNetworkProductLine"
"368","216.909977","SensorNetworkProductLine"
"369","250.573015","SensorNetworkProductLine"
"370","243.266074","SensorNetworkProductLine"
"371","260.151492","SensorNetworkProductLine"
"372","270.5054","SensorNetworkProductLine"
"373","233.406819","SensorNetworkProductLine"
"374","222.219336","SensorNetworkProductLine"
"375","237.007923","SensorNetworkProductLine"
"376","220.649178","SensorNetworkProductLine"
"377","228.401345","SensorNetworkProductLine"
"378","213.637016","SensorNetworkProductLine"
"379","228.95902","SensorNetworkProductLine"
"380","217.324622","SensorNetworkProductLine"
"381","226.164454","SensorNetworkProductLine"
"382","226.201017","SensorNetworkProductLine"
"383","222.119077","SensorNetworkProductLine"
"384","248.081234","SensorNetworkProductLine"
"385","300.267818","SensorNetworkProductLine"
"386","217.422807","SensorNetworkProductLine"
"387","213.093242","SensorNetworkProductLine"
"388","229.346066","SensorNetworkProductLine"
"389","232.133929","SensorNetworkProductLine"
"390","227.240236","SensorNetworkProductLine"
"391","216.588517","SensorNetworkProductLine"
"392","213.955396","SensorNetworkProductLine"
"393","241.254609","SensorNetworkProductLine"
"394","239.890678","SensorNetworkProductLine"
"395","232.775139","SensorNetworkProductLine"
"396","231.001433","SensorNetworkProductLine"
"397","226.845452","SensorNetworkProductLine"
"398","233.047194","SensorNetworkProductLine"
"399","238.088139","SensorNetworkProductLine"
"400","356.859752","SensorNetworkProductLine"
"401","233.374901","StrategyMobileGame"
"402","199.435472","StrategyMobileGame"
"403","231.292427","StrategyMobileGame"
"404","223.60261","StrategyMobileGame"
"405","207.088387","StrategyMobileGame"
"406","205.169063","StrategyMobileGame"
"407","220.583385","StrategyMobileGame"
"408","212.788955","StrategyMobileGame"
"409","219.695572","StrategyMobileGame"
"410","205.552716","StrategyMobileGame"
"411","287.227163","StrategyMobileGame"
"412","215.293132","StrategyMobileGame"
"413","257.086318","StrategyMobileGame"
"414","210.433505","StrategyMobileGame"
"415","251.539206","StrategyMobileGame"
"416","217.746037","StrategyMobileGame"
"417","288.816503","StrategyMobileGame"
"418","214.250978","StrategyMobileGame"
"419","298.841122","StrategyMobileGame"
"420","206.60272","StrategyMobileGame"
"421","302.140609","StrategyMobileGame"
"422","223.996823","StrategyMobileGame"
"423","218.179552","StrategyMobileGame"
"424","228.567642","StrategyMobileGame"
"425","210.591276","StrategyMobileGame"
"426","210.254709","StrategyMobileGame"
"427","246.261038","StrategyMobileGame"
"428","212.458959","StrategyMobileGame"
"429","227.981709","StrategyMobileGame"
"430","221.536806","StrategyMobileGame"
"431","217.408062","StrategyMobileGame"
"432","232.267226","StrategyMobileGame"
"433","212.17297","StrategyMobileGame"
"434","215.996348","StrategyMobileGame"
"435","220.169172","StrategyMobileGame"
"436","196.717809","StrategyMobileGame"
"437","217.511376","StrategyMobileGame"
"438","252.038947","StrategyMobileGame"
"439","213.223983","StrategyMobileGame"
"440","205.455424","StrategyMobileGame"
"441","223.823749","StrategyMobileGame"
"442","257.042335","StrategyMobileGame"
"443","283.936723","StrategyMobileGame"
"444","200.327668","StrategyMobileGame"
"445","203.399568","StrategyMobileGame"
"446","229.430432","StrategyMobileGame"
"447","309.314867","StrategyMobileGame"
"448","208.657951","StrategyMobileGame"
"449","210.668359","StrategyMobileGame"
"450","273.539681","StrategyMobileGame"
"451","205.313412","StrategyMobileGame"
"452","207.800892","StrategyMobileGame"
"453","233.550347","StrategyMobileGame"
"454","213.414946","StrategyMobileGame"
"455","215.686622","StrategyMobileGame"
"456","207.553942","StrategyMobileGame"
"457","219.927772","StrategyMobileGame"
"458","224.617461","StrategyMobileGame"
"459","213.360507","StrategyMobileGame"
"460","214.24344","StrategyMobileGame"
"461","239.042371","StrategyMobileGame"
"462","228.909974","StrategyMobileGame"
"463","216.463755","StrategyMobileGame"
"464","304.141733","StrategyMobileGame"
"465","262.704731","StrategyMobileGame"
"466","215.128266","StrategyMobileGame"
"467","229.822644","StrategyMobileGame"
"468","257.703317","StrategyMobileGame"
"469","319.731843","StrategyMobileGame"
"470","204.360417","StrategyMobileGame"
"471","192.558006","StrategyMobileGame"
"472","212.606575","StrategyMobileGame"
"473","202.234167","StrategyMobileGame"
"474","267.938318","StrategyMobileGame"
"475","208.329186","StrategyMobileGame"
"476","197.064261","StrategyMobileGame"
"477","319.728382","StrategyMobileGame"
"478","248.900003","StrategyMobileGame"
"479","215.185729","StrategyMobileGame"
"480","218.616789","StrategyMobileGame"
"481","207.076204","StrategyMobileGame"
"482","203.507276","StrategyMobileGame"
"483","205.908921","StrategyMobileGame"
"484","194.232136","StrategyMobileGame"
"485","226.803","StrategyMobileGame"
"486","231.35936","StrategyMobileGame"
"487","223.192433","StrategyMobileGame"
"488","199.289178","StrategyMobileGame"
"489","201.539351","StrategyMobileGame"
"490","483.523834","StrategyMobileGame"
"491","238.825237","StrategyMobileGame"
"492","237.456477","StrategyMobileGame"
"493","217.743748","StrategyMobileGame"
"494","242.185334","StrategyMobileGame"
"495","192.885874","StrategyMobileGame"
"496","213.80646","StrategyMobileGame"
"497","205.500798","StrategyMobileGame"
"498","242.700252","StrategyMobileGame"
"499","206.432012","StrategyMobileGame"
"500","210.52521","StrategyMobileGame"
"501","233.183591","TankWar"
"502","228.071765","TankWar"
"503","295.161213","TankWar"
"504","209.038943","TankWar"
"505","222.498026","TankWar"
"506","202.755848","TankWar"
"507","199.943956","TankWar"
"508","285.613007","TankWar"
"509","307.401179","TankWar"
"510","208.667701","TankWar"
"511","208.364204","TankWar"
"512","294.223675","TankWar"
"513","205.404523","TankWar"
"514","201.189798","TankWar"
"515","246.875398","TankWar"
"516","279.607747","TankWar"
"517","208.520412","TankWar"
"518","205.876701","TankWar"
"519","194.740886","TankWar"
"520","220.600943","TankWar"
"521","237.903542","TankWar"
"522","211.838708","TankWar"
"523","222.296538","TankWar"
"524","196.697468","TankWar"
"525","227.932983","TankWar"
"526","197.917015","TankWar"
"527","292.805714","TankWar"
"528","201.98509","TankWar"
"529","217.219221","TankWar"
"530","219.315792","TankWar"
"531","195.281117","TankWar"
"532","228.866759","TankWar"
"533","216.534219","TankWar"
"534","222.414639","TankWar"
"535","201.788255","TankWar"
"536","215.989998","TankWar"
"537","214.830666","TankWar"
"538","205.845501","TankWar"
"539","202.577701","TankWar"
"540","202.63201","TankWar"
"541","200.861147","TankWar"
"542","206.513248","TankWar"
"543","220.292893","TankWar"
"544","207.868567","TankWar"
"545","207.54808","TankWar"
"546","205.400791","TankWar"
"547","207.861548","TankWar"
"548","216.938802","TankWar"
"549","210.703954","TankWar"
"550","215.271015","TankWar"
"551","291.933171","TankWar"
"552","197.827656","TankWar"
"553","226.694637","TankWar"
"554","230.637264","TankWar"
"555","317.120255","TankWar"
"556","203.055073","TankWar"
"557","216.640997","TankWar"
"558","203.83378","TankWar"
"559","209.128838","TankWar"
"560","186.473134","TankWar"
"561","201.498982","TankWar"
"562","187.061821","TankWar"
"563","218.481769","TankWar"
"564","214.402774","TankWar"
"565","198.641591","TankWar"
"566","188.810321","TankWar"
"567","210.829187","TankWar"
"568","232.049051","TankWar"
"569","206.371118","TankWar"
"570","269.746752","TankWar"
"571","268.260878","TankWar"
"572","219.487616","TankWar"
"573","208.818526","TankWar"
"574","201.325163","TankWar"
"575","201.298889","TankWar"
"576","196.592274","TankWar"
"577","202.892776","TankWar"
"578","189.810383","TankWar"
"579","220.367766","TankWar"
"580","202.455747","TankWar"
"581","201.457768","TankWar"
"582","236.882163","TankWar"
"583","209.343737","TankWar"
"584","287.560132","TankWar"
"585","189.49183","TankWar"
"586","201.961609","TankWar"
"587","224.03964","TankWar"
"588","287.792215","TankWar"
"589","202.674594","TankWar"
"590","203.854537","TankWar"
"591","236.168737","TankWar"
"592","203.587056","TankWar"
"593","220.153302","TankWar"
"594","201.713164","TankWar"
"595","203.673928","TankWar"
"596","201.559988","TankWar"
"597","192.782242","TankWar"
"598","209.215039","TankWar"
"599","206.518121","TankWar"
"600","227.512875","TankWar"
"601","211.1737","MobileMedia2"
"602","216.631263","MobileMedia2"
"603","249.637629","MobileMedia2"
"604","225.012024","MobileMedia2"
"605","222.191872","MobileMedia2"
"606","220.687887","MobileMedia2"
"607","234.744177","MobileMedia2"
"608","256.77496","MobileMedia2"
"609","221.191106","MobileMedia2"
"610","240.118736","MobileMedia2"
"611","220.319982","MobileMedia2"
"612","221.450918","MobileMedia2"
"613","223.393382","MobileMedia2"
"614","216.227042","MobileMedia2"
"615","252.449732","MobileMedia2"
"616","219.031042","MobileMedia2"
"617","243.614119","MobileMedia2"
"618","221.473111","MobileMedia2"
"619","231.200537","MobileMedia2"
"620","223.125535","MobileMedia2"
"621","201.099428","MobileMedia2"
"622","242.955069","MobileMedia2"
"623","333.616094","MobileMedia2"
"624","335.043232","MobileMedia2"
"625","231.342285","MobileMedia2"
"626","218.557207","MobileMedia2"
"627","246.102602","MobileMedia2"
"628","215.49022","MobileMedia2"
"629","226.645479","MobileMedia2"
"630","209.21557","MobileMedia2"
"631","227.687338","MobileMedia2"
"632","220.210246","MobileMedia2"
"633","279.284201","MobileMedia2"
"634","221.708028","MobileMedia2"
"635","228.309089","MobileMedia2"
"636","285.186593","MobileMedia2"
"637","215.820561","MobileMedia2"
"638","219.664708","MobileMedia2"
"639","203.128101","MobileMedia2"
"640","228.105107","MobileMedia2"
"641","239.309602","MobileMedia2"
"642","234.835278","MobileMedia2"
"643","222.998657","MobileMedia2"
"644","242.611011","MobileMedia2"
"645","228.587103","MobileMedia2"
"646","217.467778","MobileMedia2"
"647","220.72388","MobileMedia2"
"648","255.029343","MobileMedia2"
"649","214.172326","MobileMedia2"
"650","210.63039","MobileMedia2"
"651","221.771309","MobileMedia2"
"652","259.775302","MobileMedia2"
"653","228.704053","MobileMedia2"
"654","228.993293","MobileMedia2"
"655","225.93824","MobileMedia2"
"656","236.109912","MobileMedia2"
"657","321.765437","MobileMedia2"
"658","199.236399","MobileMedia2"
"659","250.651027","MobileMedia2"
"660","212.760455","MobileMedia2"
"661","214.146192","MobileMedia2"
"662","210.482497","MobileMedia2"
"663","210.324144","MobileMedia2"
"664","224.808732","MobileMedia2"
"665","217.7121","MobileMedia2"
"666","201.63847","MobileMedia2"
"667","219.936711","MobileMedia2"
"668","208.061955","MobileMedia2"
"669","219.589467","MobileMedia2"
"670","251.421867","MobileMedia2"
"671","218.761289","MobileMedia2"
"672","231.761353","MobileMedia2"
"673","205.307689","MobileMedia2"
"674","215.96283","MobileMedia2"
"675","290.927345","MobileMedia2"
"676","234.526323","MobileMedia2"
"677","217.128285","MobileMedia2"
"678","190.853035","MobileMedia2"
"679","244.802626","MobileMedia2"
"680","203.86113","MobileMedia2"
"681","214.083093","MobileMedia2"
"682","207.832718","MobileMedia2"
"683","311.329679","MobileMedia2"
"684","219.496143","MobileMedia2"
"685","217.337316","MobileMedia2"
"686","260.910229","MobileMedia2"
"687","230.955458","MobileMedia2"
"688","211.344114","MobileMedia2"
"689","208.235371","MobileMedia2"
"690","226.678019","MobileMedia2"
"691","301.564538","MobileMedia2"
"692","247.420943","MobileMedia2"
"693","232.721288","MobileMedia2"
"694","222.609928","MobileMedia2"
"695","223.786371","MobileMedia2"
"696","210.90154","MobileMedia2"
"697","210.443615","MobileMedia2"
"698","264.755593","MobileMedia2"
"699","227.475378","MobileMedia2"
"700","283.864287","MobileMedia2"
"701","220.63951","MobileGuide"
"702","226.737439","MobileGuide"
"703","243.295045","MobileGuide"
"704","245.002621","MobileGuide"
"705","285.303562","MobileGuide"
"706","233.757096","MobileGuide"
"707","287.180877","MobileGuide"
"708","226.872335","MobileGuide"
"709","254.881648","MobileGuide"
"710","237.114111","MobileGuide"
"711","255.001657","MobileGuide"
"712","226.492268","MobileGuide"
"713","227.192784","MobileGuide"
"714","335.707221","MobileGuide"
"715","329.133211","MobileGuide"
"716","236.875076","MobileGuide"
"717","246.657045","MobileGuide"
"718","243.971069","MobileGuide"
"719","244.481073","MobileGuide"
"720","342.899134","MobileGuide"
"721","231.285198","MobileGuide"
"722","265.126263","MobileGuide"
"723","263.411768","MobileGuide"
"724","232.019093","MobileGuide"
"725","230.039144","MobileGuide"
"726","223.036222","MobileGuide"
"727","254.561753","MobileGuide"
"728","257.6219","MobileGuide"
"729","242.699145","MobileGuide"
"730","230.024827","MobileGuide"
"731","223.628908","MobileGuide"
"732","238.443287","MobileGuide"
"733","217.693517","MobileGuide"
"734","223.302463","MobileGuide"
"735","230.801087","MobileGuide"
"736","239.106411","MobileGuide"
"737","240.277289","MobileGuide"
"738","239.020218","MobileGuide"
"739","225.814991","MobileGuide"
"740","256.827759","MobileGuide"
"741","238.995291","MobileGuide"
"742","220.653206","MobileGuide"
"743","229.531351","MobileGuide"
"744","273.508287","MobileGuide"
"745","312.243157","MobileGuide"
"746","238.904133","MobileGuide"
"747","231.23671","MobileGuide"
"748","269.013981","MobileGuide"
"749","267.884303","MobileGuide"
"750","237.788869","MobileGuide"
"751","230.717251","MobileGuide"
"752","218.181052","MobileGuide"
"753","311.766812","MobileGuide"
"754","271.993486","MobileGuide"
"755","229.499488","MobileGuide"
"756","231.458357","MobileGuide"
"757","243.278129","MobileGuide"
"758","315.946134","MobileGuide"
"759","243.260568","MobileGuide"
"760","274.908337","MobileGuide"
"761","220.967484","MobileGuide"
"762","229.775617","MobileGuide"
"763","231.306278","MobileGuide"
"764","231.510159","MobileGuide"
"765","228.778685","MobileGuide"
"766","294.367815","MobileGuide"
"767","251.046402","MobileGuide"
"768","221.989253","MobileGuide"
"769","223.008576","MobileGuide"
"770","251.846894","MobileGuide"
"771","248.988235","MobileGuide"
"772","233.937753","MobileGuide"
"773","221.810108","MobileGuide"
"774","234.26519","MobileGuide"
"775","263.249441","MobileGuide"
"776","249.311116","MobileGuide"
"777","243.004384","MobileGuide"
"778","221.329103","MobileGuide"
"779","234.575582","MobileGuide"
"780","244.6971","MobileGuide"
"781","245.137356","MobileGuide"
"782","252.516022","MobileGuide"
"783","234.125097","MobileGuide"
"784","235.748087","MobileGuide"
"785","245.986607","MobileGuide"
"786","348.669906","MobileGuide"
"787","220.443332","MobileGuide"
"788","231.981407","MobileGuide"
"789","238.468107","MobileGuide"
"790","305.633432","MobileGuide"
"791","247.834312","MobileGuide"
"792","224.476179","MobileGuide"
"793","504.61792","MobileGuide"
"794","246.097565","MobileGuide"
"795","324.34605","MobileGuide"
"796","244.451372","MobileGuide"
"797","219.297433","MobileGuide"
"798","236.158704","MobileGuide"
"799","288.077057","MobileGuide"
"800","242.559369","MobileGuide"
"801","1693.219037","SPLOT-3CNF-FM-500-50-1.00-SAT-1"
"802","1619.80199","SPLOT-3CNF-FM-500-50-1.00-SAT-1"
"803","1756.659305","SPLOT-3CNF-FM-500-50-1.00-SAT-1"
"804","1886.829177","SPLOT-3CNF-FM-500-50-1.00-SAT-1"
"805","1542.283399","SPLOT-3CNF-FM-500-50-1.00-SAT-1"
"806","1674.006045","SPLOT-3CNF-FM-500-50-1.00-SAT-1"
"807","1641.697353","SPLOT-3CNF-FM-500-50-1.00-SAT-1"
"808","1738.013067","SPLOT-3CNF-FM-500-50-1.00-SAT-1"
"809","1869.868271","SPLOT-3CNF-FM-500-50-1.00-SAT-1"
"810","1635.571809","SPLOT-3CNF-FM-500-50-1.00-SAT-1"
"811","1652.53692","SPLOT-3CNF-FM-500-50-1.00-SAT-1"
"812","1728.982466","SPLOT-3CNF-FM-500-50-1.00-SAT-1"
"813","1609.124684","SPLOT-3CNF-FM-500-50-1.00-SAT-1"
"814","1540.380857","SPLOT-3CNF-FM-500-50-1.00-SAT-1"
"815","1737.701309","SPLOT-3CNF-FM-500-50-1.00-SAT-1"
"816","1752.878058","SPLOT-3CNF-FM-500-50-1.00-SAT-1"
"817","1560.816341","SPLOT-3CNF-FM-500-50-1.00-SAT-1"
"818","1637.860278","SPLOT-3CNF-FM-500-50-1.00-SAT-1"
"819","1827.916028","SPLOT-3CNF-FM-500-50-1.00-SAT-1"
"820","1750.86147","SPLOT-3CNF-FM-500-50-1.00-SAT-1"
"821","1542.070327","SPLOT-3CNF-FM-500-50-1.00-SAT-1"
"822","1586.156627","SPLOT-3CNF-FM-500-50-1.00-SAT-1"
"823","1884.075803","SPLOT-3CNF-FM-500-50-1.00-SAT-1"
"824","1754.207854","SPLOT-3CNF-FM-500-50-1.00-SAT-1"
"825","1589.068526","SPLOT-3CNF-FM-500-50-1.00-SAT-1"
"826","1660.15249","SPLOT-3CNF-FM-500-50-1.00-SAT-1"
"827","1781.152055","SPLOT-3CNF-FM-500-50-1.00-SAT-1"
"828","1795.450825","SPLOT-3CNF-FM-500-50-1.00-SAT-1"
"829","1961.666083","SPLOT-3CNF-FM-500-50-1.00-SAT-1"
"830","1725.990844","SPLOT-3CNF-FM-500-50-1.00-SAT-1"
"831","1713.719915","SPLOT-3CNF-FM-500-50-1.00-SAT-1"
"832","1832.496609","SPLOT-3CNF-FM-500-50-1.00-SAT-1"
"833","1697.603849","SPLOT-3CNF-FM-500-50-1.00-SAT-1"
"834","1697.017095","SPLOT-3CNF-FM-500-50-1.00-SAT-1"
"835","1705.235168","SPLOT-3CNF-FM-500-50-1.00-SAT-1"
"836","1749.294398","SPLOT-3CNF-FM-500-50-1.00-SAT-1"
"837","1653.655325","SPLOT-3CNF-FM-500-50-1.00-SAT-1"
"838","1593.640251","SPLOT-3CNF-FM-500-50-1.00-SAT-1"
"839","1738.44062","SPLOT-3CNF-FM-500-50-1.00-SAT-1"
"840","1860.445193","SPLOT-3CNF-FM-500-50-1.00-SAT-1"
"841","1688.73176","SPLOT-3CNF-FM-500-50-1.00-SAT-1"
"842","1777.730511","SPLOT-3CNF-FM-500-50-1.00-SAT-1"
"843","1675.561998","SPLOT-3CNF-FM-500-50-1.00-SAT-1"
"844","1669.367483","SPLOT-3CNF-FM-500-50-1.00-SAT-1"
"845","1741.204116","SPLOT-3CNF-FM-500-50-1.00-SAT-1"
"846","1694.531962","SPLOT-3CNF-FM-500-50-1.00-SAT-1"
"847","1676.292731","SPLOT-3CNF-FM-500-50-1.00-SAT-1"
"848","1746.384526","SPLOT-3CNF-FM-500-50-1.00-SAT-1"
"849","1641.034258","SPLOT-3CNF-FM-500-50-1.00-SAT-1"
"850","1646.716464","SPLOT-3CNF-FM-500-50-1.00-SAT-1"
"851","1738.021504","SPLOT-3CNF-FM-500-50-1.00-SAT-1"
"852","1713.554411","SPLOT-3CNF-FM-500-50-1.00-SAT-1"
"853","1627.366575","SPLOT-3CNF-FM-500-50-1.00-SAT-1"
"854","1691.901005","SPLOT-3CNF-FM-500-50-1.00-SAT-1"
"855","1698.078906","SPLOT-3CNF-FM-500-50-1.00-SAT-1"
"856","1860.602827","SPLOT-3CNF-FM-500-50-1.00-SAT-1"
"857","1767.482275","SPLOT-3CNF-FM-500-50-1.00-SAT-1"
"858","1974.940757","SPLOT-3CNF-FM-500-50-1.00-SAT-1"
"859","1767.449129","SPLOT-3CNF-FM-500-50-1.00-SAT-1"
"860","1644.04188","SPLOT-3CNF-FM-500-50-1.00-SAT-1"
"861","1596.438633","SPLOT-3CNF-FM-500-50-1.00-SAT-1"
"862","1670.229398","SPLOT-3CNF-FM-500-50-1.00-SAT-1"
"863","1713.178071","SPLOT-3CNF-FM-500-50-1.00-SAT-1"
"864","1906.385878","SPLOT-3CNF-FM-500-50-1.00-SAT-1"
"865","1693.612332","SPLOT-3CNF-FM-500-50-1.00-SAT-1"
"866","1723.182164","SPLOT-3CNF-FM-500-50-1.00-SAT-1"
"867","1660.80846","SPLOT-3CNF-FM-500-50-1.00-SAT-1"
"868","1803.681721","SPLOT-3CNF-FM-500-50-1.00-SAT-1"
"869","1634.605013","SPLOT-3CNF-FM-500-50-1.00-SAT-1"
"870","1802.85103","SPLOT-3CNF-FM-500-50-1.00-SAT-1"
"871","1733.605226","SPLOT-3CNF-FM-500-50-1.00-SAT-1"
"872","1661.330238","SPLOT-3CNF-FM-500-50-1.00-SAT-1"
"873","1518.645609","SPLOT-3CNF-FM-500-50-1.00-SAT-1"
"874","1671.338221","SPLOT-3CNF-FM-500-50-1.00-SAT-1"
"875","1749.583377","SPLOT-3CNF-FM-500-50-1.00-SAT-1"
"876","1741.123077","SPLOT-3CNF-FM-500-50-1.00-SAT-1"
"877","1587.156646","SPLOT-3CNF-FM-500-50-1.00-SAT-1"
"878","1967.769911","SPLOT-3CNF-FM-500-50-1.00-SAT-1"
"879","1757.536836","SPLOT-3CNF-FM-500-50-1.00-SAT-1"
"880","1717.669081","SPLOT-3CNF-FM-500-50-1.00-SAT-1"
"881","1659.623595","SPLOT-3CNF-FM-500-50-1.00-SAT-1"
"882","1768.690392","SPLOT-3CNF-FM-500-50-1.00-SAT-1"
"883","1763.844749","SPLOT-3CNF-FM-500-50-1.00-SAT-1"
"884","1723.025182","SPLOT-3CNF-FM-500-50-1.00-SAT-1"
"885","1623.799161","SPLOT-3CNF-FM-500-50-1.00-SAT-1"
"886","1750.686251","SPLOT-3CNF-FM-500-50-1.00-SAT-1"
"887","1707.244444","SPLOT-3CNF-FM-500-50-1.00-SAT-1"
"888","1752.758052","SPLOT-3CNF-FM-500-50-1.00-SAT-1"
"889","1623.201247","SPLOT-3CNF-FM-500-50-1.00-SAT-1"
"890","1844.707758","SPLOT-3CNF-FM-500-50-1.00-SAT-1"
"891","1891.540968","SPLOT-3CNF-FM-500-50-1.00-SAT-1"
"892","1572.794062","SPLOT-3CNF-FM-500-50-1.00-SAT-1"
"893","1876.113378","SPLOT-3CNF-FM-500-50-1.00-SAT-1"
"894","1774.435702","SPLOT-3CNF-FM-500-50-1.00-SAT-1"
"895","1846.403793","SPLOT-3CNF-FM-500-50-1.00-SAT-1"
"896","1802.010826","SPLOT-3CNF-FM-500-50-1.00-SAT-1"
"897","1600.754229","SPLOT-3CNF-FM-500-50-1.00-SAT-1"
"898","1655.902647","SPLOT-3CNF-FM-500-50-1.00-SAT-1"
"899","1814.488386","SPLOT-3CNF-FM-500-50-1.00-SAT-1"
"900","1788.266045","SPLOT-3CNF-FM-500-50-1.00-SAT-1"
