"","TIME","ALTERNATIVE"
"1","249.660207","x264ProductLine"
"2","68.256699","x264ProductLine"
"3","70.433135","x264ProductLine"
"4","67.107621","x264ProductLine"
"5","66.004186","x264ProductLine"
"6","67.412292","x264ProductLine"
"7","66.458907","x264ProductLine"
"8","74.323673","x264ProductLine"
"9","69.457358","x264ProductLine"
"10","71.506574","x264ProductLine"
"11","71.267217","x264ProductLine"
"12","67.576558","x264ProductLine"
"13","71.894606","x264ProductLine"
"14","77.538133","x264ProductLine"
"15","70.169503","x264ProductLine"
"16","70.55152","x264ProductLine"
"17","69.78453","x264ProductLine"
"18","74.027183","x264ProductLine"
"19","69.390404","x264ProductLine"
"20","70.799428","x264ProductLine"
"21","70.338758","x264ProductLine"
"22","70.147212","x264ProductLine"
"23","71.952585","x264ProductLine"
"24","97.4394","x264ProductLine"
"25","72.846804","x264ProductLine"
"26","71.910959","x264ProductLine"
"27","72.729727","x264ProductLine"
"28","71.525792","x264ProductLine"
"29","87.108171","x264ProductLine"
"30","66.417974","x264ProductLine"
"31","74.364443","x264ProductLine"
"32","70.378407","x264ProductLine"
"33","71.007841","x264ProductLine"
"34","73.037889","x264ProductLine"
"35","71.314397","x264ProductLine"
"36","74.362184","x264ProductLine"
"37","69.500071","x264ProductLine"
"38","69.510479","x264ProductLine"
"39","71.239335","x264ProductLine"
"40","72.141358","x264ProductLine"
"41","74.930542","x264ProductLine"
"42","108.123871","x264ProductLine"
"43","72.029104","x264ProductLine"
"44","67.246303","x264ProductLine"
"45","71.194511","x264ProductLine"
"46","74.113517","x264ProductLine"
"47","86.473855","x264ProductLine"
"48","70.42701","x264ProductLine"
"49","75.093095","x264ProductLine"
"50","70.7447","x264ProductLine"
"51","73.478932","x264ProductLine"
"52","67.625971","x264ProductLine"
"53","72.818759","x264ProductLine"
"54","70.574504","x264ProductLine"
"55","72.197723","x264ProductLine"
"56","84.118437","x264ProductLine"
"57","72.312084","x264ProductLine"
"58","80.439854","x264ProductLine"
"59","72.976104","x264ProductLine"
"60","65.134261","x264ProductLine"
"61","68.68636","x264ProductLine"
"62","71.325254","x264ProductLine"
"63","75.576058","x264ProductLine"
"64","70.483374","x264ProductLine"
"65","69.431701","x264ProductLine"
"66","72.93181","x264ProductLine"
"67","71.495213","x264ProductLine"
"68","73.481787","x264ProductLine"
"69","70.897424","x264ProductLine"
"70","74.06108","x264ProductLine"
"71","86.644357","x264ProductLine"
"72","436.373567","x264ProductLine"
"73","71.702607","x264ProductLine"
"74","73.647673","x264ProductLine"
"75","74.076141","x264ProductLine"
"76","73.58444","x264ProductLine"
"77","71.383754","x264ProductLine"
"78","69.123011","x264ProductLine"
"79","71.282458","x264ProductLine"
"80","70.792999","x264ProductLine"
"81","236.619961","x264ProductLine"
"82","68.432951","x264ProductLine"
"83","74.743234","x264ProductLine"
"84","152.223887","x264ProductLine"
"85","67.582282","x264ProductLine"
"86","74.076428","x264ProductLine"
"87","80.437309","x264ProductLine"
"88","71.131903","x264ProductLine"
"89","74.607833","x264ProductLine"
"90","72.359728","x264ProductLine"
"91","69.708575","x264ProductLine"
"92","100.857479","x264ProductLine"
"93","72.291245","x264ProductLine"
"94","71.681337","x264ProductLine"
"95","71.286526","x264ProductLine"
"96","76.602749","x264ProductLine"
"97","75.217134","x264ProductLine"
"98","71.071881","x264ProductLine"
"99","75.525035","x264ProductLine"
"100","74.936155","x264ProductLine"
"101","68.466233","WgetProductLine"
"102","70.662685","WgetProductLine"
"103","68.749871","WgetProductLine"
"104","66.269796","WgetProductLine"
"105","69.105467","WgetProductLine"
"106","67.726092","WgetProductLine"
"107","68.074982","WgetProductLine"
"108","70.659191","WgetProductLine"
"109","68.52113","WgetProductLine"
"110","70.622077","WgetProductLine"
"111","67.720894","WgetProductLine"
"112","71.223073","WgetProductLine"
"113","110.694081","WgetProductLine"
"114","75.712531","WgetProductLine"
"115","69.897919","WgetProductLine"
"116","72.478975","WgetProductLine"
"117","72.766331","WgetProductLine"
"118","69.339249","WgetProductLine"
"119","68.019295","WgetProductLine"
"120","72.769732","WgetProductLine"
"121","75.58324","WgetProductLine"
"122","70.345349","WgetProductLine"
"123","69.116283","WgetProductLine"
"124","90.182895","WgetProductLine"
"125","82.468164","WgetProductLine"
"126","72.177581","WgetProductLine"
"127","74.892434","WgetProductLine"
"128","73.180662","WgetProductLine"
"129","75.085221","WgetProductLine"
"130","73.261628","WgetProductLine"
"131","73.247123","WgetProductLine"
"132","69.153087","WgetProductLine"
"133","70.777692","WgetProductLine"
"134","76.226231","WgetProductLine"
"135","73.411139","WgetProductLine"
"136","67.901274","WgetProductLine"
"137","89.771975","WgetProductLine"
"138","70.792042","WgetProductLine"
"139","77.056802","WgetProductLine"
"140","75.034391","WgetProductLine"
"141","71.175169","WgetProductLine"
"142","74.011385","WgetProductLine"
"143","71.716459","WgetProductLine"
"144","76.513686","WgetProductLine"
"145","76.097784","WgetProductLine"
"146","73.201386","WgetProductLine"
"147","73.947183","WgetProductLine"
"148","71.096554","WgetProductLine"
"149","69.542492","WgetProductLine"
"150","70.946641","WgetProductLine"
"151","71.794884","WgetProductLine"
"152","73.585902","WgetProductLine"
"153","70.88623","WgetProductLine"
"154","75.102272","WgetProductLine"
"155","68.623887","WgetProductLine"
"156","67.997853","WgetProductLine"
"157","73.518874","WgetProductLine"
"158","107.325319","WgetProductLine"
"159","119.136986","WgetProductLine"
"160","69.474797","WgetProductLine"
"161","72.779666","WgetProductLine"
"162","71.182861","WgetProductLine"
"163","76.397983","WgetProductLine"
"164","72.374302","WgetProductLine"
"165","101.310221","WgetProductLine"
"166","71.451665","WgetProductLine"
"167","71.391385","WgetProductLine"
"168","70.250204","WgetProductLine"
"169","69.154109","WgetProductLine"
"170","71.557724","WgetProductLine"
"171","78.051407","WgetProductLine"
"172","76.797263","WgetProductLine"
"173","69.824446","WgetProductLine"
"174","81.055496","WgetProductLine"
"175","81.021417","WgetProductLine"
"176","75.300924","WgetProductLine"
"177","69.019736","WgetProductLine"
"178","76.978975","WgetProductLine"
"179","73.920455","WgetProductLine"
"180","77.063973","WgetProductLine"
"181","69.246472","WgetProductLine"
"182","71.268483","WgetProductLine"
"183","73.164307","WgetProductLine"
"184","102.258211","WgetProductLine"
"185","71.327042","WgetProductLine"
"186","77.542969","WgetProductLine"
"187","72.432147","WgetProductLine"
"188","73.002267","WgetProductLine"
"189","93.194598","WgetProductLine"
"190","71.299134","WgetProductLine"
"191","139.849112","WgetProductLine"
"192","72.109428","WgetProductLine"
"193","69.302852","WgetProductLine"
"194","156.520267","WgetProductLine"
"195","75.948612","WgetProductLine"
"196","75.757441","WgetProductLine"
"197","69.670641","WgetProductLine"
"198","68.858158","WgetProductLine"
"199","69.503793","WgetProductLine"
"200","76.663868","WgetProductLine"
"201","66.676875","BerkeleyDBMemoryversionProductLine"
"202","67.239869","BerkeleyDBMemoryversionProductLine"
"203","72.588073","BerkeleyDBMemoryversionProductLine"
"204","67.461836","BerkeleyDBMemoryversionProductLine"
"205","66.348417","BerkeleyDBMemoryversionProductLine"
"206","71.459902","BerkeleyDBMemoryversionProductLine"
"207","68.217879","BerkeleyDBMemoryversionProductLine"
"208","70.908169","BerkeleyDBMemoryversionProductLine"
"209","66.787009","BerkeleyDBMemoryversionProductLine"
"210","71.753552","BerkeleyDBMemoryversionProductLine"
"211","76.811949","BerkeleyDBMemoryversionProductLine"
"212","73.249369","BerkeleyDBMemoryversionProductLine"
"213","69.820726","BerkeleyDBMemoryversionProductLine"
"214","70.003792","BerkeleyDBMemoryversionProductLine"
"215","69.809644","BerkeleyDBMemoryversionProductLine"
"216","79.570683","BerkeleyDBMemoryversionProductLine"
"217","75.671232","BerkeleyDBMemoryversionProductLine"
"218","80.346875","BerkeleyDBMemoryversionProductLine"
"219","71.898119","BerkeleyDBMemoryversionProductLine"
"220","72.220196","BerkeleyDBMemoryversionProductLine"
"221","75.98918","BerkeleyDBMemoryversionProductLine"
"222","81.43936","BerkeleyDBMemoryversionProductLine"
"223","69.152482","BerkeleyDBMemoryversionProductLine"
"224","182.340447","BerkeleyDBMemoryversionProductLine"
"225","152.59184","BerkeleyDBMemoryversionProductLine"
"226","71.687611","BerkeleyDBMemoryversionProductLine"
"227","72.96533","BerkeleyDBMemoryversionProductLine"
"228","73.506552","BerkeleyDBMemoryversionProductLine"
"229","70.99871","BerkeleyDBMemoryversionProductLine"
"230","68.40968","BerkeleyDBMemoryversionProductLine"
"231","73.945819","BerkeleyDBMemoryversionProductLine"
"232","74.209755","BerkeleyDBMemoryversionProductLine"
"233","71.111018","BerkeleyDBMemoryversionProductLine"
"234","69.227175","BerkeleyDBMemoryversionProductLine"
"235","76.113969","BerkeleyDBMemoryversionProductLine"
"236","69.727718","BerkeleyDBMemoryversionProductLine"
"237","70.676265","BerkeleyDBMemoryversionProductLine"
"238","70.738317","BerkeleyDBMemoryversionProductLine"
"239","76.028255","BerkeleyDBMemoryversionProductLine"
"240","73.781301","BerkeleyDBMemoryversionProductLine"
"241","72.988453","BerkeleyDBMemoryversionProductLine"
"242","72.208743","BerkeleyDBMemoryversionProductLine"
"243","74.807258","BerkeleyDBMemoryversionProductLine"
"244","87.252376","BerkeleyDBMemoryversionProductLine"
"245","128.205042","BerkeleyDBMemoryversionProductLine"
"246","70.004526","BerkeleyDBMemoryversionProductLine"
"247","73.745538","BerkeleyDBMemoryversionProductLine"
"248","76.071835","BerkeleyDBMemoryversionProductLine"
"249","72.015645","BerkeleyDBMemoryversionProductLine"
"250","73.078205","BerkeleyDBMemoryversionProductLine"
"251","72.645841","BerkeleyDBMemoryversionProductLine"
"252","71.789975","BerkeleyDBMemoryversionProductLine"
"253","74.757365","BerkeleyDBMemoryversionProductLine"
"254","79.80413","BerkeleyDBMemoryversionProductLine"
"255","70.720388","BerkeleyDBMemoryversionProductLine"
"256","71.189478","BerkeleyDBMemoryversionProductLine"
"257","70.094008","BerkeleyDBMemoryversionProductLine"
"258","72.7891","BerkeleyDBMemoryversionProductLine"
"259","72.031085","BerkeleyDBMemoryversionProductLine"
"260","71.500581","BerkeleyDBMemoryversionProductLine"
"261","72.069146","BerkeleyDBMemoryversionProductLine"
"262","75.116676","BerkeleyDBMemoryversionProductLine"
"263","75.000898","BerkeleyDBMemoryversionProductLine"
"264","78.74954","BerkeleyDBMemoryversionProductLine"
"265","69.792407","BerkeleyDBMemoryversionProductLine"
"266","71.453897","BerkeleyDBMemoryversionProductLine"
"267","71.107139","BerkeleyDBMemoryversionProductLine"
"268","69.727738","BerkeleyDBMemoryversionProductLine"
"269","72.787757","BerkeleyDBMemoryversionProductLine"
"270","70.243162","BerkeleyDBMemoryversionProductLine"
"271","163.431465","BerkeleyDBMemoryversionProductLine"
"272","71.984182","BerkeleyDBMemoryversionProductLine"
"273","71.055404","BerkeleyDBMemoryversionProductLine"
"274","76.236773","BerkeleyDBMemoryversionProductLine"
"275","105.55833","BerkeleyDBMemoryversionProductLine"
"276","71.82542","BerkeleyDBMemoryversionProductLine"
"277","72.328035","BerkeleyDBMemoryversionProductLine"
"278","74.886803","BerkeleyDBMemoryversionProductLine"
"279","71.605787","BerkeleyDBMemoryversionProductLine"
"280","74.289384","BerkeleyDBMemoryversionProductLine"
"281","75.36596","BerkeleyDBMemoryversionProductLine"
"282","71.628964","BerkeleyDBMemoryversionProductLine"
"283","72.568602","BerkeleyDBMemoryversionProductLine"
"284","75.133462","BerkeleyDBMemoryversionProductLine"
"285","68.346992","BerkeleyDBMemoryversionProductLine"
"286","67.336426","BerkeleyDBMemoryversionProductLine"
"287","71.813277","BerkeleyDBMemoryversionProductLine"
"288","78.157037","BerkeleyDBMemoryversionProductLine"
"289","69.29794","BerkeleyDBMemoryversionProductLine"
"290","75.701627","BerkeleyDBMemoryversionProductLine"
"291","74.199956","BerkeleyDBMemoryversionProductLine"
"292","146.835891","BerkeleyDBMemoryversionProductLine"
"293","76.211894","BerkeleyDBMemoryversionProductLine"
"294","74.159389","BerkeleyDBMemoryversionProductLine"
"295","70.231413","BerkeleyDBMemoryversionProductLine"
"296","70.345484","BerkeleyDBMemoryversionProductLine"
"297","77.311598","BerkeleyDBMemoryversionProductLine"
"298","69.882716","BerkeleyDBMemoryversionProductLine"
"299","68.218674","BerkeleyDBMemoryversionProductLine"
"300","74.702299","BerkeleyDBMemoryversionProductLine"
"301","70.833697","SensorNetworkProductLine"
"302","80.963407","SensorNetworkProductLine"
"303","69.642408","SensorNetworkProductLine"
"304","71.333992","SensorNetworkProductLine"
"305","116.557427","SensorNetworkProductLine"
"306","69.665964","SensorNetworkProductLine"
"307","75.308822","SensorNetworkProductLine"
"308","72.833495","SensorNetworkProductLine"
"309","91.582562","SensorNetworkProductLine"
"310","73.761509","SensorNetworkProductLine"
"311","74.65711","SensorNetworkProductLine"
"312","71.399984","SensorNetworkProductLine"
"313","72.89989","SensorNetworkProductLine"
"314","70.31128","SensorNetworkProductLine"
"315","80.370328","SensorNetworkProductLine"
"316","71.29139","SensorNetworkProductLine"
"317","74.597694","SensorNetworkProductLine"
"318","179.057452","SensorNetworkProductLine"
"319","74.0892","SensorNetworkProductLine"
"320","112.845587","SensorNetworkProductLine"
"321","72.825711","SensorNetworkProductLine"
"322","75.043664","SensorNetworkProductLine"
"323","73.555273","SensorNetworkProductLine"
"324","71.977414","SensorNetworkProductLine"
"325","72.002105","SensorNetworkProductLine"
"326","75.774678","SensorNetworkProductLine"
"327","73.613445","SensorNetworkProductLine"
"328","73.231545","SensorNetworkProductLine"
"329","78.578736","SensorNetworkProductLine"
"330","72.108871","SensorNetworkProductLine"
"331","79.011336","SensorNetworkProductLine"
"332","72.435483","SensorNetworkProductLine"
"333","73.516414","SensorNetworkProductLine"
"334","76.544317","SensorNetworkProductLine"
"335","71.910536","SensorNetworkProductLine"
"336","68.897484","SensorNetworkProductLine"
"337","76.573657","SensorNetworkProductLine"
"338","81.032254","SensorNetworkProductLine"
"339","73.543626","SensorNetworkProductLine"
"340","75.132906","SensorNetworkProductLine"
"341","76.325986","SensorNetworkProductLine"
"342","73.087729","SensorNetworkProductLine"
"343","72.503697","SensorNetworkProductLine"
"344","71.132478","SensorNetworkProductLine"
"345","73.676833","SensorNetworkProductLine"
"346","71.696182","SensorNetworkProductLine"
"347","77.82057","SensorNetworkProductLine"
"348","73.999397","SensorNetworkProductLine"
"349","97.015369","SensorNetworkProductLine"
"350","74.53927","SensorNetworkProductLine"
"351","73.480984","SensorNetworkProductLine"
"352","74.405628","SensorNetworkProductLine"
"353","80.022297","SensorNetworkProductLine"
"354","72.000892","SensorNetworkProductLine"
"355","75.223992","SensorNetworkProductLine"
"356","127.722516","SensorNetworkProductLine"
"357","70.498173","SensorNetworkProductLine"
"358","71.526407","SensorNetworkProductLine"
"359","70.423637","SensorNetworkProductLine"
"360","167.108815","SensorNetworkProductLine"
"361","71.471704","SensorNetworkProductLine"
"362","77.938945","SensorNetworkProductLine"
"363","74.232833","SensorNetworkProductLine"
"364","70.93011","SensorNetworkProductLine"
"365","74.503053","SensorNetworkProductLine"
"366","72.636197","SensorNetworkProductLine"
"367","98.568749","SensorNetworkProductLine"
"368","73.933119","SensorNetworkProductLine"
"369","70.417214","SensorNetworkProductLine"
"370","84.600923","SensorNetworkProductLine"
"371","75.88922","SensorNetworkProductLine"
"372","128.532364","SensorNetworkProductLine"
"373","73.891389","SensorNetworkProductLine"
"374","75.614429","SensorNetworkProductLine"
"375","73.487289","SensorNetworkProductLine"
"376","74.705907","SensorNetworkProductLine"
"377","72.595742","SensorNetworkProductLine"
"378","70.508298","SensorNetworkProductLine"
"379","78.873285","SensorNetworkProductLine"
"380","72.620153","SensorNetworkProductLine"
"381","77.374757","SensorNetworkProductLine"
"382","77.388553","SensorNetworkProductLine"
"383","73.952199","SensorNetworkProductLine"
"384","75.744416","SensorNetworkProductLine"
"385","153.388487","SensorNetworkProductLine"
"386","72.710728","SensorNetworkProductLine"
"387","76.203405","SensorNetworkProductLine"
"388","75.655871","SensorNetworkProductLine"
"389","68.551654","SensorNetworkProductLine"
"390","72.7496","SensorNetworkProductLine"
"391","73.249497","SensorNetworkProductLine"
"392","75.718022","SensorNetworkProductLine"
"393","92.806025","SensorNetworkProductLine"
"394","76.638673","SensorNetworkProductLine"
"395","74.91012","SensorNetworkProductLine"
"396","71.699334","SensorNetworkProductLine"
"397","76.224472","SensorNetworkProductLine"
"398","72.860395","SensorNetworkProductLine"
"399","73.977994","SensorNetworkProductLine"
"400","177.848065","SensorNetworkProductLine"
"401","71.724211","StrategyMobileGame"
"402","71.746074","StrategyMobileGame"
"403","73.640712","StrategyMobileGame"
"404","69.750575","StrategyMobileGame"
"405","72.202646","StrategyMobileGame"
"406","71.954815","StrategyMobileGame"
"407","74.154643","StrategyMobileGame"
"408","71.256259","StrategyMobileGame"
"409","73.880807","StrategyMobileGame"
"410","72.053675","StrategyMobileGame"
"411","129.937526","StrategyMobileGame"
"412","72.180507","StrategyMobileGame"
"413","121.227206","StrategyMobileGame"
"414","76.132101","StrategyMobileGame"
"415","118.568887","StrategyMobileGame"
"416","73.899438","StrategyMobileGame"
"417","136.726509","StrategyMobileGame"
"418","78.468631","StrategyMobileGame"
"419","153.409464","StrategyMobileGame"
"420","69.802935","StrategyMobileGame"
"421","148.398362","StrategyMobileGame"
"422","79.073662","StrategyMobileGame"
"423","77.325788","StrategyMobileGame"
"424","67.039346","StrategyMobileGame"
"425","74.601265","StrategyMobileGame"
"426","75.111098","StrategyMobileGame"
"427","85.600419","StrategyMobileGame"
"428","76.806619","StrategyMobileGame"
"429","77.946669","StrategyMobileGame"
"430","79.077127","StrategyMobileGame"
"431","76.950093","StrategyMobileGame"
"432","73.675783","StrategyMobileGame"
"433","76.304013","StrategyMobileGame"
"434","74.076336","StrategyMobileGame"
"435","74.769753","StrategyMobileGame"
"436","68.37991","StrategyMobileGame"
"437","74.713263","StrategyMobileGame"
"438","114.468322","StrategyMobileGame"
"439","78.150482","StrategyMobileGame"
"440","71.955452","StrategyMobileGame"
"441","78.085771","StrategyMobileGame"
"442","120.958316","StrategyMobileGame"
"443","147.015689","StrategyMobileGame"
"444","70.070529","StrategyMobileGame"
"445","78.155565","StrategyMobileGame"
"446","76.319185","StrategyMobileGame"
"447","163.352443","StrategyMobileGame"
"448","69.747041","StrategyMobileGame"
"449","76.301329","StrategyMobileGame"
"450","142.11708","StrategyMobileGame"
"451","70.672542","StrategyMobileGame"
"452","71.939757","StrategyMobileGame"
"453","71.70077","StrategyMobileGame"
"454","74.36204","StrategyMobileGame"
"455","72.831236","StrategyMobileGame"
"456","69.567869","StrategyMobileGame"
"457","75.693051","StrategyMobileGame"
"458","76.032797","StrategyMobileGame"
"459","74.638461","StrategyMobileGame"
"460","75.167138","StrategyMobileGame"
"461","110.299627","StrategyMobileGame"
"462","72.434406","StrategyMobileGame"
"463","76.706507","StrategyMobileGame"
"464","155.204924","StrategyMobileGame"
"465","127.625532","StrategyMobileGame"
"466","73.893554","StrategyMobileGame"
"467","71.283898","StrategyMobileGame"
"468","99.105319","StrategyMobileGame"
"469","179.2123","StrategyMobileGame"
"470","70.794792","StrategyMobileGame"
"471","71.794288","StrategyMobileGame"
"472","76.247081","StrategyMobileGame"
"473","67.830402","StrategyMobileGame"
"474","132.548062","StrategyMobileGame"
"475","73.713745","StrategyMobileGame"
"476","71.793723","StrategyMobileGame"
"477","175.54846","StrategyMobileGame"
"478","116.708109","StrategyMobileGame"
"479","78.165847","StrategyMobileGame"
"480","77.687491","StrategyMobileGame"
"481","72.205564","StrategyMobileGame"
"482","74.429527","StrategyMobileGame"
"483","75.902549","StrategyMobileGame"
"484","74.82292","StrategyMobileGame"
"485","70.545468","StrategyMobileGame"
"486","93.701566","StrategyMobileGame"
"487","78.073498","StrategyMobileGame"
"488","71.554344","StrategyMobileGame"
"489","69.565271","StrategyMobileGame"
"490","341.848907","StrategyMobileGame"
"491","81.666142","StrategyMobileGame"
"492","81.668521","StrategyMobileGame"
"493","79.475044","StrategyMobileGame"
"494","71.28533","StrategyMobileGame"
"495","70.377167","StrategyMobileGame"
"496","73.443216","StrategyMobileGame"
"497","75.308125","StrategyMobileGame"
"498","74.660152","StrategyMobileGame"
"499","72.338919","StrategyMobileGame"
"500","74.982305","StrategyMobileGame"
"501","107.258165","TankWar"
"502","71.844262","TankWar"
"503","126.519061","TankWar"
"504","73.123236","TankWar"
"505","72.182915","TankWar"
"506","69.922628","TankWar"
"507","70.110205","TankWar"
"508","150.545464","TankWar"
"509","161.581973","TankWar"
"510","73.317545","TankWar"
"511","72.181389","TankWar"
"512","163.367934","TankWar"
"513","72.746799","TankWar"
"514","70.966834","TankWar"
"515","74.414208","TankWar"
"516","125.513416","TankWar"
"517","74.557276","TankWar"
"518","75.574623","TankWar"
"519","73.702969","TankWar"
"520","73.630465","TankWar"
"521","71.424497","TankWar"
"522","74.332001","TankWar"
"523","79.687438","TankWar"
"524","77.23899","TankWar"
"525","75.275038","TankWar"
"526","76.072241","TankWar"
"527","187.388669","TankWar"
"528","75.431884","TankWar"
"529","75.799916","TankWar"
"530","73.641504","TankWar"
"531","71.843119","TankWar"
"532","96.674335","TankWar"
"533","78.151019","TankWar"
"534","76.066745","TankWar"
"535","78.331252","TankWar"
"536","79.93368","TankWar"
"537","73.354346","TankWar"
"538","71.578383","TankWar"
"539","72.20707","TankWar"
"540","73.091213","TankWar"
"541","69.845103","TankWar"
"542","72.486702","TankWar"
"543","83.567542","TankWar"
"544","72.313035","TankWar"
"545","74.929134","TankWar"
"546","72.280672","TankWar"
"547","72.098237","TankWar"
"548","79.440002","TankWar"
"549","74.204408","TankWar"
"550","76.433463","TankWar"
"551","157.408679","TankWar"
"552","70.923591","TankWar"
"553","81.22926","TankWar"
"554","73.059389","TankWar"
"555","185.702803","TankWar"
"556","74.655467","TankWar"
"557","73.271378","TankWar"
"558","71.069072","TankWar"
"559","77.62019","TankWar"
"560","71.255319","TankWar"
"561","72.801928","TankWar"
"562","73.080957","TankWar"
"563","74.400907","TankWar"
"564","77.432134","TankWar"
"565","76.303272","TankWar"
"566","74.599306","TankWar"
"567","73.331341","TankWar"
"568","75.234533","TankWar"
"569","71.853608","TankWar"
"570","146.610896","TankWar"
"571","138.883403","TankWar"
"572","77.336341","TankWar"
"573","73.615954","TankWar"
"574","72.248204","TankWar"
"575","71.89193","TankWar"
"576","76.38614","TankWar"
"577","70.027542","TankWar"
"578","77.725168","TankWar"
"579","83.267542","TankWar"
"580","71.802217","TankWar"
"581","72.881789","TankWar"
"582","111.614949","TankWar"
"583","71.600334","TankWar"
"584","152.294496","TankWar"
"585","77.291195","TankWar"
"586","73.543663","TankWar"
"587","76.757526","TankWar"
"588","154.199137","TankWar"
"589","75.059323","TankWar"
"590","71.537006","TankWar"
"591","72.976559","TankWar"
"592","74.298348","TankWar"
"593","84.559374","TankWar"
"594","73.902914","TankWar"
"595","77.876225","TankWar"
"596","75.270694","TankWar"
"597","74.348856","TankWar"
"598","76.227075","TankWar"
"599","72.156736","TankWar"
"600","75.015989","TankWar"
"601","73.686194","MobileMedia2"
"602","71.674365","MobileMedia2"
"603","72.945016","MobileMedia2"
"604","77.66785","MobileMedia2"
"605","80.828357","MobileMedia2"
"606","76.806393","MobileMedia2"
"607","75.061222","MobileMedia2"
"608","69.573307","MobileMedia2"
"609","71.019314","MobileMedia2"
"610","73.523091","MobileMedia2"
"611","77.671746","MobileMedia2"
"612","67.906829","MobileMedia2"
"613","74.132865","MobileMedia2"
"614","70.57777","MobileMedia2"
"615","74.973616","MobileMedia2"
"616","70.341624","MobileMedia2"
"617","71.445425","MobileMedia2"
"618","79.818922","MobileMedia2"
"619","77.604229","MobileMedia2"
"620","76.734991","MobileMedia2"
"621","71.647883","MobileMedia2"
"622","77.660856","MobileMedia2"
"623","182.96383","MobileMedia2"
"624","158.30916","MobileMedia2"
"625","106.322561","MobileMedia2"
"626","73.693006","MobileMedia2"
"627","100.679214","MobileMedia2"
"628","77.194264","MobileMedia2"
"629","79.966648","MobileMedia2"
"630","73.071112","MobileMedia2"
"631","76.072185","MobileMedia2"
"632","74.619942","MobileMedia2"
"633","142.896309","MobileMedia2"
"634","76.997169","MobileMedia2"
"635","75.140072","MobileMedia2"
"636","133.995647","MobileMedia2"
"637","72.871496","MobileMedia2"
"638","75.44609","MobileMedia2"
"639","73.214872","MobileMedia2"
"640","79.823026","MobileMedia2"
"641","73.640332","MobileMedia2"
"642","77.838416","MobileMedia2"
"643","79.058361","MobileMedia2"
"644","75.727288","MobileMedia2"
"645","77.566691","MobileMedia2"
"646","75.33506","MobileMedia2"
"647","83.720418","MobileMedia2"
"648","100.909257","MobileMedia2"
"649","74.994979","MobileMedia2"
"650","76.261239","MobileMedia2"
"651","72.853921","MobileMedia2"
"652","95.327263","MobileMedia2"
"653","72.03098","MobileMedia2"
"654","73.355585","MobileMedia2"
"655","78.928609","MobileMedia2"
"656","74.216368","MobileMedia2"
"657","187.152334","MobileMedia2"
"658","72.908505","MobileMedia2"
"659","111.518149","MobileMedia2"
"660","76.0488","MobileMedia2"
"661","76.151924","MobileMedia2"
"662","71.115334","MobileMedia2"
"663","77.391984","MobileMedia2"
"664","76.135695","MobileMedia2"
"665","71.069325","MobileMedia2"
"666","75.395732","MobileMedia2"
"667","75.993617","MobileMedia2"
"668","74.023868","MobileMedia2"
"669","82.103128","MobileMedia2"
"670","75.26547","MobileMedia2"
"671","73.759998","MobileMedia2"
"672","76.762623","MobileMedia2"
"673","76.726788","MobileMedia2"
"674","74.675073","MobileMedia2"
"675","147.362098","MobileMedia2"
"676","73.127268","MobileMedia2"
"677","76.811605","MobileMedia2"
"678","73.800409","MobileMedia2"
"679","84.109983","MobileMedia2"
"680","72.606544","MobileMedia2"
"681","81.958575","MobileMedia2"
"682","76.187229","MobileMedia2"
"683","167.204621","MobileMedia2"
"684","76.978196","MobileMedia2"
"685","84.30444","MobileMedia2"
"686","74.490741","MobileMedia2"
"687","75.923696","MobileMedia2"
"688","74.276036","MobileMedia2"
"689","74.894412","MobileMedia2"
"690","75.439438","MobileMedia2"
"691","157.576521","MobileMedia2"
"692","96.248542","MobileMedia2"
"693","89.269047","MobileMedia2"
"694","80.049689","MobileMedia2"
"695","76.554849","MobileMedia2"
"696","75.32399","MobileMedia2"
"697","74.841603","MobileMedia2"
"698","122.908417","MobileMedia2"
"699","77.736194","MobileMedia2"
"700","131.547893","MobileMedia2"
"701","68.01426","MobileGuide"
"702","73.805459","MobileGuide"
"703","76.939729","MobileGuide"
"704","73.941954","MobileGuide"
"705","137.691983","MobileGuide"
"706","72.307344","MobileGuide"
"707","126.317769","MobileGuide"
"708","75.390109","MobileGuide"
"709","73.397148","MobileGuide"
"710","78.926172","MobileGuide"
"711","77.063969","MobileGuide"
"712","73.752516","MobileGuide"
"713","73.520272","MobileGuide"
"714","168.656616","MobileGuide"
"715","183.431722","MobileGuide"
"716","74.393224","MobileGuide"
"717","73.895003","MobileGuide"
"718","72.7314","MobileGuide"
"719","80.331621","MobileGuide"
"720","180.168484","MobileGuide"
"721","70.743081","MobileGuide"
"722","81.776616","MobileGuide"
"723","88.111766","MobileGuide"
"724","76.844507","MobileGuide"
"725","72.691302","MobileGuide"
"726","78.020523","MobileGuide"
"727","76.651386","MobileGuide"
"728","78.234386","MobileGuide"
"729","98.063831","MobileGuide"
"730","78.579284","MobileGuide"
"731","76.420304","MobileGuide"
"732","73.042019","MobileGuide"
"733","70.395185","MobileGuide"
"734","72.696419","MobileGuide"
"735","73.198656","MobileGuide"
"736","71.417232","MobileGuide"
"737","88.325786","MobileGuide"
"738","72.872751","MobileGuide"
"739","75.889574","MobileGuide"
"740","75.512119","MobileGuide"
"741","78.005157","MobileGuide"
"742","76.440481","MobileGuide"
"743","75.861243","MobileGuide"
"744","83.114838","MobileGuide"
"745","165.923688","MobileGuide"
"746","73.838002","MobileGuide"
"747","77.032191","MobileGuide"
"748","76.652826","MobileGuide"
"749","102.643469","MobileGuide"
"750","76.464469","MobileGuide"
"751","76.019488","MobileGuide"
"752","74.857298","MobileGuide"
"753","155.009533","MobileGuide"
"754","110.564094","MobileGuide"
"755","77.875991","MobileGuide"
"756","77.98057","MobileGuide"
"757","77.750238","MobileGuide"
"758","163.252399","MobileGuide"
"759","77.612123","MobileGuide"
"760","101.336882","MobileGuide"
"761","73.160753","MobileGuide"
"762","74.306748","MobileGuide"
"763","76.288115","MobileGuide"
"764","81.190804","MobileGuide"
"765","72.827312","MobileGuide"
"766","149.964402","MobileGuide"
"767","89.125312","MobileGuide"
"768","71.965741","MobileGuide"
"769","74.971067","MobileGuide"
"770","76.760105","MobileGuide"
"771","81.336831","MobileGuide"
"772","78.110048","MobileGuide"
"773","76.69915","MobileGuide"
"774","76.98824","MobileGuide"
"775","73.068216","MobileGuide"
"776","75.083864","MobileGuide"
"777","83.494687","MobileGuide"
"778","76.604818","MobileGuide"
"779","75.038833","MobileGuide"
"780","76.701292","MobileGuide"
"781","82.477841","MobileGuide"
"782","74.971844","MobileGuide"
"783","73.840029","MobileGuide"
"784","78.550227","MobileGuide"
"785","76.746889","MobileGuide"
"786","189.911635","MobileGuide"
"787","74.370675","MobileGuide"
"788","76.244899","MobileGuide"
"789","78.163186","MobileGuide"
"790","120.387898","MobileGuide"
"791","75.646963","MobileGuide"
"792","75.158106","MobileGuide"
"793","361.510567","MobileGuide"
"794","78.739529","MobileGuide"
"795","151.882714","MobileGuide"
"796","73.851683","MobileGuide"
"797","76.855669","MobileGuide"
"798","78.243329","MobileGuide"
"799","128.460651","MobileGuide"
"800","78.344282","MobileGuide"
"801","264.926451","SPLOT-3CNF-FM-500-50-1.00-SAT-1"
"802","156.668731","SPLOT-3CNF-FM-500-50-1.00-SAT-1"
"803","199.216071","SPLOT-3CNF-FM-500-50-1.00-SAT-1"
"804","281.696592","SPLOT-3CNF-FM-500-50-1.00-SAT-1"
"805","164.860422","SPLOT-3CNF-FM-500-50-1.00-SAT-1"
"806","223.643301","SPLOT-3CNF-FM-500-50-1.00-SAT-1"
"807","176.656504","SPLOT-3CNF-FM-500-50-1.00-SAT-1"
"808","260.66594","SPLOT-3CNF-FM-500-50-1.00-SAT-1"
"809","182.360347","SPLOT-3CNF-FM-500-50-1.00-SAT-1"
"810","243.290756","SPLOT-3CNF-FM-500-50-1.00-SAT-1"
"811","203.995581","SPLOT-3CNF-FM-500-50-1.00-SAT-1"
"812","246.943698","SPLOT-3CNF-FM-500-50-1.00-SAT-1"
"813","193.183842","SPLOT-3CNF-FM-500-50-1.00-SAT-1"
"814","178.067899","SPLOT-3CNF-FM-500-50-1.00-SAT-1"
"815","221.370628","SPLOT-3CNF-FM-500-50-1.00-SAT-1"
"816","260.729828","SPLOT-3CNF-FM-500-50-1.00-SAT-1"
"817","196.617058","SPLOT-3CNF-FM-500-50-1.00-SAT-1"
"818","258.643817","SPLOT-3CNF-FM-500-50-1.00-SAT-1"
"819","292.710532","SPLOT-3CNF-FM-500-50-1.00-SAT-1"
"820","213.196569","SPLOT-3CNF-FM-500-50-1.00-SAT-1"
"821","146.648349","SPLOT-3CNF-FM-500-50-1.00-SAT-1"
"822","151.302209","SPLOT-3CNF-FM-500-50-1.00-SAT-1"
"823","287.146256","SPLOT-3CNF-FM-500-50-1.00-SAT-1"
"824","167.12096","SPLOT-3CNF-FM-500-50-1.00-SAT-1"
"825","196.694977","SPLOT-3CNF-FM-500-50-1.00-SAT-1"
"826","250.664532","SPLOT-3CNF-FM-500-50-1.00-SAT-1"
"827","242.631464","SPLOT-3CNF-FM-500-50-1.00-SAT-1"
"828","215.429281","SPLOT-3CNF-FM-500-50-1.00-SAT-1"
"829","519.23189","SPLOT-3CNF-FM-500-50-1.00-SAT-1"
"830","190.088885","SPLOT-3CNF-FM-500-50-1.00-SAT-1"
"831","251.082899","SPLOT-3CNF-FM-500-50-1.00-SAT-1"
"832","243.39298","SPLOT-3CNF-FM-500-50-1.00-SAT-1"
"833","259.447795","SPLOT-3CNF-FM-500-50-1.00-SAT-1"
"834","185.682835","SPLOT-3CNF-FM-500-50-1.00-SAT-1"
"835","165.827553","SPLOT-3CNF-FM-500-50-1.00-SAT-1"
"836","231.98185","SPLOT-3CNF-FM-500-50-1.00-SAT-1"
"837","220.462111","SPLOT-3CNF-FM-500-50-1.00-SAT-1"
"838","190.335566","SPLOT-3CNF-FM-500-50-1.00-SAT-1"
"839","282.395976","SPLOT-3CNF-FM-500-50-1.00-SAT-1"
"840","287.757653","SPLOT-3CNF-FM-500-50-1.00-SAT-1"
"841","239.040932","SPLOT-3CNF-FM-500-50-1.00-SAT-1"
"842","194.796931","SPLOT-3CNF-FM-500-50-1.00-SAT-1"
"843","220.697467","SPLOT-3CNF-FM-500-50-1.00-SAT-1"
"844","210.265616","SPLOT-3CNF-FM-500-50-1.00-SAT-1"
"845","259.491755","SPLOT-3CNF-FM-500-50-1.00-SAT-1"
"846","217.812709","SPLOT-3CNF-FM-500-50-1.00-SAT-1"
"847","219.844464","SPLOT-3CNF-FM-500-50-1.00-SAT-1"
"848","191.083384","SPLOT-3CNF-FM-500-50-1.00-SAT-1"
"849","207.269711","SPLOT-3CNF-FM-500-50-1.00-SAT-1"
"850","205.135601","SPLOT-3CNF-FM-500-50-1.00-SAT-1"
"851","243.737174","SPLOT-3CNF-FM-500-50-1.00-SAT-1"
"852","185.166874","SPLOT-3CNF-FM-500-50-1.00-SAT-1"
"853","250.675378","SPLOT-3CNF-FM-500-50-1.00-SAT-1"
"854","215.463509","SPLOT-3CNF-FM-500-50-1.00-SAT-1"
"855","232.801237","SPLOT-3CNF-FM-500-50-1.00-SAT-1"
"856","275.412962","SPLOT-3CNF-FM-500-50-1.00-SAT-1"
"857","231.87202","SPLOT-3CNF-FM-500-50-1.00-SAT-1"
"858","432.877281","SPLOT-3CNF-FM-500-50-1.00-SAT-1"
"859","269.784645","SPLOT-3CNF-FM-500-50-1.00-SAT-1"
"860","217.531338","SPLOT-3CNF-FM-500-50-1.00-SAT-1"
"861","230.080091","SPLOT-3CNF-FM-500-50-1.00-SAT-1"
"862","187.1725","SPLOT-3CNF-FM-500-50-1.00-SAT-1"
"863","264.699898","SPLOT-3CNF-FM-500-50-1.00-SAT-1"
"864","308.268437","SPLOT-3CNF-FM-500-50-1.00-SAT-1"
"865","246.289441","SPLOT-3CNF-FM-500-50-1.00-SAT-1"
"866","253.843971","SPLOT-3CNF-FM-500-50-1.00-SAT-1"
"867","189.350704","SPLOT-3CNF-FM-500-50-1.00-SAT-1"
"868","252.166345","SPLOT-3CNF-FM-500-50-1.00-SAT-1"
"869","257.494189","SPLOT-3CNF-FM-500-50-1.00-SAT-1"
"870","209.669146","SPLOT-3CNF-FM-500-50-1.00-SAT-1"
"871","213.471037","SPLOT-3CNF-FM-500-50-1.00-SAT-1"
"872","185.827952","SPLOT-3CNF-FM-500-50-1.00-SAT-1"
"873","162.520971","SPLOT-3CNF-FM-500-50-1.00-SAT-1"
"874","160.22854","SPLOT-3CNF-FM-500-50-1.00-SAT-1"
"875","245.126365","SPLOT-3CNF-FM-500-50-1.00-SAT-1"
"876","182.687136","SPLOT-3CNF-FM-500-50-1.00-SAT-1"
"877","210.065406","SPLOT-3CNF-FM-500-50-1.00-SAT-1"
"878","293.893955","SPLOT-3CNF-FM-500-50-1.00-SAT-1"
"879","248.976067","SPLOT-3CNF-FM-500-50-1.00-SAT-1"
"880","250.000924","SPLOT-3CNF-FM-500-50-1.00-SAT-1"
"881","194.925425","SPLOT-3CNF-FM-500-50-1.00-SAT-1"
"882","157.153627","SPLOT-3CNF-FM-500-50-1.00-SAT-1"
"883","248.663926","SPLOT-3CNF-FM-500-50-1.00-SAT-1"
"884","217.940887","SPLOT-3CNF-FM-500-50-1.00-SAT-1"
"885","256.647848","SPLOT-3CNF-FM-500-50-1.00-SAT-1"
"886","225.998027","SPLOT-3CNF-FM-500-50-1.00-SAT-1"
"887","219.07919","SPLOT-3CNF-FM-500-50-1.00-SAT-1"
"888","200.245668","SPLOT-3CNF-FM-500-50-1.00-SAT-1"
"889","220.639248","SPLOT-3CNF-FM-500-50-1.00-SAT-1"
"890","232.082342","SPLOT-3CNF-FM-500-50-1.00-SAT-1"
"891","230.725368","SPLOT-3CNF-FM-500-50-1.00-SAT-1"
"892","168.216969","SPLOT-3CNF-FM-500-50-1.00-SAT-1"
"893","310.248955","SPLOT-3CNF-FM-500-50-1.00-SAT-1"
"894","276.333446","SPLOT-3CNF-FM-500-50-1.00-SAT-1"
"895","276.064297","SPLOT-3CNF-FM-500-50-1.00-SAT-1"
"896","236.709888","SPLOT-3CNF-FM-500-50-1.00-SAT-1"
"897","199.384444","SPLOT-3CNF-FM-500-50-1.00-SAT-1"
"898","219.517377","SPLOT-3CNF-FM-500-50-1.00-SAT-1"
"899","222.08682","SPLOT-3CNF-FM-500-50-1.00-SAT-1"
"900","236.884694","SPLOT-3CNF-FM-500-50-1.00-SAT-1"
