"","TIME","ALTERNATIVE"
"1","1523.248224","x264ProductLine"
"2","1068.321721","x264ProductLine"
"3","1352.709198","x264ProductLine"
"4","1380.438002","x264ProductLine"
"5","1297.088983","x264ProductLine"
"6","1393.350034","x264ProductLine"
"7","1504.01989","x264ProductLine"
"8","1179.65392","x264ProductLine"
"9","1395.720608","x264ProductLine"
"10","1327.743205","x264ProductLine"
"11","1173.562305","x264ProductLine"
"12","1340.041956","x264ProductLine"
"13","1385.805711","x264ProductLine"
"14","1441.482695","x264ProductLine"
"15","1431.186861","x264ProductLine"
"16","1429.232278","x264ProductLine"
"17","1395.176389","x264ProductLine"
"18","1364.116333","x264ProductLine"
"19","1342.148259","x264ProductLine"
"20","1120.329174","x264ProductLine"
"21","1311.745652","x264ProductLine"
"22","1353.912739","x264ProductLine"
"23","1367.34373","x264ProductLine"
"24","1416.684881","x264ProductLine"
"25","1145.583239","x264ProductLine"
"26","1289.023618","x264ProductLine"
"27","1283.641065","x264ProductLine"
"28","1302.831536","x264ProductLine"
"29","1306.484505","x264ProductLine"
"30","1359.193625","x264ProductLine"
"31","1362.291073","x264ProductLine"
"32","1349.404979","x264ProductLine"
"33","1398.289983","x264ProductLine"
"34","1428.370351","x264ProductLine"
"35","1237.489863","x264ProductLine"
"36","1395.597691","x264ProductLine"
"37","1466.528584","x264ProductLine"
"38","1365.657584","x264ProductLine"
"39","1339.304404","x264ProductLine"
"40","1486.887284","x264ProductLine"
"41","1398.895244","x264ProductLine"
"42","1338.551227","x264ProductLine"
"43","1065.226982","x264ProductLine"
"44","1370.169564","x264ProductLine"
"45","1389.141336","x264ProductLine"
"46","1447.121289","x264ProductLine"
"47","1350.010186","x264ProductLine"
"48","1394.020712","x264ProductLine"
"49","1344.72378","x264ProductLine"
"50","1338.945498","x264ProductLine"
"51","1408.387693","x264ProductLine"
"52","1325.348517","x264ProductLine"
"53","1287.510909","x264ProductLine"
"54","1156.091209","x264ProductLine"
"55","1255.389865","x264ProductLine"
"56","1411.282224","x264ProductLine"
"57","1299.070754","x264ProductLine"
"58","1196.879702","x264ProductLine"
"59","1391.578836","x264ProductLine"
"60","1288.073305","x264ProductLine"
"61","1297.857838","x264ProductLine"
"62","1356.156906","x264ProductLine"
"63","1056.904532","x264ProductLine"
"64","1313.266745","x264ProductLine"
"65","1377.231335","x264ProductLine"
"66","1213.021111","x264ProductLine"
"67","1204.65163","x264ProductLine"
"68","1409.021234","x264ProductLine"
"69","1423.305715","x264ProductLine"
"70","1369.449876","x264ProductLine"
"71","1401.699202","x264ProductLine"
"72","1415.255194","x264ProductLine"
"73","1376.215814","x264ProductLine"
"74","1143.961364","x264ProductLine"
"75","1280.915805","x264ProductLine"
"76","1306.838567","x264ProductLine"
"77","1415.473943","x264ProductLine"
"78","1266.216324","x264ProductLine"
"79","1297.566796","x264ProductLine"
"80","1086.129743","x264ProductLine"
"81","1507.30989","x264ProductLine"
"82","1337.102581","x264ProductLine"
"83","1253.599708","x264ProductLine"
"84","1246.396426","x264ProductLine"
"85","1264.955543","x264ProductLine"
"86","1280.054295","x264ProductLine"
"87","1458.507593","x264ProductLine"
"88","1394.008107","x264ProductLine"
"89","1282.021638","x264ProductLine"
"90","1300.900338","x264ProductLine"
"91","1332.998987","x264ProductLine"
"92","1399.5154","x264ProductLine"
"93","1105.213079","x264ProductLine"
"94","1363.347896","x264ProductLine"
"95","1309.336432","x264ProductLine"
"96","1284.948045","x264ProductLine"
"97","1398.864984","x264ProductLine"
"98","1036.444479","x264ProductLine"
"99","1355.590864","x264ProductLine"
"100","1332.560653","x264ProductLine"
"101","1729.783662","WgetProductLine"
"102","1863.259092","WgetProductLine"
"103","1363.868156","WgetProductLine"
"104","1862.776487","WgetProductLine"
"105","1669.216468","WgetProductLine"
"106","2056.961299","WgetProductLine"
"107","1818.165077","WgetProductLine"
"108","1827.930338","WgetProductLine"
"109","1769.060905","WgetProductLine"
"110","1798.691377","WgetProductLine"
"111","1802.043565","WgetProductLine"
"112","1692.609596","WgetProductLine"
"113","1663.611572","WgetProductLine"
"114","1853.314508","WgetProductLine"
"115","1718.876004","WgetProductLine"
"116","1590.146513","WgetProductLine"
"117","1865.735706","WgetProductLine"
"118","1650.102091","WgetProductLine"
"119","1965.868894","WgetProductLine"
"120","1484.69671","WgetProductLine"
"121","1906.20769","WgetProductLine"
"122","2180.00704","WgetProductLine"
"123","1953.506705","WgetProductLine"
"124","1482.991242","WgetProductLine"
"125","1505.629108","WgetProductLine"
"126","2051.698121","WgetProductLine"
"127","1679.784282","WgetProductLine"
"128","2014.848743","WgetProductLine"
"129","2006.115773","WgetProductLine"
"130","1784.402001","WgetProductLine"
"131","1971.119988","WgetProductLine"
"132","1576.625782","WgetProductLine"
"133","1706.115951","WgetProductLine"
"134","1831.787058","WgetProductLine"
"135","1706.555638","WgetProductLine"
"136","1498.062388","WgetProductLine"
"137","2160.463861","WgetProductLine"
"138","1732.758662","WgetProductLine"
"139","1798.577002","WgetProductLine"
"140","1839.682475","WgetProductLine"
"141","1829.451329","WgetProductLine"
"142","1370.929199","WgetProductLine"
"143","1749.671164","WgetProductLine"
"144","1608.33542","WgetProductLine"
"145","1818.812681","WgetProductLine"
"146","1682.176886","WgetProductLine"
"147","1787.062365","WgetProductLine"
"148","1798.988252","WgetProductLine"
"149","2040.787599","WgetProductLine"
"150","1607.83615","WgetProductLine"
"151","1597.397034","WgetProductLine"
"152","2068.916456","WgetProductLine"
"153","1326.648257","WgetProductLine"
"154","1797.728721","WgetProductLine"
"155","1759.930905","WgetProductLine"
"156","1753.63481","WgetProductLine"
"157","1478.901345","WgetProductLine"
"158","1720.895276","WgetProductLine"
"159","1793.998876","WgetProductLine"
"160","1981.51827","WgetProductLine"
"161","1917.061753","WgetProductLine"
"162","1953.473163","WgetProductLine"
"163","1675.888865","WgetProductLine"
"164","1944.75785","WgetProductLine"
"165","1469.795668","WgetProductLine"
"166","1775.402417","WgetProductLine"
"167","2044.888537","WgetProductLine"
"168","1995.440251","WgetProductLine"
"169","2007.779992","WgetProductLine"
"170","1542.814581","WgetProductLine"
"171","1824.160859","WgetProductLine"
"172","1408.836859","WgetProductLine"
"173","1720.997828","WgetProductLine"
"174","1755.824862","WgetProductLine"
"175","1746.688768","WgetProductLine"
"176","1867.31529","WgetProductLine"
"177","1890.835084","WgetProductLine"
"178","1944.294257","WgetProductLine"
"179","1864.141905","WgetProductLine"
"180","1864.907113","WgetProductLine"
"181","1749.900122","WgetProductLine"
"182","1698.845273","WgetProductLine"
"183","1771.134811","WgetProductLine"
"184","1668.103291","WgetProductLine"
"185","1924.229984","WgetProductLine"
"186","1846.316278","WgetProductLine"
"187","1668.474333","WgetProductLine"
"188","1615.129015","WgetProductLine"
"189","1380.467013","WgetProductLine"
"190","1950.557122","WgetProductLine"
"191","1618.17261","WgetProductLine"
"192","1752.838612","WgetProductLine"
"193","1914.462899","WgetProductLine"
"194","1845.702111","WgetProductLine"
"195","1851.084976","WgetProductLine"
"196","1645.022247","WgetProductLine"
"197","1779.769917","WgetProductLine"
"198","1901.268731","WgetProductLine"
"199","1866.430811","WgetProductLine"
"200","1833.531693","WgetProductLine"
"201","1208.269599","BerkeleyDBMemoryversionProductLine"
"202","1231.887831","BerkeleyDBMemoryversionProductLine"
"203","1218.911424","BerkeleyDBMemoryversionProductLine"
"204","1137.320634","BerkeleyDBMemoryversionProductLine"
"205","1294.548723","BerkeleyDBMemoryversionProductLine"
"206","1256.544448","BerkeleyDBMemoryversionProductLine"
"207","1139.218811","BerkeleyDBMemoryversionProductLine"
"208","1128.623237","BerkeleyDBMemoryversionProductLine"
"209","1186.431421","BerkeleyDBMemoryversionProductLine"
"210","1179.064544","BerkeleyDBMemoryversionProductLine"
"211","1209.246788","BerkeleyDBMemoryversionProductLine"
"212","1143.75303","BerkeleyDBMemoryversionProductLine"
"213","1248.320958","BerkeleyDBMemoryversionProductLine"
"214","1130.252769","BerkeleyDBMemoryversionProductLine"
"215","1144.727145","BerkeleyDBMemoryversionProductLine"
"216","1148.700167","BerkeleyDBMemoryversionProductLine"
"217","1171.573606","BerkeleyDBMemoryversionProductLine"
"218","1254.639448","BerkeleyDBMemoryversionProductLine"
"219","1191.937775","BerkeleyDBMemoryversionProductLine"
"220","1151.564907","BerkeleyDBMemoryversionProductLine"
"221","1197.266682","BerkeleyDBMemoryversionProductLine"
"222","1154.840324","BerkeleyDBMemoryversionProductLine"
"223","1146.300062","BerkeleyDBMemoryversionProductLine"
"224","1125.867977","BerkeleyDBMemoryversionProductLine"
"225","1094.292557","BerkeleyDBMemoryversionProductLine"
"226","1116.466778","BerkeleyDBMemoryversionProductLine"
"227","1155.315376","BerkeleyDBMemoryversionProductLine"
"228","1091.372453","BerkeleyDBMemoryversionProductLine"
"229","1242.842572","BerkeleyDBMemoryversionProductLine"
"230","1161.664803","BerkeleyDBMemoryversionProductLine"
"231","1107.934225","BerkeleyDBMemoryversionProductLine"
"232","1131.998498","BerkeleyDBMemoryversionProductLine"
"233","1211.255329","BerkeleyDBMemoryversionProductLine"
"234","1170.796106","BerkeleyDBMemoryversionProductLine"
"235","1201.506265","BerkeleyDBMemoryversionProductLine"
"236","1239.272519","BerkeleyDBMemoryversionProductLine"
"237","1167.110637","BerkeleyDBMemoryversionProductLine"
"238","1234.325539","BerkeleyDBMemoryversionProductLine"
"239","1114.598548","BerkeleyDBMemoryversionProductLine"
"240","1140.173968","BerkeleyDBMemoryversionProductLine"
"241","1178.766212","BerkeleyDBMemoryversionProductLine"
"242","1172.819075","BerkeleyDBMemoryversionProductLine"
"243","1221.367726","BerkeleyDBMemoryversionProductLine"
"244","1230.732727","BerkeleyDBMemoryversionProductLine"
"245","1132.029957","BerkeleyDBMemoryversionProductLine"
"246","1193.425431","BerkeleyDBMemoryversionProductLine"
"247","1099.086985","BerkeleyDBMemoryversionProductLine"
"248","1179.652825","BerkeleyDBMemoryversionProductLine"
"249","1142.760374","BerkeleyDBMemoryversionProductLine"
"250","1179.531628","BerkeleyDBMemoryversionProductLine"
"251","1186.7959","BerkeleyDBMemoryversionProductLine"
"252","1163.224804","BerkeleyDBMemoryversionProductLine"
"253","1142.52126","BerkeleyDBMemoryversionProductLine"
"254","1196.689286","BerkeleyDBMemoryversionProductLine"
"255","1196.849234","BerkeleyDBMemoryversionProductLine"
"256","1204.723036","BerkeleyDBMemoryversionProductLine"
"257","1274.517002","BerkeleyDBMemoryversionProductLine"
"258","1133.090686","BerkeleyDBMemoryversionProductLine"
"259","1181.238242","BerkeleyDBMemoryversionProductLine"
"260","1221.983299","BerkeleyDBMemoryversionProductLine"
"261","1136.674384","BerkeleyDBMemoryversionProductLine"
"262","1151.406729","BerkeleyDBMemoryversionProductLine"
"263","1200.976786","BerkeleyDBMemoryversionProductLine"
"264","1194.143401","BerkeleyDBMemoryversionProductLine"
"265","1229.203872","BerkeleyDBMemoryversionProductLine"
"266","1152.00074","BerkeleyDBMemoryversionProductLine"
"267","1240.216947","BerkeleyDBMemoryversionProductLine"
"268","1170.448502","BerkeleyDBMemoryversionProductLine"
"269","1177.853347","BerkeleyDBMemoryversionProductLine"
"270","1178.779649","BerkeleyDBMemoryversionProductLine"
"271","1241.690175","BerkeleyDBMemoryversionProductLine"
"272","1138.588082","BerkeleyDBMemoryversionProductLine"
"273","1200.962568","BerkeleyDBMemoryversionProductLine"
"274","1266.330542","BerkeleyDBMemoryversionProductLine"
"275","1071.624065","BerkeleyDBMemoryversionProductLine"
"276","1043.516718","BerkeleyDBMemoryversionProductLine"
"277","1219.053663","BerkeleyDBMemoryversionProductLine"
"278","1105.497245","BerkeleyDBMemoryversionProductLine"
"279","1221.993924","BerkeleyDBMemoryversionProductLine"
"280","1129.489019","BerkeleyDBMemoryversionProductLine"
"281","1149.644438","BerkeleyDBMemoryversionProductLine"
"282","1107.693027","BerkeleyDBMemoryversionProductLine"
"283","1177.297722","BerkeleyDBMemoryversionProductLine"
"284","1221.745903","BerkeleyDBMemoryversionProductLine"
"285","1196.751578","BerkeleyDBMemoryversionProductLine"
"286","1138.868395","BerkeleyDBMemoryversionProductLine"
"287","1240.443092","BerkeleyDBMemoryversionProductLine"
"288","1226.325383","BerkeleyDBMemoryversionProductLine"
"289","1213.077256","BerkeleyDBMemoryversionProductLine"
"290","1108.615475","BerkeleyDBMemoryversionProductLine"
"291","1140.043082","BerkeleyDBMemoryversionProductLine"
"292","1154.752303","BerkeleyDBMemoryversionProductLine"
"293","1180.740534","BerkeleyDBMemoryversionProductLine"
"294","1111.67657","BerkeleyDBMemoryversionProductLine"
"295","1188.992618","BerkeleyDBMemoryversionProductLine"
"296","1112.946725","BerkeleyDBMemoryversionProductLine"
"297","1152.069386","BerkeleyDBMemoryversionProductLine"
"298","1180.700847","BerkeleyDBMemoryversionProductLine"
"299","1183.759545","BerkeleyDBMemoryversionProductLine"
"300","1090.573494","BerkeleyDBMemoryversionProductLine"
"301","2210.514804","SensorNetworkProductLine"
"302","1983.39577","SensorNetworkProductLine"
"303","2004.649783","SensorNetworkProductLine"
"304","2073.425102","SensorNetworkProductLine"
"305","2012.403222","SensorNetworkProductLine"
"306","1873.757478","SensorNetworkProductLine"
"307","2090.444114","SensorNetworkProductLine"
"308","2132.89839","SensorNetworkProductLine"
"309","2093.549844","SensorNetworkProductLine"
"310","2056.757548","SensorNetworkProductLine"
"311","2167.293445","SensorNetworkProductLine"
"312","1983.825249","SensorNetworkProductLine"
"313","2214.547252","SensorNetworkProductLine"
"314","2148.202401","SensorNetworkProductLine"
"315","2130.61016","SensorNetworkProductLine"
"316","2077.381457","SensorNetworkProductLine"
"317","2277.424654","SensorNetworkProductLine"
"318","2097.992448","SensorNetworkProductLine"
"319","2037.345047","SensorNetworkProductLine"
"320","1951.391132","SensorNetworkProductLine"
"321","1994.762022","SensorNetworkProductLine"
"322","2062.776038","SensorNetworkProductLine"
"323","1865.493467","SensorNetworkProductLine"
"324","2177.158707","SensorNetworkProductLine"
"325","2164.897611","SensorNetworkProductLine"
"326","2129.306515","SensorNetworkProductLine"
"327","2105.037137","SensorNetworkProductLine"
"328","2225.282357","SensorNetworkProductLine"
"329","2041.07739","SensorNetworkProductLine"
"330","2153.266465","SensorNetworkProductLine"
"331","2023.454993","SensorNetworkProductLine"
"332","2364.134246","SensorNetworkProductLine"
"333","2075.638175","SensorNetworkProductLine"
"334","2201.482615","SensorNetworkProductLine"
"335","2114.386929","SensorNetworkProductLine"
"336","2100.725158","SensorNetworkProductLine"
"337","2111.062398","SensorNetworkProductLine"
"338","2332.241014","SensorNetworkProductLine"
"339","1704.979597","SensorNetworkProductLine"
"340","2110.701981","SensorNetworkProductLine"
"341","2132.297087","SensorNetworkProductLine"
"342","2123.377242","SensorNetworkProductLine"
"343","2360.157631","SensorNetworkProductLine"
"344","1985.347177","SensorNetworkProductLine"
"345","2266.208559","SensorNetworkProductLine"
"346","2116.938232","SensorNetworkProductLine"
"347","2014.315201","SensorNetworkProductLine"
"348","1994.776501","SensorNetworkProductLine"
"349","2141.59688","SensorNetworkProductLine"
"350","2054.304423","SensorNetworkProductLine"
"351","2014.766868","SensorNetworkProductLine"
"352","2070.87979","SensorNetworkProductLine"
"353","2122.51042","SensorNetworkProductLine"
"354","1996.52499","SensorNetworkProductLine"
"355","2193.215375","SensorNetworkProductLine"
"356","1980.607177","SensorNetworkProductLine"
"357","1830.776433","SensorNetworkProductLine"
"358","2170.245372","SensorNetworkProductLine"
"359","1961.309049","SensorNetworkProductLine"
"360","2070.425987","SensorNetworkProductLine"
"361","2166.665945","SensorNetworkProductLine"
"362","2051.194788","SensorNetworkProductLine"
"363","2003.067335","SensorNetworkProductLine"
"364","2137.549536","SensorNetworkProductLine"
"365","1952.362174","SensorNetworkProductLine"
"366","2188.375895","SensorNetworkProductLine"
"367","2168.170529","SensorNetworkProductLine"
"368","2090.347396","SensorNetworkProductLine"
"369","1981.46452","SensorNetworkProductLine"
"370","2242.29939","SensorNetworkProductLine"
"371","2252.861266","SensorNetworkProductLine"
"372","2198.241001","SensorNetworkProductLine"
"373","1988.947229","SensorNetworkProductLine"
"374","2022.639056","SensorNetworkProductLine"
"375","1906.837586","SensorNetworkProductLine"
"376","2078.97677","SensorNetworkProductLine"
"377","2058.675882","SensorNetworkProductLine"
"378","2319.525283","SensorNetworkProductLine"
"379","1996.204314","SensorNetworkProductLine"
"380","2096.588906","SensorNetworkProductLine"
"381","2108.87823","SensorNetworkProductLine"
"382","2017.587024","SensorNetworkProductLine"
"383","2092.594063","SensorNetworkProductLine"
"384","2274.453821","SensorNetworkProductLine"
"385","2127.421931","SensorNetworkProductLine"
"386","2164.579538","SensorNetworkProductLine"
"387","2290.975488","SensorNetworkProductLine"
"388","2179.003394","SensorNetworkProductLine"
"389","1968.900978","SensorNetworkProductLine"
"390","2201.814699","SensorNetworkProductLine"
"391","2160.82282","SensorNetworkProductLine"
"392","2262.712777","SensorNetworkProductLine"
"393","2009.841555","SensorNetworkProductLine"
"394","2019.120878","SensorNetworkProductLine"
"395","1939.746651","SensorNetworkProductLine"
"396","2127.151878","SensorNetworkProductLine"
"397","2134.601463","SensorNetworkProductLine"
"398","2131.552139","SensorNetworkProductLine"
"399","2116.348492","SensorNetworkProductLine"
"400","2113.037502","SensorNetworkProductLine"
"401","1668.24001","StrategyMobileGame"
"402","1784.431323","StrategyMobileGame"
"403","1644.633497","StrategyMobileGame"
"404","1665.650427","StrategyMobileGame"
"405","1783.262105","StrategyMobileGame"
"406","1685.236991","StrategyMobileGame"
"407","1613.853963","StrategyMobileGame"
"408","1763.969446","StrategyMobileGame"
"409","1466.208896","StrategyMobileGame"
"410","1760.312779","StrategyMobileGame"
"411","1847.079768","StrategyMobileGame"
"412","1755.305331","StrategyMobileGame"
"413","1834.240495","StrategyMobileGame"
"414","1635.313756","StrategyMobileGame"
"415","1725.493036","StrategyMobileGame"
"416","1814.687472","StrategyMobileGame"
"417","1766.142416","StrategyMobileGame"
"418","1643.645893","StrategyMobileGame"
"419","1722.667359","StrategyMobileGame"
"420","1700.561368","StrategyMobileGame"
"421","1703.827462","StrategyMobileGame"
"422","1786.13096","StrategyMobileGame"
"423","1769.922416","StrategyMobileGame"
"424","1702.841836","StrategyMobileGame"
"425","1767.548926","StrategyMobileGame"
"426","1668.672458","StrategyMobileGame"
"427","1707.672514","StrategyMobileGame"
"428","1827.583515","StrategyMobileGame"
"429","1697.922149","StrategyMobileGame"
"430","1606.621462","StrategyMobileGame"
"431","1734.053038","StrategyMobileGame"
"432","1710.134597","StrategyMobileGame"
"433","1723.154859","StrategyMobileGame"
"434","1640.956414","StrategyMobileGame"
"435","1684.006053","StrategyMobileGame"
"436","1740.547152","StrategyMobileGame"
"437","1566.973958","StrategyMobileGame"
"438","1891.811491","StrategyMobileGame"
"439","1623.38162","StrategyMobileGame"
"440","1750.151008","StrategyMobileGame"
"441","1682.547772","StrategyMobileGame"
"442","1797.160335","StrategyMobileGame"
"443","1623.145787","StrategyMobileGame"
"444","1621.258183","StrategyMobileGame"
"445","1842.014142","StrategyMobileGame"
"446","1608.872608","StrategyMobileGame"
"447","1729.186995","StrategyMobileGame"
"448","1581.271095","StrategyMobileGame"
"449","1775.552416","StrategyMobileGame"
"450","1715.044807","StrategyMobileGame"
"451","1641.781934","StrategyMobileGame"
"452","1682.206886","StrategyMobileGame"
"453","1624.1161","StrategyMobileGame"
"454","1829.284401","StrategyMobileGame"
"455","1762.506113","StrategyMobileGame"
"456","1641.04907","StrategyMobileGame"
"457","1472.492282","StrategyMobileGame"
"458","1776.110073","StrategyMobileGame"
"459","1797.494189","StrategyMobileGame"
"460","1713.163556","StrategyMobileGame"
"461","1369.193521","StrategyMobileGame"
"462","1738.977309","StrategyMobileGame"
"463","1708.622618","StrategyMobileGame"
"464","1860.159352","StrategyMobileGame"
"465","1625.572297","StrategyMobileGame"
"466","1735.86809","StrategyMobileGame"
"467","1674.929802","StrategyMobileGame"
"468","1825.406744","StrategyMobileGame"
"469","1703.826576","StrategyMobileGame"
"470","1714.452514","StrategyMobileGame"
"471","1715.727931","StrategyMobileGame"
"472","1765.028665","StrategyMobileGame"
"473","1746.519653","StrategyMobileGame"
"474","1657.266832","StrategyMobileGame"
"475","1765.711582","StrategyMobileGame"
"476","1675.884698","StrategyMobileGame"
"477","1712.659963","StrategyMobileGame"
"478","1739.474183","StrategyMobileGame"
"479","1661.933239","StrategyMobileGame"
"480","1778.234448","StrategyMobileGame"
"481","1684.115533","StrategyMobileGame"
"482","1688.082825","StrategyMobileGame"
"483","1796.90945","StrategyMobileGame"
"484","1754.398977","StrategyMobileGame"
"485","1736.928454","StrategyMobileGame"
"486","1839.114715","StrategyMobileGame"
"487","1780.978042","StrategyMobileGame"
"488","1677.481365","StrategyMobileGame"
"489","1706.459076","StrategyMobileGame"
"490","1695.610325","StrategyMobileGame"
"491","1702.03418","StrategyMobileGame"
"492","1775.7695","StrategyMobileGame"
"493","1634.83808","StrategyMobileGame"
"494","1656.140425","StrategyMobileGame"
"495","1762.316165","StrategyMobileGame"
"496","1437.234571","StrategyMobileGame"
"497","1765.023978","StrategyMobileGame"
"498","1759.971061","StrategyMobileGame"
"499","1771.166062","StrategyMobileGame"
"500","1672.191","StrategyMobileGame"
"501","1920.028941","TankWar"
"502","1691.447356","TankWar"
"503","1697.040638","TankWar"
"504","1732.281318","TankWar"
"505","1671.6485","TankWar"
"506","1851.034351","TankWar"
"507","1798.828669","TankWar"
"508","1727.52663","TankWar"
"509","1613.663703","TankWar"
"510","1815.594608","TankWar"
"511","1896.012793","TankWar"
"512","1743.487465","TankWar"
"513","1703.198711","TankWar"
"514","1634.376257","TankWar"
"515","1735.312256","TankWar"
"516","1774.962052","TankWar"
"517","1874.139979","TankWar"
"518","1660.560843","TankWar"
"519","1524.566297","TankWar"
"520","1687.954335","TankWar"
"521","1629.652662","TankWar"
"522","1995.631501","TankWar"
"523","1883.13998","TankWar"
"524","1802.591638","TankWar"
"525","1660.903707","TankWar"
"526","1710.314806","TankWar"
"527","1730.548089","TankWar"
"528","1837.195183","TankWar"
"529","1654.244123","TankWar"
"530","1671.344698","TankWar"
"531","1876.093989","TankWar"
"532","1859.637269","TankWar"
"533","1702.386785","TankWar"
"534","1792.176898","TankWar"
"535","1678.147875","TankWar"
"536","1704.758086","TankWar"
"537","1727.11262","TankWar"
"538","1867.701384","TankWar"
"539","1764.934186","TankWar"
"540","1730.112307","TankWar"
"541","1691.235324","TankWar"
"542","1889.040032","TankWar"
"543","1712.590484","TankWar"
"544","1616.593234","TankWar"
"545","1892.762324","TankWar"
"546","1858.717477","TankWar"
"547","1888.527116","TankWar"
"548","1559.54427","TankWar"
"549","1812.805545","TankWar"
"550","1539.91833","TankWar"
"551","1885.162063","TankWar"
"552","1619.285734","TankWar"
"553","1746.479601","TankWar"
"554","1840.741486","TankWar"
"555","1722.89288","TankWar"
"556","1657.739175","TankWar"
"557","1797.533304","TankWar"
"558","1724.758036","TankWar"
"559","1689.454439","TankWar"
"560","1605.755733","TankWar"
"561","1508.647598","TankWar"
"562","1732.799183","TankWar"
"563","1649.594695","TankWar"
"564","1790.205543","TankWar"
"565","1804.391066","TankWar"
"566","1594.917138","TankWar"
"567","1678.578501","TankWar"
"568","1906.408315","TankWar"
"569","1729.350693","TankWar"
"570","2007.297439","TankWar"
"571","1840.258725","TankWar"
"572","1772.19627","TankWar"
"573","1733.396006","TankWar"
"574","1723.33611","TankWar"
"575","2055.143799","TankWar"
"576","1564.682083","TankWar"
"577","1719.526421","TankWar"
"578","1616.375317","TankWar"
"579","1877.54451","TankWar"
"580","1725.203661","TankWar"
"581","1549.644373","TankWar"
"582","1730.186839","TankWar"
"583","1557.635415","TankWar"
"584","1684.301626","TankWar"
"585","1590.604273","TankWar"
"586","1886.289927","TankWar"
"587","1650.370946","TankWar"
"588","1764.246009","TankWar"
"589","1872.661176","TankWar"
"590","1919.432119","TankWar"
"591","1741.554549","TankWar"
"592","1861.454405","TankWar"
"593","1772.329344","TankWar"
"594","1695.325377","TankWar"
"595","1572.340574","TankWar"
"596","1675.974854","TankWar"
"597","1809.398097","TankWar"
"598","1759.826061","TankWar"
"599","1729.30236","TankWar"
"600","1712.602515","TankWar"
"601","2006.848221","MobileMedia2"
"602","1809.716169","MobileMedia2"
"603","1672.967719","MobileMedia2"
"604","1736.318715","MobileMedia2"
"605","1877.677323","MobileMedia2"
"606","1768.863926","MobileMedia2"
"607","1664.754229","MobileMedia2"
"608","1533.165882","MobileMedia2"
"609","1612.576254","MobileMedia2"
"610","1841.137788","MobileMedia2"
"611","1859.141644","MobileMedia2"
"612","1610.507087","MobileMedia2"
"613","1768.731479","MobileMedia2"
"614","1733.096215","MobileMedia2"
"615","1768.813249","MobileMedia2"
"616","1593.886252","MobileMedia2"
"617","1635.732871","MobileMedia2"
"618","1729.905954","MobileMedia2"
"619","1852.504872","MobileMedia2"
"620","1849.035184","MobileMedia2"
"621","1817.160598","MobileMedia2"
"622","1847.58659","MobileMedia2"
"623","1713.286056","MobileMedia2"
"624","1927.921338","MobileMedia2"
"625","1715.973869","MobileMedia2"
"626","1729.658506","MobileMedia2"
"627","1670.633343","MobileMedia2"
"628","1631.997558","MobileMedia2"
"629","1778.65148","MobileMedia2"
"630","1519.981454","MobileMedia2"
"631","1700.580743","MobileMedia2"
"632","1697.839024","MobileMedia2"
"633","1852.02107","MobileMedia2"
"634","1620.664432","MobileMedia2"
"635","1711.368504","MobileMedia2"
"636","1685.296106","MobileMedia2"
"637","1914.932587","MobileMedia2"
"638","1515.890516","MobileMedia2"
"639","1659.026207","MobileMedia2"
"640","1618.752453","MobileMedia2"
"641","1758.968352","MobileMedia2"
"642","1787.427469","MobileMedia2"
"643","1718.419495","MobileMedia2"
"644","1731.165017","MobileMedia2"
"645","1667.803707","MobileMedia2"
"646","1824.185598","MobileMedia2"
"647","1903.369408","MobileMedia2"
"648","1966.341394","MobileMedia2"
"649","1674.241469","MobileMedia2"
"650","1920.2229","MobileMedia2"
"651","1735.821475","MobileMedia2"
"652","1722.907984","MobileMedia2"
"653","1684.554751","MobileMedia2"
"654","1692.274752","MobileMedia2"
"655","1737.637725","MobileMedia2"
"656","1592.913596","MobileMedia2"
"657","1491.515357","MobileMedia2"
"658","1656.482613","MobileMedia2"
"659","1704.831993","MobileMedia2"
"660","1774.479499","MobileMedia2"
"661","1805.482732","MobileMedia2"
"662","1784.034032","MobileMedia2"
"663","1625.735162","MobileMedia2"
"664","1740.736788","MobileMedia2"
"665","1639.014851","MobileMedia2"
"666","1669.48527","MobileMedia2"
"667","1709.41043","MobileMedia2"
"668","1664.027197","MobileMedia2"
"669","1729.721214","MobileMedia2"
"670","1681.324125","MobileMedia2"
"671","1721.943349","MobileMedia2"
"672","1615.53563","MobileMedia2"
"673","1621.705057","MobileMedia2"
"674","1721.459182","MobileMedia2"
"675","1826.493047","MobileMedia2"
"676","1684.808553","MobileMedia2"
"677","1900.778731","MobileMedia2"
"678","1890.250345","MobileMedia2"
"679","1615.794484","MobileMedia2"
"680","1663.998239","MobileMedia2"
"681","1763.980644","MobileMedia2"
"682","1773.834812","MobileMedia2"
"683","1677.83475","MobileMedia2"
"684","1693.117304","MobileMedia2"
"685","1811.43393","MobileMedia2"
"686","1814.52367","MobileMedia2"
"687","1654.515738","MobileMedia2"
"688","1818.484608","MobileMedia2"
"689","1868.950811","MobileMedia2"
"690","1520.067548","MobileMedia2"
"691","1946.878684","MobileMedia2"
"692","1707.948504","MobileMedia2"
"693","1762.45153","MobileMedia2"
"694","1927.431651","MobileMedia2"
"695","1837.954714","MobileMedia2"
"696","1789.163459","MobileMedia2"
"697","1711.317827","MobileMedia2"
"698","1663.750322","MobileMedia2"
"699","1808.664034","MobileMedia2"
"700","1824.907734","MobileMedia2"
"701","1904.971648","MobileGuide"
"702","1850.018362","MobileGuide"
"703","1896.93446","MobileGuide"
"704","1971.319572","MobileGuide"
"705","2188.219125","MobileGuide"
"706","1869.226489","MobileGuide"
"707","1824.774609","MobileGuide"
"708","2026.263327","MobileGuide"
"709","2124.291461","MobileGuide"
"710","1863.042321","MobileGuide"
"711","1931.063578","MobileGuide"
"712","2153.694225","MobileGuide"
"713","2116.133492","MobileGuide"
"714","2203.439543","MobileGuide"
"715","2136.242713","MobileGuide"
"716","1932.866078","MobileGuide"
"717","1957.908528","MobileGuide"
"718","2019.941763","MobileGuide"
"719","2163.974383","MobileGuide"
"720","2047.379943","MobileGuide"
"721","1920.563368","MobileGuide"
"722","2040.052443","MobileGuide"
"723","2151.930892","MobileGuide"
"724","2238.472671","MobileGuide"
"725","2073.730467","MobileGuide"
"726","1846.518257","MobileGuide"
"727","2191.426104","MobileGuide"
"728","2058.187965","MobileGuide"
"729","2118.5337","MobileGuide"
"730","1883.588573","MobileGuide"
"731","1780.601949","MobileGuide"
"732","2176.952196","MobileGuide"
"733","1767.670072","MobileGuide"
"734","1944.353371","MobileGuide"
"735","1944.301964","MobileGuide"
"736","1948.123267","MobileGuide"
"737","2029.153118","MobileGuide"
"738","2101.703491","MobileGuide"
"739","2013.639211","MobileGuide"
"740","2160.170059","MobileGuide"
"741","2138.136046","MobileGuide"
"742","2252.133402","MobileGuide"
"743","2205.256834","MobileGuide"
"744","2041.076141","MobileGuide"
"745","2215.115845","MobileGuide"
"746","1894.349616","MobileGuide"
"747","1947.376548","MobileGuide"
"748","1922.03691","MobileGuide"
"749","2236.843192","MobileGuide"
"750","2095.736042","MobileGuide"
"751","1907.127326","MobileGuide"
"752","1885.687636","MobileGuide"
"753","2064.291143","MobileGuide"
"754","1865.480498","MobileGuide"
"755","1896.789408","MobileGuide"
"756","2203.690897","MobileGuide"
"757","2155.488288","MobileGuide"
"758","1884.911178","MobileGuide"
"759","2004.878794","MobileGuide"
"760","1965.675977","MobileGuide"
"761","2084.732135","MobileGuide"
"762","1942.05134","MobileGuide"
"763","2088.850677","MobileGuide"
"764","2250.164859","MobileGuide"
"765","2083.643385","MobileGuide"
"766","2021.210931","MobileGuide"
"767","1976.562749","MobileGuide"
"768","1970.634207","MobileGuide"
"769","1961.892226","MobileGuide"
"770","2121.993545","MobileGuide"
"771","2227.727878","MobileGuide"
"772","1994.607126","MobileGuide"
"773","1997.848481","MobileGuide"
"774","1917.840712","MobileGuide"
"775","1967.002383","MobileGuide"
"776","2159.345059","MobileGuide"
"777","1962.47681","MobileGuide"
"778","2099.444949","MobileGuide"
"779","2175.084696","MobileGuide"
"780","2131.892035","MobileGuide"
"781","2136.879067","MobileGuide"
"782","1948.419204","MobileGuide"
"783","2096.348386","MobileGuide"
"784","1872.804978","MobileGuide"
"785","1992.020927","MobileGuide"
"786","1987.810979","MobileGuide"
"787","2092.52","MobileGuide"
"788","2027.512963","MobileGuide"
"789","2026.300723","MobileGuide"
"790","2055.777914","MobileGuide"
"791","2071.860155","MobileGuide"
"792","1996.031658","MobileGuide"
"793","2129.686514","MobileGuide"
"794","1851.035184","MobileGuide"
"795","2029.448275","MobileGuide"
"796","1982.12926","MobileGuide"
"797","1934.201808","MobileGuide"
"798","2091.65724","MobileGuide"
"799","2009.104367","MobileGuide"
"800","2173.667352","MobileGuide"
"801","18397.760687","SPLOT-3CNF-FM-500-50-1.00-SAT-1"
"802","17496.916691","SPLOT-3CNF-FM-500-50-1.00-SAT-1"
"803","17611.214619","SPLOT-3CNF-FM-500-50-1.00-SAT-1"
"804","18993.645225","SPLOT-3CNF-FM-500-50-1.00-SAT-1"
"805","17365.382251","SPLOT-3CNF-FM-500-50-1.00-SAT-1"
"806","17929.073245","SPLOT-3CNF-FM-500-50-1.00-SAT-1"
"807","17977.827676","SPLOT-3CNF-FM-500-50-1.00-SAT-1"
"808","18266.750361","SPLOT-3CNF-FM-500-50-1.00-SAT-1"
"809","18261.073017","SPLOT-3CNF-FM-500-50-1.00-SAT-1"
"810","18423.423919","SPLOT-3CNF-FM-500-50-1.00-SAT-1"
"811","17831.009329","SPLOT-3CNF-FM-500-50-1.00-SAT-1"
"812","19064.67768","SPLOT-3CNF-FM-500-50-1.00-SAT-1"
"813","17761.359165","SPLOT-3CNF-FM-500-50-1.00-SAT-1"
"814","18212.419835","SPLOT-3CNF-FM-500-50-1.00-SAT-1"
"815","19429.715842","SPLOT-3CNF-FM-500-50-1.00-SAT-1"
"816","17550.048675","SPLOT-3CNF-FM-500-50-1.00-SAT-1"
"817","17660.838582","SPLOT-3CNF-FM-500-50-1.00-SAT-1"
"818","19250.05447","SPLOT-3CNF-FM-500-50-1.00-SAT-1"
"819","17558.559406","SPLOT-3CNF-FM-500-50-1.00-SAT-1"
"820","19161.650815","SPLOT-3CNF-FM-500-50-1.00-SAT-1"
"821","18108.236804","SPLOT-3CNF-FM-500-50-1.00-SAT-1"
"822","18603.777114","SPLOT-3CNF-FM-500-50-1.00-SAT-1"
"823","17667.675198","SPLOT-3CNF-FM-500-50-1.00-SAT-1"
"824","16949.835282","SPLOT-3CNF-FM-500-50-1.00-SAT-1"
"825","17798.09568","SPLOT-3CNF-FM-500-50-1.00-SAT-1"
"826","17468.626949","SPLOT-3CNF-FM-500-50-1.00-SAT-1"
"827","18552.74789","SPLOT-3CNF-FM-500-50-1.00-SAT-1"
"828","19861.520781","SPLOT-3CNF-FM-500-50-1.00-SAT-1"
"829","17564.186437","SPLOT-3CNF-FM-500-50-1.00-SAT-1"
"830","17440.758717","SPLOT-3CNF-FM-500-50-1.00-SAT-1"
"831","18988.784913","SPLOT-3CNF-FM-500-50-1.00-SAT-1"
"832","17188.514524","SPLOT-3CNF-FM-500-50-1.00-SAT-1"
"833","17679.506084","SPLOT-3CNF-FM-500-50-1.00-SAT-1"
"834","17792.518283","SPLOT-3CNF-FM-500-50-1.00-SAT-1"
"835","17420.297465","SPLOT-3CNF-FM-500-50-1.00-SAT-1"
"836","19392.444276","SPLOT-3CNF-FM-500-50-1.00-SAT-1"
"837","17142.862333","SPLOT-3CNF-FM-500-50-1.00-SAT-1"
"838","19312.42333","SPLOT-3CNF-FM-500-50-1.00-SAT-1"
"839","18813.371093","SPLOT-3CNF-FM-500-50-1.00-SAT-1"
"840","18235.923744","SPLOT-3CNF-FM-500-50-1.00-SAT-1"
"841","17916.874962","SPLOT-3CNF-FM-500-50-1.00-SAT-1"
"842","17714.854161","SPLOT-3CNF-FM-500-50-1.00-SAT-1"
"843","18181.855249","SPLOT-3CNF-FM-500-50-1.00-SAT-1"
"844","18285.186665","SPLOT-3CNF-FM-500-50-1.00-SAT-1"
"845","18209.846658","SPLOT-3CNF-FM-500-50-1.00-SAT-1"
"846","17441.051686","SPLOT-3CNF-FM-500-50-1.00-SAT-1"
"847","19298.657912","SPLOT-3CNF-FM-500-50-1.00-SAT-1"
"848","17860.0948","SPLOT-3CNF-FM-500-50-1.00-SAT-1"
"849","17843.304381","SPLOT-3CNF-FM-500-50-1.00-SAT-1"
"850","17438.643456","SPLOT-3CNF-FM-500-50-1.00-SAT-1"
"851","18137.274828","SPLOT-3CNF-FM-500-50-1.00-SAT-1"
"852","19098.420392","SPLOT-3CNF-FM-500-50-1.00-SAT-1"
"853","18193.949104","SPLOT-3CNF-FM-500-50-1.00-SAT-1"
"854","17298.313181","SPLOT-3CNF-FM-500-50-1.00-SAT-1"
"855","18427.795638","SPLOT-3CNF-FM-500-50-1.00-SAT-1"
"856","18252.959371","SPLOT-3CNF-FM-500-50-1.00-SAT-1"
"857","19512.502517","SPLOT-3CNF-FM-500-50-1.00-SAT-1"
"858","18038.218151","SPLOT-3CNF-FM-500-50-1.00-SAT-1"
"859","18078.74076","SPLOT-3CNF-FM-500-50-1.00-SAT-1"
"860","18264.515674","SPLOT-3CNF-FM-500-50-1.00-SAT-1"
"861","17800.76719","SPLOT-3CNF-FM-500-50-1.00-SAT-1"
"862","16994.484505","SPLOT-3CNF-FM-500-50-1.00-SAT-1"
"863","17160.657335","SPLOT-3CNF-FM-500-50-1.00-SAT-1"
"864","17197.774839","SPLOT-3CNF-FM-500-50-1.00-SAT-1"
"865","18041.604766","SPLOT-3CNF-FM-500-50-1.00-SAT-1"
"866","17829.871932","SPLOT-3CNF-FM-500-50-1.00-SAT-1"
"867","19967.460843","SPLOT-3CNF-FM-500-50-1.00-SAT-1"
"868","17498.677212","SPLOT-3CNF-FM-500-50-1.00-SAT-1"
"869","18180.548478","SPLOT-3CNF-FM-500-50-1.00-SAT-1"
"870","17959.45033","SPLOT-3CNF-FM-500-50-1.00-SAT-1"
"871","19009.114289","SPLOT-3CNF-FM-500-50-1.00-SAT-1"
"872","17417.040798","SPLOT-3CNF-FM-500-50-1.00-SAT-1"
"873","17082.897743","SPLOT-3CNF-FM-500-50-1.00-SAT-1"
"874","17854.311935","SPLOT-3CNF-FM-500-50-1.00-SAT-1"
"875","18667.201235","SPLOT-3CNF-FM-500-50-1.00-SAT-1"
"876","18702.386186","SPLOT-3CNF-FM-500-50-1.00-SAT-1"
"877","17583.782741","SPLOT-3CNF-FM-500-50-1.00-SAT-1"
"878","17883.810167","SPLOT-3CNF-FM-500-50-1.00-SAT-1"
"879","18332.034587","SPLOT-3CNF-FM-500-50-1.00-SAT-1"
"880","17367.659387","SPLOT-3CNF-FM-500-50-1.00-SAT-1"
"881","17908.219128","SPLOT-3CNF-FM-500-50-1.00-SAT-1"
"882","18005.897627","SPLOT-3CNF-FM-500-50-1.00-SAT-1"
"883","18923.470427","SPLOT-3CNF-FM-500-50-1.00-SAT-1"
"884","18045.540287","SPLOT-3CNF-FM-500-50-1.00-SAT-1"
"885","19275.72541","SPLOT-3CNF-FM-500-50-1.00-SAT-1"
"886","19471.620482","SPLOT-3CNF-FM-500-50-1.00-SAT-1"
"887","20191.887584","SPLOT-3CNF-FM-500-50-1.00-SAT-1"
"888","18415.269907","SPLOT-3CNF-FM-500-50-1.00-SAT-1"
"889","17534.176642","SPLOT-3CNF-FM-500-50-1.00-SAT-1"
"890","20029.397256","SPLOT-3CNF-FM-500-50-1.00-SAT-1"
"891","17304.284796","SPLOT-3CNF-FM-500-50-1.00-SAT-1"
"892","17810.76417","SPLOT-3CNF-FM-500-50-1.00-SAT-1"
"893","17153.319417","SPLOT-3CNF-FM-500-50-1.00-SAT-1"
"894","17844.680215","SPLOT-3CNF-FM-500-50-1.00-SAT-1"
"895","18354.695526","SPLOT-3CNF-FM-500-50-1.00-SAT-1"
"896","18283.795936","SPLOT-3CNF-FM-500-50-1.00-SAT-1"
"897","18164.34233","SPLOT-3CNF-FM-500-50-1.00-SAT-1"
"898","18847.682659","SPLOT-3CNF-FM-500-50-1.00-SAT-1"
"899","18131.589358","SPLOT-3CNF-FM-500-50-1.00-SAT-1"
"900","17383.112617","SPLOT-3CNF-FM-500-50-1.00-SAT-1"
