"","TIME","ALTERNATIVE"
"1","163.833113","x264ProductLine"
"2","101.999253","x264ProductLine"
"3","96.238944","x264ProductLine"
"4","95.65834","x264ProductLine"
"5","104.801432","x264ProductLine"
"6","102.402237","x264ProductLine"
"7","72.117456","x264ProductLine"
"8","91.972705","x264ProductLine"
"9","102.846846","x264ProductLine"
"10","89.985755","x264ProductLine"
"11","91.979497","x264ProductLine"
"12","89.013478","x264ProductLine"
"13","94.222822","x264ProductLine"
"14","95.228647","x264ProductLine"
"15","97.950011","x264ProductLine"
"16","90.763026","x264ProductLine"
"17","103.066716","x264ProductLine"
"18","99.27558","x264ProductLine"
"19","107.402736","x264ProductLine"
"20","104.103392","x264ProductLine"
"21","85.760241","x264ProductLine"
"22","88.822345","x264ProductLine"
"23","85.871676","x264ProductLine"
"24","112.023119","x264ProductLine"
"25","106.465935","x264ProductLine"
"26","93.806405","x264ProductLine"
"27","183.407635","x264ProductLine"
"28","105.29891","x264ProductLine"
"29","106.588174","x264ProductLine"
"30","109.679555","x264ProductLine"
"31","88.470521","x264ProductLine"
"32","85.270704","x264ProductLine"
"33","86.205364","x264ProductLine"
"34","85.288198","x264ProductLine"
"35","86.81738","x264ProductLine"
"36","91.956519","x264ProductLine"
"37","210.682879","x264ProductLine"
"38","88.946338","x264ProductLine"
"39","98.625121","x264ProductLine"
"40","99.679341","x264ProductLine"
"41","106.355708","x264ProductLine"
"42","92.555976","x264ProductLine"
"43","100.482548","x264ProductLine"
"44","95.243686","x264ProductLine"
"45","92.420274","x264ProductLine"
"46","97.012054","x264ProductLine"
"47","96.078444","x264ProductLine"
"48","77.617177","x264ProductLine"
"49","95.985574","x264ProductLine"
"50","82.491531","x264ProductLine"
"51","95.969784","x264ProductLine"
"52","98.896983","x264ProductLine"
"53","93.256603","x264ProductLine"
"54","95.658752","x264ProductLine"
"55","94.505348","x264ProductLine"
"56","92.283215","x264ProductLine"
"57","108.54376","x264ProductLine"
"58","88.118175","x264ProductLine"
"59","89.803877","x264ProductLine"
"60","98.363707","x264ProductLine"
"61","77.94497","x264ProductLine"
"62","102.885836","x264ProductLine"
"63","101.567287","x264ProductLine"
"64","94.398708","x264ProductLine"
"65","127.934758","x264ProductLine"
"66","165.570745","x264ProductLine"
"67","99.739387","x264ProductLine"
"68","104.895658","x264ProductLine"
"69","103.862168","x264ProductLine"
"70","98.415051","x264ProductLine"
"71","95.865922","x264ProductLine"
"72","104.92867","x264ProductLine"
"73","88.332017","x264ProductLine"
"74","104.190552","x264ProductLine"
"75","92.807443","x264ProductLine"
"76","131.790167","x264ProductLine"
"77","93.48473","x264ProductLine"
"78","98.427316","x264ProductLine"
"79","89.705815","x264ProductLine"
"80","95.537009","x264ProductLine"
"81","90.918268","x264ProductLine"
"82","94.079322","x264ProductLine"
"83","97.993015","x264ProductLine"
"84","98.430268","x264ProductLine"
"85","99.000909","x264ProductLine"
"86","95.809164","x264ProductLine"
"87","97.051272","x264ProductLine"
"88","99.699046","x264ProductLine"
"89","92.642932","x264ProductLine"
"90","91.17599","x264ProductLine"
"91","165.803958","x264ProductLine"
"92","100.896678","x264ProductLine"
"93","89.749436","x264ProductLine"
"94","91.536077","x264ProductLine"
"95","146.37588","x264ProductLine"
"96","82.920006","x264ProductLine"
"97","87.626717","x264ProductLine"
"98","113.560867","x264ProductLine"
"99","98.580296","x264ProductLine"
"100","91.772252","x264ProductLine"
"101","111.113879","WgetProductLine"
"102","134.429342","WgetProductLine"
"103","114.908604","WgetProductLine"
"104","119.650626","WgetProductLine"
"105","110.218819","WgetProductLine"
"106","131.831164","WgetProductLine"
"107","119.293413","WgetProductLine"
"108","119.456565","WgetProductLine"
"109","120.857452","WgetProductLine"
"110","125.259845","WgetProductLine"
"111","100.815806","WgetProductLine"
"112","105.749434","WgetProductLine"
"113","115.310142","WgetProductLine"
"114","135.714946","WgetProductLine"
"115","129.072088","WgetProductLine"
"116","120.656791","WgetProductLine"
"117","103.397543","WgetProductLine"
"118","122.467769","WgetProductLine"
"119","118.437061","WgetProductLine"
"120","124.025581","WgetProductLine"
"121","105.90543","WgetProductLine"
"122","117.668148","WgetProductLine"
"123","106.046882","WgetProductLine"
"124","119.541352","WgetProductLine"
"125","123.101853","WgetProductLine"
"126","108.028463","WgetProductLine"
"127","128.557159","WgetProductLine"
"128","122.825504","WgetProductLine"
"129","113.408935","WgetProductLine"
"130","116.889009","WgetProductLine"
"131","129.338148","WgetProductLine"
"132","120.475055","WgetProductLine"
"133","131.811631","WgetProductLine"
"134","133.596541","WgetProductLine"
"135","109.881353","WgetProductLine"
"136","123.14426","WgetProductLine"
"137","119.737488","WgetProductLine"
"138","113.427444","WgetProductLine"
"139","104.546988","WgetProductLine"
"140","89.070823","WgetProductLine"
"141","107.793948","WgetProductLine"
"142","123.481254","WgetProductLine"
"143","116.095768","WgetProductLine"
"144","119.3773","WgetProductLine"
"145","123.282977","WgetProductLine"
"146","123.564692","WgetProductLine"
"147","108.092385","WgetProductLine"
"148","113.709884","WgetProductLine"
"149","126.55831","WgetProductLine"
"150","130.823335","WgetProductLine"
"151","129.107607","WgetProductLine"
"152","117.983034","WgetProductLine"
"153","107.648976","WgetProductLine"
"154","112.919774","WgetProductLine"
"155","113.966681","WgetProductLine"
"156","119.422719","WgetProductLine"
"157","123.510216","WgetProductLine"
"158","114.926878","WgetProductLine"
"159","113.91396","WgetProductLine"
"160","116.43021","WgetProductLine"
"161","118.644723","WgetProductLine"
"162","124.378204","WgetProductLine"
"163","111.834126","WgetProductLine"
"164","98.207817","WgetProductLine"
"165","122.68182","WgetProductLine"
"166","118.820566","WgetProductLine"
"167","118.608818","WgetProductLine"
"168","121.771187","WgetProductLine"
"169","92.499204","WgetProductLine"
"170","115.118647","WgetProductLine"
"171","94.425112","WgetProductLine"
"172","115.947249","WgetProductLine"
"173","122.618706","WgetProductLine"
"174","126.213995","WgetProductLine"
"175","117.263513","WgetProductLine"
"176","125.654569","WgetProductLine"
"177","123.50428","WgetProductLine"
"178","109.036862","WgetProductLine"
"179","117.338299","WgetProductLine"
"180","110.116578","WgetProductLine"
"181","116.493923","WgetProductLine"
"182","108.630293","WgetProductLine"
"183","105.211973","WgetProductLine"
"184","111.852342","WgetProductLine"
"185","119.228836","WgetProductLine"
"186","132.554451","WgetProductLine"
"187","117.74643","WgetProductLine"
"188","106.538911","WgetProductLine"
"189","104.501236","WgetProductLine"
"190","127.585464","WgetProductLine"
"191","245.855048","WgetProductLine"
"192","124.702897","WgetProductLine"
"193","111.777914","WgetProductLine"
"194","111.164881","WgetProductLine"
"195","98.494747","WgetProductLine"
"196","114.215804","WgetProductLine"
"197","117.544922","WgetProductLine"
"198","113.332123","WgetProductLine"
"199","132.091877","WgetProductLine"
"200","131.870696","WgetProductLine"
"201","94.240671","BerkeleyDBMemoryversionProductLine"
"202","200.205062","BerkeleyDBMemoryversionProductLine"
"203","91.573281","BerkeleyDBMemoryversionProductLine"
"204","83.670432","BerkeleyDBMemoryversionProductLine"
"205","93.827927","BerkeleyDBMemoryversionProductLine"
"206","84.463919","BerkeleyDBMemoryversionProductLine"
"207","91.000926","BerkeleyDBMemoryversionProductLine"
"208","85.898625","BerkeleyDBMemoryversionProductLine"
"209","84.133807","BerkeleyDBMemoryversionProductLine"
"210","89.305558","BerkeleyDBMemoryversionProductLine"
"211","92.536153","BerkeleyDBMemoryversionProductLine"
"212","101.594146","BerkeleyDBMemoryversionProductLine"
"213","88.300369","BerkeleyDBMemoryversionProductLine"
"214","90.538553","BerkeleyDBMemoryversionProductLine"
"215","86.091974","BerkeleyDBMemoryversionProductLine"
"216","99.565176","BerkeleyDBMemoryversionProductLine"
"217","93.360492","BerkeleyDBMemoryversionProductLine"
"218","147.410389","BerkeleyDBMemoryversionProductLine"
"219","91.15527","BerkeleyDBMemoryversionProductLine"
"220","86.545457","BerkeleyDBMemoryversionProductLine"
"221","92.156961","BerkeleyDBMemoryversionProductLine"
"222","85.735626","BerkeleyDBMemoryversionProductLine"
"223","96.069342","BerkeleyDBMemoryversionProductLine"
"224","96.210647","BerkeleyDBMemoryversionProductLine"
"225","88.41749","BerkeleyDBMemoryversionProductLine"
"226","92.850641","BerkeleyDBMemoryversionProductLine"
"227","83.75947","BerkeleyDBMemoryversionProductLine"
"228","82.632828","BerkeleyDBMemoryversionProductLine"
"229","92.612938","BerkeleyDBMemoryversionProductLine"
"230","93.721975","BerkeleyDBMemoryversionProductLine"
"231","83.164065","BerkeleyDBMemoryversionProductLine"
"232","93.040651","BerkeleyDBMemoryversionProductLine"
"233","88.119456","BerkeleyDBMemoryversionProductLine"
"234","81.254861","BerkeleyDBMemoryversionProductLine"
"235","83.306574","BerkeleyDBMemoryversionProductLine"
"236","94.488747","BerkeleyDBMemoryversionProductLine"
"237","89.304203","BerkeleyDBMemoryversionProductLine"
"238","86.308467","BerkeleyDBMemoryversionProductLine"
"239","83.755978","BerkeleyDBMemoryversionProductLine"
"240","106.304491","BerkeleyDBMemoryversionProductLine"
"241","92.489901","BerkeleyDBMemoryversionProductLine"
"242","89.914495","BerkeleyDBMemoryversionProductLine"
"243","92.030517","BerkeleyDBMemoryversionProductLine"
"244","90.739502","BerkeleyDBMemoryversionProductLine"
"245","89.194859","BerkeleyDBMemoryversionProductLine"
"246","91.247983","BerkeleyDBMemoryversionProductLine"
"247","89.530348","BerkeleyDBMemoryversionProductLine"
"248","93.746872","BerkeleyDBMemoryversionProductLine"
"249","88.969843","BerkeleyDBMemoryversionProductLine"
"250","92.05818","BerkeleyDBMemoryversionProductLine"
"251","84.133685","BerkeleyDBMemoryversionProductLine"
"252","85.900183","BerkeleyDBMemoryversionProductLine"
"253","83.633097","BerkeleyDBMemoryversionProductLine"
"254","94.053017","BerkeleyDBMemoryversionProductLine"
"255","90.862524","BerkeleyDBMemoryversionProductLine"
"256","88.02715","BerkeleyDBMemoryversionProductLine"
"257","87.305116","BerkeleyDBMemoryversionProductLine"
"258","88.077507","BerkeleyDBMemoryversionProductLine"
"259","90.441812","BerkeleyDBMemoryversionProductLine"
"260","86.398738","BerkeleyDBMemoryversionProductLine"
"261","85.078802","BerkeleyDBMemoryversionProductLine"
"262","83.35659","BerkeleyDBMemoryversionProductLine"
"263","88.260943","BerkeleyDBMemoryversionProductLine"
"264","91.972272","BerkeleyDBMemoryversionProductLine"
"265","86.87558","BerkeleyDBMemoryversionProductLine"
"266","84.840303","BerkeleyDBMemoryversionProductLine"
"267","118.435091","BerkeleyDBMemoryversionProductLine"
"268","105.31229","BerkeleyDBMemoryversionProductLine"
"269","95.23998","BerkeleyDBMemoryversionProductLine"
"270","92.131199","BerkeleyDBMemoryversionProductLine"
"271","94.847311","BerkeleyDBMemoryversionProductLine"
"272","87.149657","BerkeleyDBMemoryversionProductLine"
"273","91.374808","BerkeleyDBMemoryversionProductLine"
"274","90.982773","BerkeleyDBMemoryversionProductLine"
"275","85.083205","BerkeleyDBMemoryversionProductLine"
"276","87.121457","BerkeleyDBMemoryversionProductLine"
"277","83.782885","BerkeleyDBMemoryversionProductLine"
"278","90.188651","BerkeleyDBMemoryversionProductLine"
"279","96.935994","BerkeleyDBMemoryversionProductLine"
"280","87.19851","BerkeleyDBMemoryversionProductLine"
"281","86.766268","BerkeleyDBMemoryversionProductLine"
"282","91.514513","BerkeleyDBMemoryversionProductLine"
"283","84.170783","BerkeleyDBMemoryversionProductLine"
"284","87.785393","BerkeleyDBMemoryversionProductLine"
"285","81.861196","BerkeleyDBMemoryversionProductLine"
"286","90.179454","BerkeleyDBMemoryversionProductLine"
"287","77.96212","BerkeleyDBMemoryversionProductLine"
"288","91.719738","BerkeleyDBMemoryversionProductLine"
"289","81.026281","BerkeleyDBMemoryversionProductLine"
"290","82.517683","BerkeleyDBMemoryversionProductLine"
"291","82.727414","BerkeleyDBMemoryversionProductLine"
"292","94.234018","BerkeleyDBMemoryversionProductLine"
"293","88.974036","BerkeleyDBMemoryversionProductLine"
"294","95.692872","BerkeleyDBMemoryversionProductLine"
"295","131.428036","BerkeleyDBMemoryversionProductLine"
"296","87.212128","BerkeleyDBMemoryversionProductLine"
"297","83.804727","BerkeleyDBMemoryversionProductLine"
"298","94.727162","BerkeleyDBMemoryversionProductLine"
"299","84.402047","BerkeleyDBMemoryversionProductLine"
"300","90.462102","BerkeleyDBMemoryversionProductLine"
"301","140.16001","SensorNetworkProductLine"
"302","148.009185","SensorNetworkProductLine"
"303","158.952944","SensorNetworkProductLine"
"304","154.358656","SensorNetworkProductLine"
"305","135.692733","SensorNetworkProductLine"
"306","155.065324","SensorNetworkProductLine"
"307","137.077495","SensorNetworkProductLine"
"308","157.709494","SensorNetworkProductLine"
"309","153.458557","SensorNetworkProductLine"
"310","142.515453","SensorNetworkProductLine"
"311","145.39506","SensorNetworkProductLine"
"312","138.844066","SensorNetworkProductLine"
"313","150.964657","SensorNetworkProductLine"
"314","146.880743","SensorNetworkProductLine"
"315","150.058769","SensorNetworkProductLine"
"316","142.950847","SensorNetworkProductLine"
"317","149.850389","SensorNetworkProductLine"
"318","146.758434","SensorNetworkProductLine"
"319","132.995396","SensorNetworkProductLine"
"320","153.761552","SensorNetworkProductLine"
"321","139.132971","SensorNetworkProductLine"
"322","137.282463","SensorNetworkProductLine"
"323","163.802092","SensorNetworkProductLine"
"324","135.932109","SensorNetworkProductLine"
"325","154.310013","SensorNetworkProductLine"
"326","139.751469","SensorNetworkProductLine"
"327","139.32146","SensorNetworkProductLine"
"328","225.125609","SensorNetworkProductLine"
"329","146.157481","SensorNetworkProductLine"
"330","152.549248","SensorNetworkProductLine"
"331","150.518755","SensorNetworkProductLine"
"332","147.251113","SensorNetworkProductLine"
"333","141.628957","SensorNetworkProductLine"
"334","148.694564","SensorNetworkProductLine"
"335","163.483681","SensorNetworkProductLine"
"336","145.019354","SensorNetworkProductLine"
"337","153.048634","SensorNetworkProductLine"
"338","156.666249","SensorNetworkProductLine"
"339","150.410332","SensorNetworkProductLine"
"340","147.460463","SensorNetworkProductLine"
"341","151.550072","SensorNetworkProductLine"
"342","228.565529","SensorNetworkProductLine"
"343","152.112093","SensorNetworkProductLine"
"344","129.104168","SensorNetworkProductLine"
"345","147.04588","SensorNetworkProductLine"
"346","147.500626","SensorNetworkProductLine"
"347","229.327888","SensorNetworkProductLine"
"348","146.810059","SensorNetworkProductLine"
"349","149.68849","SensorNetworkProductLine"
"350","143.84418","SensorNetworkProductLine"
"351","141.094445","SensorNetworkProductLine"
"352","147.036971","SensorNetworkProductLine"
"353","125.701834","SensorNetworkProductLine"
"354","151.86393","SensorNetworkProductLine"
"355","142.489641","SensorNetworkProductLine"
"356","158.502454","SensorNetworkProductLine"
"357","132.557152","SensorNetworkProductLine"
"358","150.30798","SensorNetworkProductLine"
"359","154.92379","SensorNetworkProductLine"
"360","149.784177","SensorNetworkProductLine"
"361","150.444467","SensorNetworkProductLine"
"362","143.303351","SensorNetworkProductLine"
"363","141.926963","SensorNetworkProductLine"
"364","156.578578","SensorNetworkProductLine"
"365","140.200811","SensorNetworkProductLine"
"366","146.125429","SensorNetworkProductLine"
"367","141.22041","SensorNetworkProductLine"
"368","149.151176","SensorNetworkProductLine"
"369","154.922531","SensorNetworkProductLine"
"370","158.347078","SensorNetworkProductLine"
"371","130.567318","SensorNetworkProductLine"
"372","142.073256","SensorNetworkProductLine"
"373","151.290555","SensorNetworkProductLine"
"374","155.685328","SensorNetworkProductLine"
"375","165.221357","SensorNetworkProductLine"
"376","157.95932","SensorNetworkProductLine"
"377","155.623589","SensorNetworkProductLine"
"378","144.442223","SensorNetworkProductLine"
"379","154.339778","SensorNetworkProductLine"
"380","148.272463","SensorNetworkProductLine"
"381","142.637216","SensorNetworkProductLine"
"382","257.637532","SensorNetworkProductLine"
"383","144.439649","SensorNetworkProductLine"
"384","148.349063","SensorNetworkProductLine"
"385","146.889022","SensorNetworkProductLine"
"386","133.393607","SensorNetworkProductLine"
"387","143.894111","SensorNetworkProductLine"
"388","147.529602","SensorNetworkProductLine"
"389","149.552958","SensorNetworkProductLine"
"390","160.017235","SensorNetworkProductLine"
"391","154.594541","SensorNetworkProductLine"
"392","148.797657","SensorNetworkProductLine"
"393","147.627995","SensorNetworkProductLine"
"394","142.104407","SensorNetworkProductLine"
"395","161.425815","SensorNetworkProductLine"
"396","152.260811","SensorNetworkProductLine"
"397","140.408713","SensorNetworkProductLine"
"398","144.27425","SensorNetworkProductLine"
"399","158.681077","SensorNetworkProductLine"
"400","144.71586","SensorNetworkProductLine"
"401","164.625964","StrategyMobileGame"
"402","130.110568","StrategyMobileGame"
"403","135.228731","StrategyMobileGame"
"404","133.755795","StrategyMobileGame"
"405","139.860068","StrategyMobileGame"
"406","128.387614","StrategyMobileGame"
"407","130.435073","StrategyMobileGame"
"408","130.860691","StrategyMobileGame"
"409","116.372156","StrategyMobileGame"
"410","127.773327","StrategyMobileGame"
"411","136.06686","StrategyMobileGame"
"412","129.634474","StrategyMobileGame"
"413","133.732417","StrategyMobileGame"
"414","132.336706","StrategyMobileGame"
"415","129.963022","StrategyMobileGame"
"416","134.94748","StrategyMobileGame"
"417","222.557601","StrategyMobileGame"
"418","141.452337","StrategyMobileGame"
"419","237.430542","StrategyMobileGame"
"420","137.039782","StrategyMobileGame"
"421","130.508435","StrategyMobileGame"
"422","142.451864","StrategyMobileGame"
"423","130.953413","StrategyMobileGame"
"424","133.485219","StrategyMobileGame"
"425","135.661259","StrategyMobileGame"
"426","133.446502","StrategyMobileGame"
"427","140.598652","StrategyMobileGame"
"428","123.476627","StrategyMobileGame"
"429","134.350374","StrategyMobileGame"
"430","142.564634","StrategyMobileGame"
"431","136.437724","StrategyMobileGame"
"432","142.899517","StrategyMobileGame"
"433","141.001965","StrategyMobileGame"
"434","139.628754","StrategyMobileGame"
"435","140.236778","StrategyMobileGame"
"436","126.333867","StrategyMobileGame"
"437","127.682237","StrategyMobileGame"
"438","117.572453","StrategyMobileGame"
"439","126.917103","StrategyMobileGame"
"440","129.31012","StrategyMobileGame"
"441","117.997144","StrategyMobileGame"
"442","130.331145","StrategyMobileGame"
"443","133.764895","StrategyMobileGame"
"444","128.48814","StrategyMobileGame"
"445","154.43122","StrategyMobileGame"
"446","134.275942","StrategyMobileGame"
"447","138.539085","StrategyMobileGame"
"448","132.604913","StrategyMobileGame"
"449","149.898445","StrategyMobileGame"
"450","141.38382","StrategyMobileGame"
"451","126.647968","StrategyMobileGame"
"452","135.825288","StrategyMobileGame"
"453","146.413144","StrategyMobileGame"
"454","137.942916","StrategyMobileGame"
"455","111.544423","StrategyMobileGame"
"456","142.49472","StrategyMobileGame"
"457","224.174135","StrategyMobileGame"
"458","131.541245","StrategyMobileGame"
"459","130.47263","StrategyMobileGame"
"460","166.953808","StrategyMobileGame"
"461","129.462302","StrategyMobileGame"
"462","174.065093","StrategyMobileGame"
"463","154.640692","StrategyMobileGame"
"464","172.164811","StrategyMobileGame"
"465","127.885574","StrategyMobileGame"
"466","124.717125","StrategyMobileGame"
"467","132.267671","StrategyMobileGame"
"468","129.545092","StrategyMobileGame"
"469","200.798454","StrategyMobileGame"
"470","184.247511","StrategyMobileGame"
"471","146.861358","StrategyMobileGame"
"472","134.316166","StrategyMobileGame"
"473","138.583103","StrategyMobileGame"
"474","140.555971","StrategyMobileGame"
"475","138.575509","StrategyMobileGame"
"476","150.548442","StrategyMobileGame"
"477","125.243556","StrategyMobileGame"
"478","127.708202","StrategyMobileGame"
"479","119.166397","StrategyMobileGame"
"480","127.005098","StrategyMobileGame"
"481","143.709903","StrategyMobileGame"
"482","133.037601","StrategyMobileGame"
"483","133.633873","StrategyMobileGame"
"484","141.870518","StrategyMobileGame"
"485","128.653196","StrategyMobileGame"
"486","133.998222","StrategyMobileGame"
"487","141.829787","StrategyMobileGame"
"488","117.782419","StrategyMobileGame"
"489","136.573628","StrategyMobileGame"
"490","128.782363","StrategyMobileGame"
"491","141.601083","StrategyMobileGame"
"492","132.589837","StrategyMobileGame"
"493","141.553563","StrategyMobileGame"
"494","142.281673","StrategyMobileGame"
"495","128.918383","StrategyMobileGame"
"496","127.386546","StrategyMobileGame"
"497","122.812974","StrategyMobileGame"
"498","123.498062","StrategyMobileGame"
"499","160.165567","StrategyMobileGame"
"500","143.977636","StrategyMobileGame"
"501","143.689882","TankWar"
"502","146.673856","TankWar"
"503","153.20142","TankWar"
"504","132.316613","TankWar"
"505","129.955208","TankWar"
"506","134.875722","TankWar"
"507","131.567339","TankWar"
"508","126.757368","TankWar"
"509","134.037353","TankWar"
"510","130.503926","TankWar"
"511","125.870326","TankWar"
"512","129.779224","TankWar"
"513","129.97107","TankWar"
"514","131.011595","TankWar"
"515","145.171787","TankWar"
"516","145.413025","TankWar"
"517","140.186599","TankWar"
"518","137.220703","TankWar"
"519","134.611798","TankWar"
"520","122.219174","TankWar"
"521","135.411123","TankWar"
"522","124.400239","TankWar"
"523","131.696236","TankWar"
"524","119.832157","TankWar"
"525","120.479533","TankWar"
"526","143.364877","TankWar"
"527","136.455867","TankWar"
"528","141.183268","TankWar"
"529","165.400607","TankWar"
"530","129.812868","TankWar"
"531","135.392047","TankWar"
"532","136.53952","TankWar"
"533","134.497564","TankWar"
"534","114.959012","TankWar"
"535","124.599933","TankWar"
"536","136.778651","TankWar"
"537","128.861871","TankWar"
"538","140.075129","TankWar"
"539","143.854412","TankWar"
"540","144.885065","TankWar"
"541","142.437525","TankWar"
"542","134.038248","TankWar"
"543","132.243442","TankWar"
"544","125.980095","TankWar"
"545","138.318946","TankWar"
"546","128.355013","TankWar"
"547","120.079797","TankWar"
"548","139.577345","TankWar"
"549","137.523444","TankWar"
"550","134.401869","TankWar"
"551","141.291635","TankWar"
"552","136.315506","TankWar"
"553","136.305914","TankWar"
"554","131.940191","TankWar"
"555","125.768214","TankWar"
"556","128.443029","TankWar"
"557","217.706226","TankWar"
"558","131.744304","TankWar"
"559","140.083972","TankWar"
"560","126.840224","TankWar"
"561","241.108298","TankWar"
"562","119.075525","TankWar"
"563","122.353182","TankWar"
"564","131.491815","TankWar"
"565","129.463932","TankWar"
"566","139.740765","TankWar"
"567","138.753712","TankWar"
"568","128.977769","TankWar"
"569","124.959692","TankWar"
"570","144.192342","TankWar"
"571","145.05682","TankWar"
"572","141.563937","TankWar"
"573","143.460344","TankWar"
"574","129.482812","TankWar"
"575","118.551386","TankWar"
"576","133.399422","TankWar"
"577","126.582415","TankWar"
"578","128.788035","TankWar"
"579","123.623501","TankWar"
"580","219.298755","TankWar"
"581","139.483539","TankWar"
"582","123.760535","TankWar"
"583","119.161415","TankWar"
"584","151.907403","TankWar"
"585","135.891573","TankWar"
"586","134.088632","TankWar"
"587","122.33762","TankWar"
"588","134.65142","TankWar"
"589","124.3072","TankWar"
"590","137.60501","TankWar"
"591","127.850828","TankWar"
"592","228.913353","TankWar"
"593","135.652479","TankWar"
"594","129.576689","TankWar"
"595","135.788954","TankWar"
"596","129.479657","TankWar"
"597","126.374742","TankWar"
"598","138.547742","TankWar"
"599","131.379687","TankWar"
"600","132.241188","TankWar"
"601","131.93069","MobileMedia2"
"602","150.035344","MobileMedia2"
"603","138.774946","MobileMedia2"
"604","143.016801","MobileMedia2"
"605","141.14966","MobileMedia2"
"606","288.940159","MobileMedia2"
"607","131.688767","MobileMedia2"
"608","141.69397","MobileMedia2"
"609","137.644205","MobileMedia2"
"610","143.896214","MobileMedia2"
"611","174.054919","MobileMedia2"
"612","118.21592","MobileMedia2"
"613","138.877949","MobileMedia2"
"614","136.543504","MobileMedia2"
"615","151.230801","MobileMedia2"
"616","150.709578","MobileMedia2"
"617","142.333756","MobileMedia2"
"618","131.157566","MobileMedia2"
"619","153.459098","MobileMedia2"
"620","139.608266","MobileMedia2"
"621","138.841813","MobileMedia2"
"622","156.729571","MobileMedia2"
"623","141.783638","MobileMedia2"
"624","128.597128","MobileMedia2"
"625","157.504231","MobileMedia2"
"626","136.184723","MobileMedia2"
"627","145.389183","MobileMedia2"
"628","141.51045","MobileMedia2"
"629","136.184332","MobileMedia2"
"630","138.424543","MobileMedia2"
"631","128.844146","MobileMedia2"
"632","136.663516","MobileMedia2"
"633","149.793998","MobileMedia2"
"634","288.045086","MobileMedia2"
"635","146.130989","MobileMedia2"
"636","136.061611","MobileMedia2"
"637","133.744826","MobileMedia2"
"638","139.75733","MobileMedia2"
"639","143.222995","MobileMedia2"
"640","146.744119","MobileMedia2"
"641","142.866294","MobileMedia2"
"642","157.596124","MobileMedia2"
"643","133.780488","MobileMedia2"
"644","140.870931","MobileMedia2"
"645","142.694798","MobileMedia2"
"646","137.033644","MobileMedia2"
"647","132.997462","MobileMedia2"
"648","139.018068","MobileMedia2"
"649","140.905806","MobileMedia2"
"650","149.516651","MobileMedia2"
"651","206.116378","MobileMedia2"
"652","139.417815","MobileMedia2"
"653","149.678415","MobileMedia2"
"654","140.152307","MobileMedia2"
"655","138.166712","MobileMedia2"
"656","162.185906","MobileMedia2"
"657","235.302805","MobileMedia2"
"658","132.865452","MobileMedia2"
"659","140.253012","MobileMedia2"
"660","133.388269","MobileMedia2"
"661","143.029494","MobileMedia2"
"662","125.708689","MobileMedia2"
"663","147.567621","MobileMedia2"
"664","135.493683","MobileMedia2"
"665","250.905161","MobileMedia2"
"666","135.262853","MobileMedia2"
"667","151.426141","MobileMedia2"
"668","153.08027","MobileMedia2"
"669","144.731311","MobileMedia2"
"670","133.19964","MobileMedia2"
"671","139.560497","MobileMedia2"
"672","134.706084","MobileMedia2"
"673","140.528612","MobileMedia2"
"674","139.810871","MobileMedia2"
"675","146.619001","MobileMedia2"
"676","129.587716","MobileMedia2"
"677","133.314782","MobileMedia2"
"678","140.991269","MobileMedia2"
"679","149.558394","MobileMedia2"
"680","149.344707","MobileMedia2"
"681","144.926425","MobileMedia2"
"682","152.625416","MobileMedia2"
"683","145.778425","MobileMedia2"
"684","136.214332","MobileMedia2"
"685","139.264498","MobileMedia2"
"686","138.390532","MobileMedia2"
"687","140.548781","MobileMedia2"
"688","141.616663","MobileMedia2"
"689","140.937892","MobileMedia2"
"690","135.342341","MobileMedia2"
"691","140.626857","MobileMedia2"
"692","132.248027","MobileMedia2"
"693","125.01261","MobileMedia2"
"694","147.401117","MobileMedia2"
"695","137.718494","MobileMedia2"
"696","150.053499","MobileMedia2"
"697","140.371428","MobileMedia2"
"698","147.148623","MobileMedia2"
"699","145.13844","MobileMedia2"
"700","142.910988","MobileMedia2"
"701","173.851974","MobileGuide"
"702","162.160429","MobileGuide"
"703","159.405498","MobileGuide"
"704","165.016171","MobileGuide"
"705","151.511709","MobileGuide"
"706","157.097184","MobileGuide"
"707","147.995973","MobileGuide"
"708","158.095201","MobileGuide"
"709","152.172719","MobileGuide"
"710","152.898819","MobileGuide"
"711","172.576147","MobileGuide"
"712","179.063229","MobileGuide"
"713","156.308585","MobileGuide"
"714","147.212075","MobileGuide"
"715","144.721586","MobileGuide"
"716","151.851916","MobileGuide"
"717","157.006201","MobileGuide"
"718","167.713575","MobileGuide"
"719","154.487155","MobileGuide"
"720","148.518137","MobileGuide"
"721","142.353574","MobileGuide"
"722","167.148236","MobileGuide"
"723","161.970127","MobileGuide"
"724","146.254856","MobileGuide"
"725","158.133555","MobileGuide"
"726","147.981211","MobileGuide"
"727","153.488034","MobileGuide"
"728","162.474","MobileGuide"
"729","151.855715","MobileGuide"
"730","154.855404","MobileGuide"
"731","157.576346","MobileGuide"
"732","148.102734","MobileGuide"
"733","153.9959","MobileGuide"
"734","144.119185","MobileGuide"
"735","152.306807","MobileGuide"
"736","157.131057","MobileGuide"
"737","158.691792","MobileGuide"
"738","158.72562","MobileGuide"
"739","157.52314","MobileGuide"
"740","162.259519","MobileGuide"
"741","157.71402","MobileGuide"
"742","137.022886","MobileGuide"
"743","160.930347","MobileGuide"
"744","149.523418","MobileGuide"
"745","149.084928","MobileGuide"
"746","144.367246","MobileGuide"
"747","156.889978","MobileGuide"
"748","153.976988","MobileGuide"
"749","157.075121","MobileGuide"
"750","144.639669","MobileGuide"
"751","166.96337","MobileGuide"
"752","157.874855","MobileGuide"
"753","159.624629","MobileGuide"
"754","149.237332","MobileGuide"
"755","148.620127","MobileGuide"
"756","148.841877","MobileGuide"
"757","225.3243","MobileGuide"
"758","149.885169","MobileGuide"
"759","157.490243","MobileGuide"
"760","148.021102","MobileGuide"
"761","160.037632","MobileGuide"
"762","151.869886","MobileGuide"
"763","165.418961","MobileGuide"
"764","154.922358","MobileGuide"
"765","154.553487","MobileGuide"
"766","153.392854","MobileGuide"
"767","150.391964","MobileGuide"
"768","157.771242","MobileGuide"
"769","145.868157","MobileGuide"
"770","159.185139","MobileGuide"
"771","161.003635","MobileGuide"
"772","166.842494","MobileGuide"
"773","159.87868","MobileGuide"
"774","156.699171","MobileGuide"
"775","151.687903","MobileGuide"
"776","159.204504","MobileGuide"
"777","167.672673","MobileGuide"
"778","156.916768","MobileGuide"
"779","152.346862","MobileGuide"
"780","144.016087","MobileGuide"
"781","166.265432","MobileGuide"
"782","150.768229","MobileGuide"
"783","162.617046","MobileGuide"
"784","137.912161","MobileGuide"
"785","161.596753","MobileGuide"
"786","154.050004","MobileGuide"
"787","154.820594","MobileGuide"
"788","158.035261","MobileGuide"
"789","155.957102","MobileGuide"
"790","158.752091","MobileGuide"
"791","148.028165","MobileGuide"
"792","157.23752","MobileGuide"
"793","153.741435","MobileGuide"
"794","155.351967","MobileGuide"
"795","152.889193","MobileGuide"
"796","139.037214","MobileGuide"
"797","157.575219","MobileGuide"
"798","156.57869","MobileGuide"
"799","157.514736","MobileGuide"
"800","146.286275","MobileGuide"
"801","1488.956899","SPLOT-3CNF-FM-500-50-1.00-SAT-1"
"802","1406.194194","SPLOT-3CNF-FM-500-50-1.00-SAT-1"
"803","1387.775319","SPLOT-3CNF-FM-500-50-1.00-SAT-1"
"804","1456.383785","SPLOT-3CNF-FM-500-50-1.00-SAT-1"
"805","1483.880222","SPLOT-3CNF-FM-500-50-1.00-SAT-1"
"806","1421.639626","SPLOT-3CNF-FM-500-50-1.00-SAT-1"
"807","1442.540188","SPLOT-3CNF-FM-500-50-1.00-SAT-1"
"808","1418.53804","SPLOT-3CNF-FM-500-50-1.00-SAT-1"
"809","1432.257974","SPLOT-3CNF-FM-500-50-1.00-SAT-1"
"810","1393.324288","SPLOT-3CNF-FM-500-50-1.00-SAT-1"
"811","1355.10175","SPLOT-3CNF-FM-500-50-1.00-SAT-1"
"812","1453.647753","SPLOT-3CNF-FM-500-50-1.00-SAT-1"
"813","1405.972354","SPLOT-3CNF-FM-500-50-1.00-SAT-1"
"814","1346.664162","SPLOT-3CNF-FM-500-50-1.00-SAT-1"
"815","1492.279756","SPLOT-3CNF-FM-500-50-1.00-SAT-1"
"816","1452.893646","SPLOT-3CNF-FM-500-50-1.00-SAT-1"
"817","1378.365003","SPLOT-3CNF-FM-500-50-1.00-SAT-1"
"818","1452.101844","SPLOT-3CNF-FM-500-50-1.00-SAT-1"
"819","1353.719729","SPLOT-3CNF-FM-500-50-1.00-SAT-1"
"820","1429.858658","SPLOT-3CNF-FM-500-50-1.00-SAT-1"
"821","1441.928776","SPLOT-3CNF-FM-500-50-1.00-SAT-1"
"822","1413.048916","SPLOT-3CNF-FM-500-50-1.00-SAT-1"
"823","1376.222389","SPLOT-3CNF-FM-500-50-1.00-SAT-1"
"824","1361.630974","SPLOT-3CNF-FM-500-50-1.00-SAT-1"
"825","1493.504156","SPLOT-3CNF-FM-500-50-1.00-SAT-1"
"826","1514.254511","SPLOT-3CNF-FM-500-50-1.00-SAT-1"
"827","1386.080972","SPLOT-3CNF-FM-500-50-1.00-SAT-1"
"828","1544.950367","SPLOT-3CNF-FM-500-50-1.00-SAT-1"
"829","1339.001298","SPLOT-3CNF-FM-500-50-1.00-SAT-1"
"830","1347.691283","SPLOT-3CNF-FM-500-50-1.00-SAT-1"
"831","1374.940433","SPLOT-3CNF-FM-500-50-1.00-SAT-1"
"832","1442.15656","SPLOT-3CNF-FM-500-50-1.00-SAT-1"
"833","1366.890936","SPLOT-3CNF-FM-500-50-1.00-SAT-1"
"834","1442.65746","SPLOT-3CNF-FM-500-50-1.00-SAT-1"
"835","1391.670593","SPLOT-3CNF-FM-500-50-1.00-SAT-1"
"836","1491.444909","SPLOT-3CNF-FM-500-50-1.00-SAT-1"
"837","1398.512081","SPLOT-3CNF-FM-500-50-1.00-SAT-1"
"838","1341.305956","SPLOT-3CNF-FM-500-50-1.00-SAT-1"
"839","1320.143094","SPLOT-3CNF-FM-500-50-1.00-SAT-1"
"840","1370.247833","SPLOT-3CNF-FM-500-50-1.00-SAT-1"
"841","1372.136708","SPLOT-3CNF-FM-500-50-1.00-SAT-1"
"842","1340.346048","SPLOT-3CNF-FM-500-50-1.00-SAT-1"
"843","1480.851539","SPLOT-3CNF-FM-500-50-1.00-SAT-1"
"844","1404.430187","SPLOT-3CNF-FM-500-50-1.00-SAT-1"
"845","1279.245382","SPLOT-3CNF-FM-500-50-1.00-SAT-1"
"846","1427.408636","SPLOT-3CNF-FM-500-50-1.00-SAT-1"
"847","1430.100153","SPLOT-3CNF-FM-500-50-1.00-SAT-1"
"848","1322.141529","SPLOT-3CNF-FM-500-50-1.00-SAT-1"
"849","1401.642013","SPLOT-3CNF-FM-500-50-1.00-SAT-1"
"850","1353.201815","SPLOT-3CNF-FM-500-50-1.00-SAT-1"
"851","1399.199637","SPLOT-3CNF-FM-500-50-1.00-SAT-1"
"852","1500.283105","SPLOT-3CNF-FM-500-50-1.00-SAT-1"
"853","1412.449373","SPLOT-3CNF-FM-500-50-1.00-SAT-1"
"854","1438.869293","SPLOT-3CNF-FM-500-50-1.00-SAT-1"
"855","1347.011549","SPLOT-3CNF-FM-500-50-1.00-SAT-1"
"856","1444.983718","SPLOT-3CNF-FM-500-50-1.00-SAT-1"
"857","1494.29562","SPLOT-3CNF-FM-500-50-1.00-SAT-1"
"858","1358.322556","SPLOT-3CNF-FM-500-50-1.00-SAT-1"
"859","1400.809702","SPLOT-3CNF-FM-500-50-1.00-SAT-1"
"860","1312.679242","SPLOT-3CNF-FM-500-50-1.00-SAT-1"
"861","1329.397027","SPLOT-3CNF-FM-500-50-1.00-SAT-1"
"862","1312.909299","SPLOT-3CNF-FM-500-50-1.00-SAT-1"
"863","1356.390591","SPLOT-3CNF-FM-500-50-1.00-SAT-1"
"864","1406.663802","SPLOT-3CNF-FM-500-50-1.00-SAT-1"
"865","1450.782754","SPLOT-3CNF-FM-500-50-1.00-SAT-1"
"866","1445.611958","SPLOT-3CNF-FM-500-50-1.00-SAT-1"
"867","1429.565839","SPLOT-3CNF-FM-500-50-1.00-SAT-1"
"868","1372.690318","SPLOT-3CNF-FM-500-50-1.00-SAT-1"
"869","1386.913023","SPLOT-3CNF-FM-500-50-1.00-SAT-1"
"870","1294.925618","SPLOT-3CNF-FM-500-50-1.00-SAT-1"
"871","1403.393384","SPLOT-3CNF-FM-500-50-1.00-SAT-1"
"872","1505.75774","SPLOT-3CNF-FM-500-50-1.00-SAT-1"
"873","1337.18277","SPLOT-3CNF-FM-500-50-1.00-SAT-1"
"874","1478.934405","SPLOT-3CNF-FM-500-50-1.00-SAT-1"
"875","1395.270019","SPLOT-3CNF-FM-500-50-1.00-SAT-1"
"876","1332.23466","SPLOT-3CNF-FM-500-50-1.00-SAT-1"
"877","1307.576268","SPLOT-3CNF-FM-500-50-1.00-SAT-1"
"878","1348.354935","SPLOT-3CNF-FM-500-50-1.00-SAT-1"
"879","1508.11801","SPLOT-3CNF-FM-500-50-1.00-SAT-1"
"880","1346.367536","SPLOT-3CNF-FM-500-50-1.00-SAT-1"
"881","1402.079929","SPLOT-3CNF-FM-500-50-1.00-SAT-1"
"882","1432.536804","SPLOT-3CNF-FM-500-50-1.00-SAT-1"
"883","1381.63962","SPLOT-3CNF-FM-500-50-1.00-SAT-1"
"884","1424.777569","SPLOT-3CNF-FM-500-50-1.00-SAT-1"
"885","1438.708063","SPLOT-3CNF-FM-500-50-1.00-SAT-1"
"886","1492.872752","SPLOT-3CNF-FM-500-50-1.00-SAT-1"
"887","1379.596767","SPLOT-3CNF-FM-500-50-1.00-SAT-1"
"888","1363.458461","SPLOT-3CNF-FM-500-50-1.00-SAT-1"
"889","1343.179027","SPLOT-3CNF-FM-500-50-1.00-SAT-1"
"890","1424.55196","SPLOT-3CNF-FM-500-50-1.00-SAT-1"
"891","1361.292268","SPLOT-3CNF-FM-500-50-1.00-SAT-1"
"892","1302.387969","SPLOT-3CNF-FM-500-50-1.00-SAT-1"
"893","1409.949423","SPLOT-3CNF-FM-500-50-1.00-SAT-1"
"894","1400.193477","SPLOT-3CNF-FM-500-50-1.00-SAT-1"
"895","1453.095047","SPLOT-3CNF-FM-500-50-1.00-SAT-1"
"896","1462.82552","SPLOT-3CNF-FM-500-50-1.00-SAT-1"
"897","1341.405996","SPLOT-3CNF-FM-500-50-1.00-SAT-1"
"898","1364.917438","SPLOT-3CNF-FM-500-50-1.00-SAT-1"
"899","1419.77121","SPLOT-3CNF-FM-500-50-1.00-SAT-1"
"900","1406.436663","SPLOT-3CNF-FM-500-50-1.00-SAT-1"
