"","TIME","ALTERNATIVE"
"1","22.027103","x264ProductLine"
"2","13.799826","x264ProductLine"
"3","10.161518","x264ProductLine"
"4","11.448615","x264ProductLine"
"5","13.107528","x264ProductLine"
"6","12.830293","x264ProductLine"
"7","9.082548","x264ProductLine"
"8","11.340492","x264ProductLine"
"9","17.15864","x264ProductLine"
"10","11.902508","x264ProductLine"
"11","13.672574","x264ProductLine"
"12","9.17932","x264ProductLine"
"13","13.248518","x264ProductLine"
"14","11.282165","x264ProductLine"
"15","20.599502","x264ProductLine"
"16","9.10515","x264ProductLine"
"17","12.266539","x264ProductLine"
"18","7.957811","x264ProductLine"
"19","12.796243","x264ProductLine"
"20","17.773932","x264ProductLine"
"21","14.283743","x264ProductLine"
"22","9.573802","x264ProductLine"
"23","9.36533","x264ProductLine"
"24","10.438597","x264ProductLine"
"25","15.036241","x264ProductLine"
"26","13.310111","x264ProductLine"
"27","10.715519","x264ProductLine"
"28","14.050067","x264ProductLine"
"29","13.430062","x264ProductLine"
"30","15.778889","x264ProductLine"
"31","9.687086","x264ProductLine"
"32","7.39133","x264ProductLine"
"33","11.145033","x264ProductLine"
"34","7.635969","x264ProductLine"
"35","11.348292","x264ProductLine"
"36","14.682612","x264ProductLine"
"37","124.692272","x264ProductLine"
"38","13.256704","x264ProductLine"
"39","11.663886","x264ProductLine"
"40","12.046138","x264ProductLine"
"41","13.711169","x264ProductLine"
"42","9.696822","x264ProductLine"
"43","9.390961","x264ProductLine"
"44","10.038019","x264ProductLine"
"45","9.303092","x264ProductLine"
"46","15.019252","x264ProductLine"
"47","13.911025","x264ProductLine"
"48","8.120685","x264ProductLine"
"49","7.78419","x264ProductLine"
"50","9.623189","x264ProductLine"
"51","8.506587","x264ProductLine"
"52","15.800813","x264ProductLine"
"53","10.267053","x264ProductLine"
"54","15.657507","x264ProductLine"
"55","14.779869","x264ProductLine"
"56","10.941556","x264ProductLine"
"57","28.388497","x264ProductLine"
"58","11.131063","x264ProductLine"
"59","11.383086","x264ProductLine"
"60","11.16208","x264ProductLine"
"61","8.990034","x264ProductLine"
"62","15.182613","x264ProductLine"
"63","15.028048","x264ProductLine"
"64","10.822072","x264ProductLine"
"65","12.62891","x264ProductLine"
"66","17.607815","x264ProductLine"
"67","10.948311","x264ProductLine"
"68","17.165398","x264ProductLine"
"69","9.083911","x264ProductLine"
"70","10.030322","x264ProductLine"
"71","8.771739","x264ProductLine"
"72","11.723122","x264ProductLine"
"73","14.58126","x264ProductLine"
"74","10.495403","x264ProductLine"
"75","8.962854","x264ProductLine"
"76","11.612249","x264ProductLine"
"77","13.727215","x264ProductLine"
"78","9.522545","x264ProductLine"
"79","8.75795","x264ProductLine"
"80","10.200065","x264ProductLine"
"81","8.374713","x264ProductLine"
"82","13.240505","x264ProductLine"
"83","15.299044","x264ProductLine"
"84","16.837456","x264ProductLine"
"85","17.06629","x264ProductLine"
"86","12.031313","x264ProductLine"
"87","16.082648","x264ProductLine"
"88","10.37648","x264ProductLine"
"89","19.135765","x264ProductLine"
"90","10.638745","x264ProductLine"
"91","17.605697","x264ProductLine"
"92","20.280768","x264ProductLine"
"93","14.664974","x264ProductLine"
"94","15.048405","x264ProductLine"
"95","11.509902","x264ProductLine"
"96","15.874019","x264ProductLine"
"97","11.707607","x264ProductLine"
"98","12.752324","x264ProductLine"
"99","17.857473","x264ProductLine"
"100","15.549109","x264ProductLine"
"101","10.324256","WgetProductLine"
"102","12.702315","WgetProductLine"
"103","13.912509","WgetProductLine"
"104","12.99482","WgetProductLine"
"105","10.15944","WgetProductLine"
"106","15.752067","WgetProductLine"
"107","11.799574","WgetProductLine"
"108","15.177935","WgetProductLine"
"109","14.781249","WgetProductLine"
"110","14.00613","WgetProductLine"
"111","11.926226","WgetProductLine"
"112","14.657793","WgetProductLine"
"113","15.906574","WgetProductLine"
"114","26.876944","WgetProductLine"
"115","10.605201","WgetProductLine"
"116","11.058802","WgetProductLine"
"117","12.189791","WgetProductLine"
"118","11.35183","WgetProductLine"
"119","14.599753","WgetProductLine"
"120","19.663734","WgetProductLine"
"121","8.800296","WgetProductLine"
"122","14.110424","WgetProductLine"
"123","12.288968","WgetProductLine"
"124","16.164264","WgetProductLine"
"125","11.5534","WgetProductLine"
"126","11.581879","WgetProductLine"
"127","16.447979","WgetProductLine"
"128","12.365833","WgetProductLine"
"129","11.24504","WgetProductLine"
"130","15.172821","WgetProductLine"
"131","12.990866","WgetProductLine"
"132","16.48442","WgetProductLine"
"133","11.335526","WgetProductLine"
"134","18.338416","WgetProductLine"
"135","14.501871","WgetProductLine"
"136","18.628586","WgetProductLine"
"137","13.615317","WgetProductLine"
"138","16.87952","WgetProductLine"
"139","13.8084","WgetProductLine"
"140","11.238151","WgetProductLine"
"141","13.758461","WgetProductLine"
"142","10.558854","WgetProductLine"
"143","14.935239","WgetProductLine"
"144","12.421212","WgetProductLine"
"145","15.613409","WgetProductLine"
"146","17.705662","WgetProductLine"
"147","14.98078","WgetProductLine"
"148","16.32067","WgetProductLine"
"149","21.013554","WgetProductLine"
"150","14.876248","WgetProductLine"
"151","13.818828","WgetProductLine"
"152","14.643406","WgetProductLine"
"153","12.649063","WgetProductLine"
"154","14.670265","WgetProductLine"
"155","13.540779","WgetProductLine"
"156","12.240218","WgetProductLine"
"157","17.852572","WgetProductLine"
"158","10.986065","WgetProductLine"
"159","11.776847","WgetProductLine"
"160","13.858636","WgetProductLine"
"161","12.966158","WgetProductLine"
"162","10.876565","WgetProductLine"
"163","13.369593","WgetProductLine"
"164","18.113273","WgetProductLine"
"165","9.540999","WgetProductLine"
"166","10.45506","WgetProductLine"
"167","11.770754","WgetProductLine"
"168","12.871287","WgetProductLine"
"169","16.956102","WgetProductLine"
"170","14.278387","WgetProductLine"
"171","12.720881","WgetProductLine"
"172","12.509426","WgetProductLine"
"173","13.386368","WgetProductLine"
"174","13.643556","WgetProductLine"
"175","11.573722","WgetProductLine"
"176","13.130196","WgetProductLine"
"177","12.748204","WgetProductLine"
"178","11.777432","WgetProductLine"
"179","13.575447","WgetProductLine"
"180","13.238953","WgetProductLine"
"181","11.047549","WgetProductLine"
"182","14.410846","WgetProductLine"
"183","11.825453","WgetProductLine"
"184","13.237447","WgetProductLine"
"185","13.81727","WgetProductLine"
"186","15.986605","WgetProductLine"
"187","16.313402","WgetProductLine"
"188","20.235279","WgetProductLine"
"189","11.782448","WgetProductLine"
"190","23.873605","WgetProductLine"
"191","134.405346","WgetProductLine"
"192","19.023009","WgetProductLine"
"193","14.543687","WgetProductLine"
"194","13.370508","WgetProductLine"
"195","8.608808","WgetProductLine"
"196","11.352188","WgetProductLine"
"197","15.558885","WgetProductLine"
"198","11.479461","WgetProductLine"
"199","12.499167","WgetProductLine"
"200","18.284508","WgetProductLine"
"201","12.338456","BerkeleyDBMemoryversionProductLine"
"202","122.07452","BerkeleyDBMemoryversionProductLine"
"203","16.321289","BerkeleyDBMemoryversionProductLine"
"204","10.697917","BerkeleyDBMemoryversionProductLine"
"205","16.340707","BerkeleyDBMemoryversionProductLine"
"206","12.157311","BerkeleyDBMemoryversionProductLine"
"207","16.519644","BerkeleyDBMemoryversionProductLine"
"208","13.054967","BerkeleyDBMemoryversionProductLine"
"209","10.27712","BerkeleyDBMemoryversionProductLine"
"210","17.29429","BerkeleyDBMemoryversionProductLine"
"211","17.17023","BerkeleyDBMemoryversionProductLine"
"212","23.946467","BerkeleyDBMemoryversionProductLine"
"213","12.232948","BerkeleyDBMemoryversionProductLine"
"214","11.805495","BerkeleyDBMemoryversionProductLine"
"215","13.211876","BerkeleyDBMemoryversionProductLine"
"216","22.338864","BerkeleyDBMemoryversionProductLine"
"217","16.795557","BerkeleyDBMemoryversionProductLine"
"218","73.616354","BerkeleyDBMemoryversionProductLine"
"219","15.285439","BerkeleyDBMemoryversionProductLine"
"220","10.815537","BerkeleyDBMemoryversionProductLine"
"221","16.458402","BerkeleyDBMemoryversionProductLine"
"222","13.299368","BerkeleyDBMemoryversionProductLine"
"223","14.394232","BerkeleyDBMemoryversionProductLine"
"224","24.375367","BerkeleyDBMemoryversionProductLine"
"225","13.227569","BerkeleyDBMemoryversionProductLine"
"226","19.359433","BerkeleyDBMemoryversionProductLine"
"227","11.475315","BerkeleyDBMemoryversionProductLine"
"228","12.203914","BerkeleyDBMemoryversionProductLine"
"229","16.561415","BerkeleyDBMemoryversionProductLine"
"230","10.493472","BerkeleyDBMemoryversionProductLine"
"231","11.41849","BerkeleyDBMemoryversionProductLine"
"232","17.091362","BerkeleyDBMemoryversionProductLine"
"233","21.083734","BerkeleyDBMemoryversionProductLine"
"234","13.175403","BerkeleyDBMemoryversionProductLine"
"235","16.446736","BerkeleyDBMemoryversionProductLine"
"236","12.202189","BerkeleyDBMemoryversionProductLine"
"237","15.118043","BerkeleyDBMemoryversionProductLine"
"238","13.55843","BerkeleyDBMemoryversionProductLine"
"239","12.838778","BerkeleyDBMemoryversionProductLine"
"240","22.25668","BerkeleyDBMemoryversionProductLine"
"241","15.958507","BerkeleyDBMemoryversionProductLine"
"242","14.519936","BerkeleyDBMemoryversionProductLine"
"243","11.298078","BerkeleyDBMemoryversionProductLine"
"244","15.097192","BerkeleyDBMemoryversionProductLine"
"245","10.621673","BerkeleyDBMemoryversionProductLine"
"246","14.277209","BerkeleyDBMemoryversionProductLine"
"247","10.716836","BerkeleyDBMemoryversionProductLine"
"248","17.058572","BerkeleyDBMemoryversionProductLine"
"249","14.424971","BerkeleyDBMemoryversionProductLine"
"250","12.579901","BerkeleyDBMemoryversionProductLine"
"251","13.35203","BerkeleyDBMemoryversionProductLine"
"252","9.539411","BerkeleyDBMemoryversionProductLine"
"253","13.171344","BerkeleyDBMemoryversionProductLine"
"254","18.010879","BerkeleyDBMemoryversionProductLine"
"255","16.021704","BerkeleyDBMemoryversionProductLine"
"256","16.872541","BerkeleyDBMemoryversionProductLine"
"257","10.577106","BerkeleyDBMemoryversionProductLine"
"258","17.379618","BerkeleyDBMemoryversionProductLine"
"259","12.228619","BerkeleyDBMemoryversionProductLine"
"260","11.923675","BerkeleyDBMemoryversionProductLine"
"261","10.342668","BerkeleyDBMemoryversionProductLine"
"262","13.258876","BerkeleyDBMemoryversionProductLine"
"263","13.31358","BerkeleyDBMemoryversionProductLine"
"264","14.071052","BerkeleyDBMemoryversionProductLine"
"265","11.421771","BerkeleyDBMemoryversionProductLine"
"266","12.367652","BerkeleyDBMemoryversionProductLine"
"267","36.764413","BerkeleyDBMemoryversionProductLine"
"268","33.545362","BerkeleyDBMemoryversionProductLine"
"269","16.679756","BerkeleyDBMemoryversionProductLine"
"270","11.106869","BerkeleyDBMemoryversionProductLine"
"271","15.578543","BerkeleyDBMemoryversionProductLine"
"272","13.080169","BerkeleyDBMemoryversionProductLine"
"273","14.206177","BerkeleyDBMemoryversionProductLine"
"274","15.728482","BerkeleyDBMemoryversionProductLine"
"275","14.990075","BerkeleyDBMemoryversionProductLine"
"276","14.235862","BerkeleyDBMemoryversionProductLine"
"277","12.20398","BerkeleyDBMemoryversionProductLine"
"278","14.303941","BerkeleyDBMemoryversionProductLine"
"279","13.723444","BerkeleyDBMemoryversionProductLine"
"280","13.1519","BerkeleyDBMemoryversionProductLine"
"281","14.348436","BerkeleyDBMemoryversionProductLine"
"282","13.39195","BerkeleyDBMemoryversionProductLine"
"283","13.627977","BerkeleyDBMemoryversionProductLine"
"284","13.334425","BerkeleyDBMemoryversionProductLine"
"285","11.166708","BerkeleyDBMemoryversionProductLine"
"286","13.775871","BerkeleyDBMemoryversionProductLine"
"287","10.668619","BerkeleyDBMemoryversionProductLine"
"288","16.823356","BerkeleyDBMemoryversionProductLine"
"289","11.550143","BerkeleyDBMemoryversionProductLine"
"290","14.308984","BerkeleyDBMemoryversionProductLine"
"291","11.637594","BerkeleyDBMemoryversionProductLine"
"292","15.706183","BerkeleyDBMemoryversionProductLine"
"293","15.143744","BerkeleyDBMemoryversionProductLine"
"294","17.261691","BerkeleyDBMemoryversionProductLine"
"295","61.305356","BerkeleyDBMemoryversionProductLine"
"296","13.776018","BerkeleyDBMemoryversionProductLine"
"297","12.840618","BerkeleyDBMemoryversionProductLine"
"298","15.905444","BerkeleyDBMemoryversionProductLine"
"299","12.821733","BerkeleyDBMemoryversionProductLine"
"300","13.128016","BerkeleyDBMemoryversionProductLine"
"301","13.131352","SensorNetworkProductLine"
"302","18.254847","SensorNetworkProductLine"
"303","20.490019","SensorNetworkProductLine"
"304","17.504405","SensorNetworkProductLine"
"305","12.742626","SensorNetworkProductLine"
"306","15.281575","SensorNetworkProductLine"
"307","10.148688","SensorNetworkProductLine"
"308","14.586588","SensorNetworkProductLine"
"309","13.995079","SensorNetworkProductLine"
"310","14.932573","SensorNetworkProductLine"
"311","16.04414","SensorNetworkProductLine"
"312","10.492492","SensorNetworkProductLine"
"313","21.782887","SensorNetworkProductLine"
"314","18.394465","SensorNetworkProductLine"
"315","18.677134","SensorNetworkProductLine"
"316","11.694567","SensorNetworkProductLine"
"317","21.40552","SensorNetworkProductLine"
"318","13.896338","SensorNetworkProductLine"
"319","13.628453","SensorNetworkProductLine"
"320","16.984607","SensorNetworkProductLine"
"321","13.100505","SensorNetworkProductLine"
"322","11.591834","SensorNetworkProductLine"
"323","24.187396","SensorNetworkProductLine"
"324","12.865114","SensorNetworkProductLine"
"325","23.001927","SensorNetworkProductLine"
"326","16.070671","SensorNetworkProductLine"
"327","12.05208","SensorNetworkProductLine"
"328","86.941254","SensorNetworkProductLine"
"329","13.275024","SensorNetworkProductLine"
"330","24.728893","SensorNetworkProductLine"
"331","24.098765","SensorNetworkProductLine"
"332","16.59109","SensorNetworkProductLine"
"333","11.487236","SensorNetworkProductLine"
"334","13.36281","SensorNetworkProductLine"
"335","17.251471","SensorNetworkProductLine"
"336","13.411917","SensorNetworkProductLine"
"337","12.055043","SensorNetworkProductLine"
"338","20.585125","SensorNetworkProductLine"
"339","21.10944","SensorNetworkProductLine"
"340","12.9029","SensorNetworkProductLine"
"341","14.761984","SensorNetworkProductLine"
"342","94.709214","SensorNetworkProductLine"
"343","15.635122","SensorNetworkProductLine"
"344","14.469553","SensorNetworkProductLine"
"345","13.074514","SensorNetworkProductLine"
"346","15.58763","SensorNetworkProductLine"
"347","97.486519","SensorNetworkProductLine"
"348","15.924805","SensorNetworkProductLine"
"349","15.957021","SensorNetworkProductLine"
"350","12.115108","SensorNetworkProductLine"
"351","11.924253","SensorNetworkProductLine"
"352","20.914439","SensorNetworkProductLine"
"353","15.331697","SensorNetworkProductLine"
"354","16.58129","SensorNetworkProductLine"
"355","12.090899","SensorNetworkProductLine"
"356","17.610683","SensorNetworkProductLine"
"357","10.916778","SensorNetworkProductLine"
"358","17.087903","SensorNetworkProductLine"
"359","17.402608","SensorNetworkProductLine"
"360","16.114901","SensorNetworkProductLine"
"361","14.820404","SensorNetworkProductLine"
"362","14.388745","SensorNetworkProductLine"
"363","10.950195","SensorNetworkProductLine"
"364","17.240771","SensorNetworkProductLine"
"365","11.39026","SensorNetworkProductLine"
"366","16.234599","SensorNetworkProductLine"
"367","15.989945","SensorNetworkProductLine"
"368","13.815137","SensorNetworkProductLine"
"369","11.617885","SensorNetworkProductLine"
"370","18.931521","SensorNetworkProductLine"
"371","13.487788","SensorNetworkProductLine"
"372","17.620099","SensorNetworkProductLine"
"373","17.222911","SensorNetworkProductLine"
"374","13.091846","SensorNetworkProductLine"
"375","24.996538","SensorNetworkProductLine"
"376","16.721143","SensorNetworkProductLine"
"377","18.060344","SensorNetworkProductLine"
"378","14.637802","SensorNetworkProductLine"
"379","16.190464","SensorNetworkProductLine"
"380","11.890848","SensorNetworkProductLine"
"381","13.231723","SensorNetworkProductLine"
"382","91.930331","SensorNetworkProductLine"
"383","15.07439","SensorNetworkProductLine"
"384","15.814067","SensorNetworkProductLine"
"385","14.137268","SensorNetworkProductLine"
"386","13.557916","SensorNetworkProductLine"
"387","17.295581","SensorNetworkProductLine"
"388","13.191918","SensorNetworkProductLine"
"389","13.818984","SensorNetworkProductLine"
"390","19.809484","SensorNetworkProductLine"
"391","11.57205","SensorNetworkProductLine"
"392","20.260841","SensorNetworkProductLine"
"393","13.20763","SensorNetworkProductLine"
"394","12.717728","SensorNetworkProductLine"
"395","11.623673","SensorNetworkProductLine"
"396","13.572425","SensorNetworkProductLine"
"397","12.558489","SensorNetworkProductLine"
"398","18.342166","SensorNetworkProductLine"
"399","17.21969","SensorNetworkProductLine"
"400","12.011557","SensorNetworkProductLine"
"401","42.628254","StrategyMobileGame"
"402","13.497979","StrategyMobileGame"
"403","13.959791","StrategyMobileGame"
"404","18.651654","StrategyMobileGame"
"405","15.971778","StrategyMobileGame"
"406","12.798031","StrategyMobileGame"
"407","13.057065","StrategyMobileGame"
"408","11.5956","StrategyMobileGame"
"409","10.529129","StrategyMobileGame"
"410","13.880464","StrategyMobileGame"
"411","11.793037","StrategyMobileGame"
"412","18.478006","StrategyMobileGame"
"413","16.956705","StrategyMobileGame"
"414","14.301682","StrategyMobileGame"
"415","14.758158","StrategyMobileGame"
"416","19.40905","StrategyMobileGame"
"417","99.550665","StrategyMobileGame"
"418","12.05514","StrategyMobileGame"
"419","117.197386","StrategyMobileGame"
"420","15.287795","StrategyMobileGame"
"421","16.559209","StrategyMobileGame"
"422","23.595746","StrategyMobileGame"
"423","17.999366","StrategyMobileGame"
"424","15.54059","StrategyMobileGame"
"425","16.728059","StrategyMobileGame"
"426","14.193825","StrategyMobileGame"
"427","20.0965","StrategyMobileGame"
"428","9.847605","StrategyMobileGame"
"429","15.891211","StrategyMobileGame"
"430","15.461899","StrategyMobileGame"
"431","12.445443","StrategyMobileGame"
"432","18.46132","StrategyMobileGame"
"433","19.285047","StrategyMobileGame"
"434","11.755449","StrategyMobileGame"
"435","14.39436","StrategyMobileGame"
"436","14.248776","StrategyMobileGame"
"437","13.078585","StrategyMobileGame"
"438","11.69061","StrategyMobileGame"
"439","12.343153","StrategyMobileGame"
"440","14.083215","StrategyMobileGame"
"441","14.064252","StrategyMobileGame"
"442","11.871633","StrategyMobileGame"
"443","12.282497","StrategyMobileGame"
"444","11.645481","StrategyMobileGame"
"445","25.580395","StrategyMobileGame"
"446","17.760415","StrategyMobileGame"
"447","16.417772","StrategyMobileGame"
"448","12.406581","StrategyMobileGame"
"449","19.317479","StrategyMobileGame"
"450","15.492651","StrategyMobileGame"
"451","14.667133","StrategyMobileGame"
"452","13.67418","StrategyMobileGame"
"453","18.254322","StrategyMobileGame"
"454","12.347676","StrategyMobileGame"
"455","12.122529","StrategyMobileGame"
"456","14.623805","StrategyMobileGame"
"457","99.170582","StrategyMobileGame"
"458","19.155162","StrategyMobileGame"
"459","14.194427","StrategyMobileGame"
"460","54.511974","StrategyMobileGame"
"461","12.214658","StrategyMobileGame"
"462","59.170968","StrategyMobileGame"
"463","41.797392","StrategyMobileGame"
"464","41.807204","StrategyMobileGame"
"465","11.734911","StrategyMobileGame"
"466","14.767596","StrategyMobileGame"
"467","16.840558","StrategyMobileGame"
"468","12.63001","StrategyMobileGame"
"469","82.771754","StrategyMobileGame"
"470","65.672023","StrategyMobileGame"
"471","18.405562","StrategyMobileGame"
"472","18.808147","StrategyMobileGame"
"473","13.482035","StrategyMobileGame"
"474","26.073093","StrategyMobileGame"
"475","13.780874","StrategyMobileGame"
"476","20.903295","StrategyMobileGame"
"477","14.375192","StrategyMobileGame"
"478","10.117148","StrategyMobileGame"
"479","14.16279","StrategyMobileGame"
"480","17.508294","StrategyMobileGame"
"481","25.83224","StrategyMobileGame"
"482","12.67943","StrategyMobileGame"
"483","12.041256","StrategyMobileGame"
"484","16.142381","StrategyMobileGame"
"485","14.004077","StrategyMobileGame"
"486","16.331713","StrategyMobileGame"
"487","25.024892","StrategyMobileGame"
"488","16.16746","StrategyMobileGame"
"489","15.583834","StrategyMobileGame"
"490","14.372735","StrategyMobileGame"
"491","15.566065","StrategyMobileGame"
"492","12.063285","StrategyMobileGame"
"493","14.698306","StrategyMobileGame"
"494","18.4797","StrategyMobileGame"
"495","9.954288","StrategyMobileGame"
"496","10.574011","StrategyMobileGame"
"497","12.830593","StrategyMobileGame"
"498","14.885318","StrategyMobileGame"
"499","38.14073","StrategyMobileGame"
"500","16.639837","StrategyMobileGame"
"501","17.48128","TankWar"
"502","23.869456","TankWar"
"503","41.681772","TankWar"
"504","13.31411","TankWar"
"505","11.898963","TankWar"
"506","14.908544","TankWar"
"507","15.401991","TankWar"
"508","13.67519","TankWar"
"509","16.415596","TankWar"
"510","20.550598","TankWar"
"511","17.886062","TankWar"
"512","21.979471","TankWar"
"513","15.494304","TankWar"
"514","15.062511","TankWar"
"515","11.511169","TankWar"
"516","26.768675","TankWar"
"517","13.354128","TankWar"
"518","18.800844","TankWar"
"519","10.381992","TankWar"
"520","15.613673","TankWar"
"521","17.266448","TankWar"
"522","14.044743","TankWar"
"523","13.209265","TankWar"
"524","11.266011","TankWar"
"525","12.239217","TankWar"
"526","17.284419","TankWar"
"527","11.675914","TankWar"
"528","15.102059","TankWar"
"529","13.521122","TankWar"
"530","15.025367","TankWar"
"531","18.567527","TankWar"
"532","15.245488","TankWar"
"533","12.560627","TankWar"
"534","10.082414","TankWar"
"535","19.745421","TankWar"
"536","21.590595","TankWar"
"537","16.397266","TankWar"
"538","14.336645","TankWar"
"539","27.664751","TankWar"
"540","23.176283","TankWar"
"541","11.405191","TankWar"
"542","24.86954","TankWar"
"543","14.592793","TankWar"
"544","13.878495","TankWar"
"545","14.961734","TankWar"
"546","14.721413","TankWar"
"547","17.536482","TankWar"
"548","21.221731","TankWar"
"549","16.871639","TankWar"
"550","19.940409","TankWar"
"551","11.907132","TankWar"
"552","11.29702","TankWar"
"553","16.629644","TankWar"
"554","14.230264","TankWar"
"555","12.152782","TankWar"
"556","22.435776","TankWar"
"557","90.67354","TankWar"
"558","20.089991","TankWar"
"559","18.4714","TankWar"
"560","14.455227","TankWar"
"561","127.625589","TankWar"
"562","14.280974","TankWar"
"563","11.536499","TankWar"
"564","10.636313","TankWar"
"565","9.510342","TankWar"
"566","12.179452","TankWar"
"567","18.273199","TankWar"
"568","16.505238","TankWar"
"569","12.524381","TankWar"
"570","17.120345","TankWar"
"571","17.408565","TankWar"
"572","15.191315","TankWar"
"573","20.85433","TankWar"
"574","13.977988","TankWar"
"575","13.735803","TankWar"
"576","23.129541","TankWar"
"577","10.765303","TankWar"
"578","20.379313","TankWar"
"579","17.877623","TankWar"
"580","104.138476","TankWar"
"581","24.336477","TankWar"
"582","20.609931","TankWar"
"583","11.568338","TankWar"
"584","32.40749","TankWar"
"585","20.94821","TankWar"
"586","12.714684","TankWar"
"587","14.31948","TankWar"
"588","12.700769","TankWar"
"589","16.735578","TankWar"
"590","18.775383","TankWar"
"591","13.644204","TankWar"
"592","116.259035","TankWar"
"593","16.176968","TankWar"
"594","15.430275","TankWar"
"595","13.894288","TankWar"
"596","21.766776","TankWar"
"597","14.162519","TankWar"
"598","34.862791","TankWar"
"599","12.489585","TankWar"
"600","17.302396","TankWar"
"601","10.964018","MobileMedia2"
"602","25.454533","MobileMedia2"
"603","17.508724","MobileMedia2"
"604","14.461509","MobileMedia2"
"605","16.350156","MobileMedia2"
"606","122.045467","MobileMedia2"
"607","12.509701","MobileMedia2"
"608","20.643798","MobileMedia2"
"609","11.985457","MobileMedia2"
"610","16.659473","MobileMedia2"
"611","48.516734","MobileMedia2"
"612","10.032832","MobileMedia2"
"613","14.758342","MobileMedia2"
"614","13.677789","MobileMedia2"
"615","15.70602","MobileMedia2"
"616","14.363899","MobileMedia2"
"617","16.207471","MobileMedia2"
"618","11.545774","MobileMedia2"
"619","17.803548","MobileMedia2"
"620","12.816747","MobileMedia2"
"621","18.826963","MobileMedia2"
"622","19.733064","MobileMedia2"
"623","14.675812","MobileMedia2"
"624","14.34316","MobileMedia2"
"625","24.785081","MobileMedia2"
"626","17.236342","MobileMedia2"
"627","19.520604","MobileMedia2"
"628","12.168688","MobileMedia2"
"629","20.818974","MobileMedia2"
"630","12.1115","MobileMedia2"
"631","11.92227","MobileMedia2"
"632","12.237605","MobileMedia2"
"633","20.427557","MobileMedia2"
"634","164.141053","MobileMedia2"
"635","19.790881","MobileMedia2"
"636","13.093299","MobileMedia2"
"637","13.726789","MobileMedia2"
"638","20.750795","MobileMedia2"
"639","19.048842","MobileMedia2"
"640","14.314393","MobileMedia2"
"641","13.983983","MobileMedia2"
"642","19.457892","MobileMedia2"
"643","16.81512","MobileMedia2"
"644","21.83234","MobileMedia2"
"645","12.009655","MobileMedia2"
"646","16.630579","MobileMedia2"
"647","11.304804","MobileMedia2"
"648","15.094053","MobileMedia2"
"649","17.40508","MobileMedia2"
"650","20.342943","MobileMedia2"
"651","81.86738","MobileMedia2"
"652","17.48357","MobileMedia2"
"653","23.017537","MobileMedia2"
"654","13.348386","MobileMedia2"
"655","14.560818","MobileMedia2"
"656","24.929062","MobileMedia2"
"657","119.697964","MobileMedia2"
"658","12.214309","MobileMedia2"
"659","12.996012","MobileMedia2"
"660","17.320208","MobileMedia2"
"661","16.731874","MobileMedia2"
"662","15.195977","MobileMedia2"
"663","20.596401","MobileMedia2"
"664","15.272984","MobileMedia2"
"665","121.22103","MobileMedia2"
"666","9.691239","MobileMedia2"
"667","13.611892","MobileMedia2"
"668","19.947914","MobileMedia2"
"669","20.773602","MobileMedia2"
"670","11.53681","MobileMedia2"
"671","13.876472","MobileMedia2"
"672","14.003001","MobileMedia2"
"673","15.499857","MobileMedia2"
"674","16.089695","MobileMedia2"
"675","23.011632","MobileMedia2"
"676","13.936081","MobileMedia2"
"677","11.604658","MobileMedia2"
"678","14.446642","MobileMedia2"
"679","24.562264","MobileMedia2"
"680","20.589835","MobileMedia2"
"681","19.648285","MobileMedia2"
"682","22.926534","MobileMedia2"
"683","15.482604","MobileMedia2"
"684","16.211264","MobileMedia2"
"685","12.794044","MobileMedia2"
"686","14.343004","MobileMedia2"
"687","16.676691","MobileMedia2"
"688","13.399287","MobileMedia2"
"689","14.4078","MobileMedia2"
"690","14.883687","MobileMedia2"
"691","14.685036","MobileMedia2"
"692","11.673242","MobileMedia2"
"693","13.847084","MobileMedia2"
"694","13.512641","MobileMedia2"
"695","11.41642","MobileMedia2"
"696","21.184514","MobileMedia2"
"697","13.773611","MobileMedia2"
"698","16.321781","MobileMedia2"
"699","14.508324","MobileMedia2"
"700","14.410076","MobileMedia2"
"701","17.0065","MobileGuide"
"702","20.445898","MobileGuide"
"703","13.78453","MobileGuide"
"704","15.489282","MobileGuide"
"705","22.406243","MobileGuide"
"706","16.504922","MobileGuide"
"707","16.70143","MobileGuide"
"708","19.040648","MobileGuide"
"709","15.589152","MobileGuide"
"710","11.016048","MobileGuide"
"711","20.757366","MobileGuide"
"712","24.196215","MobileGuide"
"713","12.817756","MobileGuide"
"714","13.916253","MobileGuide"
"715","13.519669","MobileGuide"
"716","17.81732","MobileGuide"
"717","15.843451","MobileGuide"
"718","15.44126","MobileGuide"
"719","11.943066","MobileGuide"
"720","16.57796","MobileGuide"
"721","17.65076","MobileGuide"
"722","26.564499","MobileGuide"
"723","15.708404","MobileGuide"
"724","16.171541","MobileGuide"
"725","12.007087","MobileGuide"
"726","22.299329","MobileGuide"
"727","13.905723","MobileGuide"
"728","15.150752","MobileGuide"
"729","13.460144","MobileGuide"
"730","15.505902","MobileGuide"
"731","12.790063","MobileGuide"
"732","16.161751","MobileGuide"
"733","20.659771","MobileGuide"
"734","12.56095","MobileGuide"
"735","14.279398","MobileGuide"
"736","13.897174","MobileGuide"
"737","16.393026","MobileGuide"
"738","11.856834","MobileGuide"
"739","22.745892","MobileGuide"
"740","14.113404","MobileGuide"
"741","21.809499","MobileGuide"
"742","17.124945","MobileGuide"
"743","13.192621","MobileGuide"
"744","17.060485","MobileGuide"
"745","14.403075","MobileGuide"
"746","14.486203","MobileGuide"
"747","18.547632","MobileGuide"
"748","12.90671","MobileGuide"
"749","16.739257","MobileGuide"
"750","13.087201","MobileGuide"
"751","15.777559","MobileGuide"
"752","14.213873","MobileGuide"
"753","15.304525","MobileGuide"
"754","14.981793","MobileGuide"
"755","12.887163","MobileGuide"
"756","12.220989","MobileGuide"
"757","84.569547","MobileGuide"
"758","15.777826","MobileGuide"
"759","16.195317","MobileGuide"
"760","14.112674","MobileGuide"
"761","12.724399","MobileGuide"
"762","14.086935","MobileGuide"
"763","17.540602","MobileGuide"
"764","15.163778","MobileGuide"
"765","9.009649","MobileGuide"
"766","11.794754","MobileGuide"
"767","11.875781","MobileGuide"
"768","14.302723","MobileGuide"
"769","18.963864","MobileGuide"
"770","14.120326","MobileGuide"
"771","14.631251","MobileGuide"
"772","21.229249","MobileGuide"
"773","16.670574","MobileGuide"
"774","24.067114","MobileGuide"
"775","15.211826","MobileGuide"
"776","14.097977","MobileGuide"
"777","33.526476","MobileGuide"
"778","15.865125","MobileGuide"
"779","13.836593","MobileGuide"
"780","13.736579","MobileGuide"
"781","17.630098","MobileGuide"
"782","16.84559","MobileGuide"
"783","14.175132","MobileGuide"
"784","17.530232","MobileGuide"
"785","14.123003","MobileGuide"
"786","13.722706","MobileGuide"
"787","16.082853","MobileGuide"
"788","20.838832","MobileGuide"
"789","15.746854","MobileGuide"
"790","15.227889","MobileGuide"
"791","15.652053","MobileGuide"
"792","16.425751","MobileGuide"
"793","19.56811","MobileGuide"
"794","21.493302","MobileGuide"
"795","14.026029","MobileGuide"
"796","11.348352","MobileGuide"
"797","15.018385","MobileGuide"
"798","19.743822","MobileGuide"
"799","18.641173","MobileGuide"
"800","12.248133","MobileGuide"
"801","150.623565","SPLOT-3CNF-FM-500-50-1.00-SAT-1"
"802","133.745372","SPLOT-3CNF-FM-500-50-1.00-SAT-1"
"803","58.341586","SPLOT-3CNF-FM-500-50-1.00-SAT-1"
"804","120.521465","SPLOT-3CNF-FM-500-50-1.00-SAT-1"
"805","149.367868","SPLOT-3CNF-FM-500-50-1.00-SAT-1"
"806","110.025253","SPLOT-3CNF-FM-500-50-1.00-SAT-1"
"807","118.958065","SPLOT-3CNF-FM-500-50-1.00-SAT-1"
"808","131.001554","SPLOT-3CNF-FM-500-50-1.00-SAT-1"
"809","140.210868","SPLOT-3CNF-FM-500-50-1.00-SAT-1"
"810","124.462565","SPLOT-3CNF-FM-500-50-1.00-SAT-1"
"811","72.787837","SPLOT-3CNF-FM-500-50-1.00-SAT-1"
"812","143.100359","SPLOT-3CNF-FM-500-50-1.00-SAT-1"
"813","66.32897","SPLOT-3CNF-FM-500-50-1.00-SAT-1"
"814","44.633301","SPLOT-3CNF-FM-500-50-1.00-SAT-1"
"815","105.823085","SPLOT-3CNF-FM-500-50-1.00-SAT-1"
"816","87.212507","SPLOT-3CNF-FM-500-50-1.00-SAT-1"
"817","86.268566","SPLOT-3CNF-FM-500-50-1.00-SAT-1"
"818","144.613397","SPLOT-3CNF-FM-500-50-1.00-SAT-1"
"819","79.04221","SPLOT-3CNF-FM-500-50-1.00-SAT-1"
"820","143.966011","SPLOT-3CNF-FM-500-50-1.00-SAT-1"
"821","140.282682","SPLOT-3CNF-FM-500-50-1.00-SAT-1"
"822","59.464348","SPLOT-3CNF-FM-500-50-1.00-SAT-1"
"823","60.710443","SPLOT-3CNF-FM-500-50-1.00-SAT-1"
"824","44.126086","SPLOT-3CNF-FM-500-50-1.00-SAT-1"
"825","144.637672","SPLOT-3CNF-FM-500-50-1.00-SAT-1"
"826","118.189558","SPLOT-3CNF-FM-500-50-1.00-SAT-1"
"827","126.67398","SPLOT-3CNF-FM-500-50-1.00-SAT-1"
"828","126.125906","SPLOT-3CNF-FM-500-50-1.00-SAT-1"
"829","65.568418","SPLOT-3CNF-FM-500-50-1.00-SAT-1"
"830","71.442323","SPLOT-3CNF-FM-500-50-1.00-SAT-1"
"831","110.574053","SPLOT-3CNF-FM-500-50-1.00-SAT-1"
"832","39.263936","SPLOT-3CNF-FM-500-50-1.00-SAT-1"
"833","68.933338","SPLOT-3CNF-FM-500-50-1.00-SAT-1"
"834","127.557256","SPLOT-3CNF-FM-500-50-1.00-SAT-1"
"835","126.746772","SPLOT-3CNF-FM-500-50-1.00-SAT-1"
"836","117.796464","SPLOT-3CNF-FM-500-50-1.00-SAT-1"
"837","81.48775","SPLOT-3CNF-FM-500-50-1.00-SAT-1"
"838","72.913551","SPLOT-3CNF-FM-500-50-1.00-SAT-1"
"839","33.137407","SPLOT-3CNF-FM-500-50-1.00-SAT-1"
"840","82.01191","SPLOT-3CNF-FM-500-50-1.00-SAT-1"
"841","89.892949","SPLOT-3CNF-FM-500-50-1.00-SAT-1"
"842","76.189911","SPLOT-3CNF-FM-500-50-1.00-SAT-1"
"843","73.847326","SPLOT-3CNF-FM-500-50-1.00-SAT-1"
"844","85.956555","SPLOT-3CNF-FM-500-50-1.00-SAT-1"
"845","34.258873","SPLOT-3CNF-FM-500-50-1.00-SAT-1"
"846","145.957519","SPLOT-3CNF-FM-500-50-1.00-SAT-1"
"847","102.333102","SPLOT-3CNF-FM-500-50-1.00-SAT-1"
"848","55.852534","SPLOT-3CNF-FM-500-50-1.00-SAT-1"
"849","110.838622","SPLOT-3CNF-FM-500-50-1.00-SAT-1"
"850","26.779308","SPLOT-3CNF-FM-500-50-1.00-SAT-1"
"851","122.378265","SPLOT-3CNF-FM-500-50-1.00-SAT-1"
"852","107.624552","SPLOT-3CNF-FM-500-50-1.00-SAT-1"
"853","93.830662","SPLOT-3CNF-FM-500-50-1.00-SAT-1"
"854","83.238212","SPLOT-3CNF-FM-500-50-1.00-SAT-1"
"855","76.926967","SPLOT-3CNF-FM-500-50-1.00-SAT-1"
"856","65.718343","SPLOT-3CNF-FM-500-50-1.00-SAT-1"
"857","106.819147","SPLOT-3CNF-FM-500-50-1.00-SAT-1"
"858","72.24428","SPLOT-3CNF-FM-500-50-1.00-SAT-1"
"859","121.175048","SPLOT-3CNF-FM-500-50-1.00-SAT-1"
"860","21.670737","SPLOT-3CNF-FM-500-50-1.00-SAT-1"
"861","89.01807","SPLOT-3CNF-FM-500-50-1.00-SAT-1"
"862","45.030471","SPLOT-3CNF-FM-500-50-1.00-SAT-1"
"863","49.037207","SPLOT-3CNF-FM-500-50-1.00-SAT-1"
"864","74.592007","SPLOT-3CNF-FM-500-50-1.00-SAT-1"
"865","93.079378","SPLOT-3CNF-FM-500-50-1.00-SAT-1"
"866","133.77923","SPLOT-3CNF-FM-500-50-1.00-SAT-1"
"867","102.996938","SPLOT-3CNF-FM-500-50-1.00-SAT-1"
"868","85.55249","SPLOT-3CNF-FM-500-50-1.00-SAT-1"
"869","127.026388","SPLOT-3CNF-FM-500-50-1.00-SAT-1"
"870","19.873219","SPLOT-3CNF-FM-500-50-1.00-SAT-1"
"871","118.47602","SPLOT-3CNF-FM-500-50-1.00-SAT-1"
"872","133.94415","SPLOT-3CNF-FM-500-50-1.00-SAT-1"
"873","77.934259","SPLOT-3CNF-FM-500-50-1.00-SAT-1"
"874","103.077007","SPLOT-3CNF-FM-500-50-1.00-SAT-1"
"875","78.20153","SPLOT-3CNF-FM-500-50-1.00-SAT-1"
"876","59.062922","SPLOT-3CNF-FM-500-50-1.00-SAT-1"
"877","57.711565","SPLOT-3CNF-FM-500-50-1.00-SAT-1"
"878","85.894551","SPLOT-3CNF-FM-500-50-1.00-SAT-1"
"879","131.962653","SPLOT-3CNF-FM-500-50-1.00-SAT-1"
"880","70.794622","SPLOT-3CNF-FM-500-50-1.00-SAT-1"
"881","116.065806","SPLOT-3CNF-FM-500-50-1.00-SAT-1"
"882","122.780297","SPLOT-3CNF-FM-500-50-1.00-SAT-1"
"883","132.497732","SPLOT-3CNF-FM-500-50-1.00-SAT-1"
"884","135.406986","SPLOT-3CNF-FM-500-50-1.00-SAT-1"
"885","139.665843","SPLOT-3CNF-FM-500-50-1.00-SAT-1"
"886","131.280375","SPLOT-3CNF-FM-500-50-1.00-SAT-1"
"887","92.988312","SPLOT-3CNF-FM-500-50-1.00-SAT-1"
"888","71.120925","SPLOT-3CNF-FM-500-50-1.00-SAT-1"
"889","66.923241","SPLOT-3CNF-FM-500-50-1.00-SAT-1"
"890","139.137525","SPLOT-3CNF-FM-500-50-1.00-SAT-1"
"891","67.247437","SPLOT-3CNF-FM-500-50-1.00-SAT-1"
"892","28.692415","SPLOT-3CNF-FM-500-50-1.00-SAT-1"
"893","111.979415","SPLOT-3CNF-FM-500-50-1.00-SAT-1"
"894","75.832245","SPLOT-3CNF-FM-500-50-1.00-SAT-1"
"895","109.322083","SPLOT-3CNF-FM-500-50-1.00-SAT-1"
"896","135.551378","SPLOT-3CNF-FM-500-50-1.00-SAT-1"
"897","53.792371","SPLOT-3CNF-FM-500-50-1.00-SAT-1"
"898","63.101293","SPLOT-3CNF-FM-500-50-1.00-SAT-1"
"899","138.242128","SPLOT-3CNF-FM-500-50-1.00-SAT-1"
"900","90.439328","SPLOT-3CNF-FM-500-50-1.00-SAT-1"
